elapsed_time_s,speed_mps
0.004,0.0000
0.009,0.0000
0.014,0.0000
0.019,0.0000
0.024,0.0000
0.029,0.0000
0.034,0.0000
0.039,0.0000
0.044,0.0000
0.049,0.0001
0.054,0.0002
0.060,0.0004
0.064,0.0007
0.070,0.0010
0.075,0.0014
0.079,0.0018
0.084,0.0024
0.089,0.0030
0.094,0.0036
0.099,0.0044
0.104,0.0052
0.109,0.0062
0.114,0.0072
0.119,0.0083
0.124,0.0095
0.129,0.0108
0.134,0.0122
0.139,0.0138
0.144,0.0154
0.149,0.0172
0.154,0.0190
0.159,0.0210
0.164,0.0231
0.169,0.0254
0.174,0.0277
0.179,0.0303
0.184,0.0329
0.189,0.0356
0.194,0.0385
0.199,0.0415
0.204,0.0447
0.209,0.0480
0.214,0.0514
0.219,0.0550
0.224,0.0587
0.229,0.0626
0.234,0.0665
0.239,0.0707
0.244,0.0750
0.249,0.0795
0.254,0.0840
0.259,0.0888
0.264,0.0936
0.269,0.0987
0.274,0.1039
0.279,0.1093
0.284,0.1147
0.289,0.1204
0.294,0.1261
0.299,0.1321
0.304,0.1382
0.309,0.1444
0.314,0.1508
0.319,0.1574
0.324,0.1641
0.329,0.1710
0.334,0.1780
0.340,0.1852
0.344,0.1924
0.349,0.1999
0.354,0.2075
0.359,0.2153
0.364,0.2232
0.369,0.2313
0.374,0.2395
0.379,0.2479
0.384,0.2562
0.389,0.2649
0.394,0.2736
0.399,0.2827
0.404,0.2917
0.409,0.3008
0.415,0.3102
0.419,0.3197
0.424,0.3292
0.430,0.3391
0.434,0.3489
0.439,0.3590
0.444,0.3691
0.449,0.3795
0.454,0.3897
0.459,0.4003
0.464,0.4109
0.469,0.4218
0.474,0.4326
0.479,0.4437
0.485,0.4548
0.489,0.4661
0.494,0.4774
0.499,0.4889
0.504,0.5005
0.509,0.5122
0.514,0.5240
0.519,0.5360
0.524,0.5479
0.529,0.5601
0.534,0.5723
0.539,0.5846
0.544,0.5971
0.549,0.6097
0.554,0.6222
0.559,0.6349
0.564,0.6478
0.569,0.6606
0.574,0.6736
0.579,0.6867
0.584,0.6998
0.589,0.7130
0.594,0.7263
0.599,0.7397
0.604,0.7530
0.609,0.7665
0.614,0.7801
0.619,0.7937
0.624,0.8074
0.629,0.8212
0.634,0.8349
0.639,0.8488
0.644,0.8626
0.649,0.8766
0.654,0.8907
0.659,0.9046
0.664,0.9187
0.669,0.9327
0.674,0.9470
0.679,0.9613
0.684,0.9753
0.689,0.9897
0.695,1.0041
0.699,1.0182
0.704,1.0325
0.709,1.0469
0.714,1.0613
0.719,1.0757
0.724,1.0900
0.729,1.1045
0.734,1.1188
0.739,1.1333
0.744,1.1477
0.749,1.1621
0.754,1.1764
0.759,1.1909
0.764,1.2052
0.769,1.2197
0.774,1.2339
0.779,1.2482
0.785,1.2627
0.790,1.2770
0.794,1.2911
0.799,1.3055
0.804,1.3196
0.809,1.3338
0.814,1.3479
0.819,1.3620
0.824,1.3763
0.829,1.3903
0.834,1.4042
0.839,1.4182
0.844,1.4322
0.849,1.4461
0.854,1.4599
0.859,1.4737
0.864,1.4875
0.869,1.5012
0.874,1.5149
0.879,1.5284
0.884,1.5420
0.889,1.5555
0.894,1.5689
0.899,1.5822
0.904,1.5954
0.909,1.6087
0.914,1.6219
0.919,1.6350
0.924,1.6480
0.929,1.6609
0.934,1.6738
0.939,1.6866
0.944,1.6993
0.949,1.7120
0.954,1.7245
0.960,1.7370
0.964,1.7495
0.969,1.7618
0.974,1.7740
0.979,1.7863
0.984,1.7985
0.989,1.8105
0.994,1.8224
0.999,1.8342
1.004,1.8459
1.009,1.8576
1.014,1.8692
1.019,1.8807
1.024,1.8922
1.029,1.9036
1.034,1.9148
1.039,1.9260
1.044,1.9369
1.049,1.9479
1.054,1.9587
1.059,1.9695
1.064,1.9802
1.069,1.9908
1.074,2.0013
1.079,2.0117
1.084,2.0220
1.089,2.0323
1.094,2.0424
1.099,2.0524
1.104,2.0623
1.109,2.0721
1.114,2.0818
1.119,2.0915
1.124,2.1012
1.129,2.1106
1.134,2.1199
1.140,2.1293
1.144,2.1385
1.149,2.1475
1.154,2.1565
1.159,2.1654
1.164,2.1742
1.169,2.1830
1.174,2.1916
1.179,2.2002
1.184,2.2086
1.189,2.2170
1.194,2.2253
1.199,2.2336
1.204,2.2416
1.209,2.2497
1.214,2.2576
1.219,2.2654
1.224,2.2732
1.229,2.2809
1.234,2.2885
1.239,2.2960
1.244,2.3034
1.249,2.3109
1.254,2.3181
1.259,2.3253
1.264,2.3324
1.269,2.3395
1.274,2.3464
1.279,2.3533
1.284,2.3601
1.289,2.3670
1.294,2.3736
1.299,2.3802
1.304,2.3867
1.309,2.3932
1.314,2.3996
1.319,2.4060
1.324,2.4122
1.329,2.4185
1.334,2.4246
1.339,2.4308
1.344,2.4368
1.349,2.4428
1.354,2.4487
1.359,2.4545
1.364,2.4603
1.369,2.4661
1.374,2.4718
1.379,2.4775
1.384,2.4831
1.389,2.4887
1.394,2.4942
1.399,2.4997
1.404,2.5052
1.409,2.5106
1.414,2.5159
1.419,2.5213
1.424,2.5266
1.429,2.5319
1.434,2.5370
1.440,2.5423
1.444,2.5475
1.449,2.5525
1.454,2.5576
1.459,2.5626
1.464,2.5675
1.469,2.5724
1.474,2.5772
1.479,2.5820
1.484,2.5866
1.489,2.5913
1.494,2.5958
1.499,2.6003
1.504,2.6047
1.509,2.6090
1.514,2.6132
1.519,2.6174
1.524,2.6214
1.529,2.6254
1.534,2.6293
1.539,2.6331
1.544,2.6367
1.549,2.6403
1.554,2.6438
1.559,2.6471
1.564,2.6504
1.569,2.6535
1.574,2.6565
1.579,2.6594
1.584,2.6621
1.589,2.6647
1.594,2.6672
1.599,2.6695
1.605,2.6717
1.609,2.6738
1.614,2.6757
1.619,2.6774
1.624,2.6790
1.629,2.6805
1.634,2.6818
1.639,2.6829
1.644,2.6839
1.649,2.6846
1.654,2.6853
1.659,2.6857
1.664,2.6860
1.669,2.6861
1.674,2.6860
1.679,2.6858
1.684,2.6853
1.689,2.6847
1.694,2.6839
1.699,2.6828
1.704,2.6817
1.709,2.6802
1.714,2.6787
1.719,2.6769
1.724,2.6749
1.730,2.6727
1.734,2.6703
1.739,2.6677
1.744,2.6649
1.749,2.6619
1.754,2.6587
1.759,2.6553
1.764,2.6517
1.769,2.6478
1.774,2.6438
1.779,2.6395
1.784,2.6351
1.789,2.6304
1.794,2.6255
1.799,2.6204
1.804,2.6151
1.809,2.6096
1.814,2.6039
1.819,2.5980
1.824,2.5918
1.829,2.5854
1.834,2.5789
1.839,2.5720
1.844,2.5650
1.849,2.5578
1.854,2.5504
1.859,2.5428
1.864,2.5351
1.869,2.5270
1.874,2.5188
1.879,2.5103
1.884,2.5017
1.889,2.4928
1.894,2.4837
1.899,2.4744
1.905,2.4650
1.909,2.4554
1.914,2.4456
1.919,2.4355
1.924,2.4253
1.929,2.4149
1.934,2.4043
1.939,2.3935
1.944,2.3826
1.949,2.3714
1.954,2.3601
1.959,2.3486
1.964,2.3370
1.969,2.3251
1.974,2.3130
1.979,2.3008
1.984,2.2885
1.989,2.2761
1.994,2.2634
1.999,2.2506
2.004,2.2376
2.009,2.2245
2.014,2.2113
2.019,2.1978
2.024,2.1843
2.029,2.1706
2.034,2.1568
2.039,2.1428
2.044,2.1288
2.049,2.1146
2.054,2.1002
2.059,2.0857
2.064,2.0712
2.069,2.0566
2.074,2.0418
2.079,2.0270
2.084,2.0120
2.089,1.9971
2.094,1.9819
2.099,1.9667
2.104,1.9515
2.109,1.9362
2.114,1.9208
2.119,1.9053
2.124,1.8898
2.129,1.8741
2.134,1.8584
2.139,1.8428
2.144,1.8272
2.149,1.8114
2.154,1.7957
2.159,1.7799
2.164,1.7642
2.169,1.7484
2.174,1.7326
2.179,1.7169
2.184,1.7012
2.189,1.6854
2.194,1.6696
2.199,1.6540
2.204,1.6384
2.209,1.6228
2.214,1.6073
2.219,1.5918
2.224,1.5765
2.229,1.5612
2.234,1.5460
2.239,1.5309
2.244,1.5159
2.249,1.5009
2.254,1.4862
2.259,1.4715
2.264,1.4570
2.269,1.4426
2.274,1.4284
2.280,1.4142
2.285,1.4004
2.289,1.3867
2.294,1.3733
2.299,1.3600
2.304,1.3470
2.309,1.3340
2.315,1.3214
2.319,1.3089
2.324,1.2968
2.329,1.2849
2.334,1.2733
2.339,1.2620
2.344,1.2510
2.349,1.2402
2.354,1.2298
2.359,1.2196
2.364,1.2099
2.369,1.2004
2.374,1.1912
2.380,1.1825
2.384,1.1741
2.390,1.1659
2.394,1.1584
2.399,1.1511
2.404,1.1442
2.409,1.1377
2.414,1.1316
2.419,1.1258
2.424,1.1206
2.429,1.1156
2.434,1.1112
2.439,1.1071
2.444,1.1035
2.449,1.1003
2.454,1.0975
2.459,1.0951
2.464,1.0931
2.469,1.0916
2.474,1.0905
2.479,1.0897
2.485,1.0894
2.489,1.0895
2.494,1.0900
2.499,1.0908
2.504,1.0921
2.509,1.0937
2.514,1.0957
2.519,1.0980
2.524,1.1008
2.529,1.1038
2.534,1.1072
2.540,1.1110
2.544,1.1150
2.549,1.1193
2.554,1.1239
2.559,1.1288
2.564,1.1340
2.569,1.1394
2.574,1.1451
2.579,1.1510
2.585,1.1573
2.589,1.1636
2.594,1.1702
2.599,1.1769
2.604,1.1839
2.610,1.1911
2.614,1.1984
2.619,1.2058
2.624,1.2134
2.629,1.2212
2.634,1.2291
2.639,1.2370
2.645,1.2452
2.649,1.2532
2.654,1.2614
2.660,1.2698
2.664,1.2781
2.669,1.2865
2.674,1.2951
2.679,1.3036
2.684,1.3121
2.689,1.3208
2.695,1.3294
2.700,1.3378
2.705,1.3464
2.709,1.3550
2.714,1.3635
2.719,1.3720
2.724,1.3806
2.729,1.3891
2.734,1.3975
2.739,1.4059
2.744,1.4142
2.749,1.4225
2.754,1.4307
2.759,1.4388
2.764,1.4468
2.769,1.4547
2.774,1.4626
2.779,1.4705
2.784,1.4781
2.789,1.4857
2.794,1.4932
2.800,1.5006
2.804,1.5079
2.809,1.5150
2.815,1.5221
2.819,1.5291
2.824,1.5359
2.829,1.5425
2.834,1.5491
2.839,1.5556
2.844,1.5620
2.849,1.5682
2.855,1.5743
2.859,1.5802
2.864,1.5861
2.869,1.5918
2.874,1.5973
2.879,1.6028
2.884,1.6081
2.889,1.6132
2.894,1.6182
2.899,1.6232
2.904,1.6279
2.910,1.6325
2.914,1.6370
2.919,1.6413
2.924,1.6455
2.929,1.6496
2.934,1.6535
2.939,1.6573
2.944,1.6610
2.949,1.6645
2.954,1.6678
2.959,1.6711
2.964,1.6742
2.969,1.6771
2.974,1.6800
2.980,1.6827
2.984,1.6852
2.989,1.6877
2.994,1.6899
2.999,1.6921
3.004,1.6941
3.009,1.6961
3.014,1.6978
3.019,1.6995
3.024,1.7010
3.029,1.7024
3.034,1.7036
3.039,1.7048
3.044,1.7058
3.049,1.7067
3.054,1.7074
3.060,1.7081
3.064,1.7086
3.069,1.7091
3.074,1.7094
3.079,1.7096
3.084,1.7096
3.089,1.7096
3.094,1.7095
3.099,1.7093
3.104,1.7089
3.109,1.7085
3.114,1.7079
3.119,1.7073
3.125,1.7065
3.129,1.7057
3.134,1.7047
3.139,1.7037
3.144,1.7025
3.149,1.7013
3.154,1.7000
3.159,1.6986
3.164,1.6971
3.169,1.6956
3.174,1.6939
3.179,1.6922
3.184,1.6904
3.190,1.6886
3.194,1.6866
3.199,1.6846
3.204,1.6825
3.209,1.6804
3.214,1.6782
3.219,1.6760
3.224,1.6736
3.229,1.6712
3.234,1.6688
3.239,1.6663
3.244,1.6638
3.249,1.6612
3.254,1.6585
3.259,1.6558
3.264,1.6531
3.269,1.6503
3.274,1.6475
3.279,1.6447
3.284,1.6418
3.289,1.6389
3.294,1.6360
3.299,1.6330
3.304,1.6300
3.309,1.6270
3.314,1.6239
3.320,1.6209
3.324,1.6178
3.329,1.6147
3.334,1.6116
3.339,1.6085
3.344,1.6053
3.349,1.6022
3.354,1.5991
3.359,1.5959
3.364,1.5928
3.369,1.5896
3.374,1.5864
3.379,1.5833
3.384,1.5802
3.389,1.5770
3.394,1.5739
3.400,1.5708
3.404,1.5677
3.409,1.5646
3.414,1.5615
3.419,1.5585
3.424,1.5555
3.429,1.5524
3.434,1.5494
3.439,1.5464
3.444,1.5435
3.449,1.5406
3.454,1.5377
3.459,1.5348
3.464,1.5320
3.469,1.5291
3.474,1.5264
3.479,1.5236
3.484,1.5209
3.489,1.5182
3.494,1.5156
3.499,1.5129
3.504,1.5104
3.509,1.5078
3.514,1.5053
3.519,1.5028
3.524,1.5004
3.529,1.4980
3.534,1.4957
3.539,1.4933
3.544,1.4911
3.549,1.4888
3.554,1.4867
3.559,1.4845
3.564,1.4824
3.570,1.4803
3.574,1.4783
3.579,1.4763
3.584,1.4744
3.589,1.4725
3.594,1.4707
3.599,1.4688
3.604,1.4671
3.609,1.4653
3.614,1.4637
3.619,1.4620
3.624,1.4604
3.629,1.4588
3.634,1.4574
3.639,1.4559
3.644,1.4545
3.649,1.4530
3.654,1.4517
3.659,1.4504
3.664,1.4492
3.669,1.4479
3.674,1.4467
3.679,1.4455
3.684,1.4445
3.689,1.4433
3.694,1.4423
3.699,1.4412
3.704,1.4403
3.709,1.4393
3.714,1.4385
3.719,1.4375
3.724,1.4368
3.730,1.4359
3.734,1.4352
3.740,1.4343
3.744,1.4337
3.749,1.4329
3.754,1.4323
3.759,1.4316
3.765,1.4311
3.769,1.4304
3.774,1.4299
3.779,1.4293
3.784,1.4288
3.789,1.4282
3.794,1.4278
3.799,1.4273
3.804,1.4269
3.809,1.4264
3.815,1.4260
3.819,1.4256
3.824,1.4252
3.829,1.4248
3.834,1.4245
3.839,1.4241
3.844,1.4238
3.849,1.4234
3.854,1.4231
3.859,1.4227
3.864,1.4225
3.870,1.4221
3.874,1.4219
3.879,1.4215
3.884,1.4213
3.889,1.4209
3.894,1.4207
3.899,1.4203
3.904,1.4201
3.909,1.4197
3.914,1.4194
3.919,1.4191
3.924,1.4188
3.929,1.4184
3.934,1.4181
3.939,1.4177
3.944,1.4174
3.949,1.4170
3.954,1.4167
3.959,1.4163
3.964,1.4159
3.969,1.4155
3.975,1.4151
3.979,1.4146
3.984,1.4142
3.989,1.4137
3.995,1.4132
3.999,1.4127
4.004,1.4122
4.009,1.4116
4.014,1.4111
4.019,1.4104
4.024,1.4099
4.029,1.4092
4.034,1.4086
4.039,1.4078
4.044,1.4072
4.049,1.4064
4.054,1.4057
4.059,1.4049
4.064,1.4041
4.069,1.4032
4.074,1.4024
4.079,1.4015
4.084,1.4006
4.089,1.3996
4.095,1.3987
4.099,1.3976
4.104,1.3965
4.109,1.3953
4.114,1.3941
4.119,1.3928
4.124,1.3915
4.129,1.3901
4.134,1.3887
4.139,1.3871
4.144,1.3855
4.149,1.3838
4.154,1.3821
4.159,1.3802
4.164,1.3783
4.169,1.3763
4.174,1.3743
4.179,1.3720
4.184,1.3698
4.189,1.3674
4.194,1.3650
4.199,1.3625
4.204,1.3599
4.209,1.3571
4.214,1.3543
4.219,1.3513
4.224,1.3483
4.229,1.3451
4.234,1.3419
4.239,1.3385
4.244,1.3351
4.249,1.3315
4.254,1.3279
4.259,1.3240
4.264,1.3202
4.269,1.3161
4.274,1.3120
4.279,1.3078
4.284,1.3035
4.289,1.2989
4.294,1.2944
4.299,1.2897
4.304,1.2849
4.309,1.2799
4.314,1.2749
4.319,1.2697
4.324,1.2645
4.329,1.2590
4.334,1.2535
4.339,1.2479
4.344,1.2422
4.349,1.2362
4.354,1.2303
4.359,1.2241
4.364,1.2180
4.369,1.2116
4.374,1.2051
4.379,1.1985
4.384,1.1919
4.389,1.1851
4.394,1.1782
4.399,1.1711
4.404,1.1640
4.409,1.1567
4.414,1.1494
4.419,1.1418
4.424,1.1343
4.429,1.1266
4.434,1.1189
4.439,1.1109
4.444,1.1030
4.449,1.0949
4.454,1.0867
4.459,1.0783
4.464,1.0700
4.470,1.0614
4.474,1.0529
4.479,1.0443
4.484,1.0355
4.489,1.0267
4.494,1.0178
4.499,1.0088
4.504,0.9997
4.509,0.9905
4.514,0.9813
4.519,0.9720
4.524,0.9626
4.529,0.9531
4.534,0.9436
4.539,0.9340
4.544,0.9245
4.549,0.9148
4.554,0.9051
4.559,0.8953
4.564,0.8855
4.569,0.8757
4.574,0.8658
4.579,0.8559
4.584,0.8459
4.589,0.8360
4.594,0.8261
4.599,0.8161
4.604,0.8062
4.609,0.7961
4.614,0.7861
4.619,0.7762
4.625,0.7662
4.629,0.7563
4.634,0.7464
4.639,0.7365
4.644,0.7267
4.649,0.7169
4.654,0.7072
4.659,0.6976
4.664,0.6880
4.669,0.6785
4.674,0.6691
4.679,0.6598
4.684,0.6506
4.689,0.6415
4.694,0.6325
4.699,0.6237
4.704,0.6150
4.709,0.6065
4.714,0.5981
4.719,0.5900
4.724,0.5819
4.729,0.5743
4.734,0.5667
4.739,0.5594
4.744,0.5522
4.749,0.5454
4.754,0.5388
4.759,0.5325
4.764,0.5265
4.769,0.5208
4.774,0.5154
4.779,0.5104
4.784,0.5056
4.789,0.5013
4.795,0.4973
4.799,0.4938
4.804,0.4905
4.809,0.4877
4.814,0.4852
4.819,0.4831
4.824,0.4814
4.829,0.4801
4.834,0.4790
4.839,0.4785
4.844,0.4782
4.849,0.4783
4.854,0.4786
4.859,0.4793
4.864,0.4803
4.869,0.4816
4.874,0.4832
4.880,0.4850
4.885,0.4870
4.889,0.4893
4.894,0.4917
4.899,0.4944
4.904,0.4972
4.909,0.5001
4.914,0.5032
4.919,0.5064
4.924,0.5096
4.929,0.5130
4.934,0.5164
4.939,0.5199
4.944,0.5234
4.950,0.5269
4.955,0.5305
4.959,0.5339
4.964,0.5374
4.969,0.5409
4.974,0.5443
4.979,0.5476
4.984,0.5509
4.990,0.5541
4.994,0.5572
4.999,0.5602
5.004,0.5632
5.009,0.5660
5.014,0.5687
5.019,0.5712
5.024,0.5736
5.030,0.5759
5.034,0.5781
5.039,0.5800
5.044,0.5819
5.049,0.5835
5.054,0.5851
5.059,0.5864
5.064,0.5876
5.069,0.5885
5.074,0.5894
5.079,0.5900
5.084,0.5904
5.089,0.5907
5.094,0.5908
5.099,0.5906
5.104,0.5904
5.109,0.5898
5.114,0.5892
5.119,0.5883
5.124,0.5872
5.129,0.5859
5.135,0.5845
5.139,0.5828
5.144,0.5810
5.149,0.5790
5.154,0.5768
5.159,0.5743
5.164,0.5718
5.170,0.5690
5.174,0.5661
5.179,0.5629
5.184,0.5597
5.189,0.5562
5.194,0.5526
5.199,0.5488
5.204,0.5448
5.209,0.5407
5.214,0.5365
5.219,0.5320
5.224,0.5275
5.229,0.5228
5.234,0.5180
5.239,0.5130
5.244,0.5081
5.249,0.5029
5.254,0.4977
5.259,0.4923
5.264,0.4870
5.269,0.4814
5.274,0.4759
5.279,0.4703
5.284,0.4647
5.289,0.4590
5.294,0.4534
5.299,0.4477
5.304,0.4421
5.309,0.4364
5.314,0.4309
5.320,0.4253
5.324,0.4199
5.329,0.4146
5.334,0.4094
5.340,0.4043
5.344,0.3995
5.349,0.3948
5.354,0.3903
5.359,0.3861
5.364,0.3821
5.369,0.3784
5.374,0.3751
5.379,0.3720
5.384,0.3694
5.389,0.3671
5.394,0.3653
5.400,0.3639
5.404,0.3630
5.409,0.3625
5.414,0.3626
5.419,0.3631
5.424,0.3643
5.429,0.3659
5.434,0.3681
5.439,0.3709
5.445,0.3742
5.449,0.3781
5.454,0.3826
5.460,0.3876
5.465,0.3932
5.469,0.3992
5.474,0.4058
5.480,0.4129
5.484,0.4205
5.489,0.4286
5.495,0.4371
5.500,0.4461
5.504,0.4554
5.509,0.4653
5.514,0.4755
5.519,0.4860
5.524,0.4969
5.529,0.5082
5.534,0.5198
5.539,0.5318
5.544,0.5438
5.549,0.5564
5.554,0.5690
5.559,0.5820
5.564,0.5952
5.569,0.6087
5.574,0.6224
5.579,0.6363
5.584,0.6502
5.589,0.6645
5.594,0.6789
5.599,0.6936
5.604,0.7082
5.609,0.7233
5.615,0.7383
5.619,0.7535
5.624,0.7689
5.629,0.7842
5.635,0.8000
5.639,0.8155
5.644,0.8313
5.649,0.8473
5.654,0.8631
5.659,0.8793
5.664,0.8954
5.669,0.9117
5.674,0.9280
5.679,0.9443
5.684,0.9609
5.689,0.9775
5.694,0.9941
5.699,1.0106
5.704,1.0273
5.709,1.0441
5.714,1.0609
5.719,1.0777
5.724,1.0946
5.729,1.1115
5.734,1.1287
5.739,1.1456
5.744,1.1626
5.749,1.1798
5.754,1.1968
5.759,1.2139
5.764,1.2309
5.769,1.2481
5.774,1.2651
5.779,1.2824
5.784,1.2996
5.789,1.3168
5.794,1.3340
5.799,1.3513
5.804,1.3683
5.809,1.3856
5.814,1.4028
5.819,1.4200
5.824,1.4372
5.829,1.4544
5.834,1.4715
5.839,1.4887
5.844,1.5059
5.849,1.5232
5.854,1.5403
5.859,1.5575
5.864,1.5745
5.869,1.5917
5.874,1.6089
5.879,1.6259
5.884,1.6428
5.889,1.6599
5.894,1.6768
5.899,1.6939
5.904,1.7109
5.909,1.7279
5.914,1.7446
5.919,1.7615
5.924,1.7783
5.929,1.7951
5.934,1.8120
5.939,1.8287
5.944,1.8453
5.949,1.8621
5.954,1.8787
5.959,1.8954
5.964,1.9119
5.969,1.9283
5.974,1.9448
5.979,1.9612
5.984,1.9776
5.989,1.9940
5.994,2.0103
5.999,2.0266
6.004,2.0429
6.009,2.0590
6.014,2.0751
6.019,2.0912
6.024,2.1072
6.029,2.1234
6.034,2.1392
6.039,2.1549
6.044,2.1708
6.049,2.1866
6.054,2.2023
6.059,2.2180
6.065,2.2337
6.069,2.2493
6.074,2.2647
6.079,2.2802
6.084,2.2956
6.089,2.3110
6.094,2.3262
6.099,2.3415
6.104,2.3565
6.109,2.3717
6.114,2.3867
6.119,2.4017
6.124,2.4165
6.129,2.4315
6.134,2.4461
6.139,2.4611
6.144,2.4755
6.149,2.4900
6.154,2.5045
6.159,2.5190
6.164,2.5332
6.170,2.5476
6.174,2.5617
6.179,2.5761
6.184,2.5899
6.189,2.6040
6.194,2.6178
6.199,2.6317
6.204,2.6455
6.209,2.6592
6.214,2.6728
6.219,2.6864
6.224,2.6998
6.229,2.7132
6.234,2.7265
6.239,2.7399
6.244,2.7530
6.250,2.7664
6.254,2.7792
6.259,2.7920
6.264,2.8048
6.269,2.8176
6.274,2.8304
6.279,2.8430
6.284,2.8556
6.289,2.8680
6.294,2.8804
6.299,2.8929
6.304,2.9050
6.309,2.9172
6.314,2.9291
6.319,2.9413
6.324,2.9531
6.329,2.9650
6.334,2.9767
6.339,2.9885
6.344,3.0000
6.349,3.0116
6.354,3.0229
6.359,3.0344
6.364,3.0455
6.369,3.0568
6.374,3.0679
6.379,3.0790
6.384,3.0899
6.389,3.1008
6.394,3.1116
6.400,3.1223
6.404,3.1330
6.409,3.1436
6.414,3.1540
6.419,3.1644
6.424,3.1747
6.429,3.1851
6.434,3.1952
6.439,3.2053
6.444,3.2153
6.449,3.2253
6.454,3.2351
6.460,3.2451
6.465,3.2547
6.469,3.2643
6.474,3.2738
6.479,3.2834
6.484,3.2928
6.489,3.3021
6.494,3.3113
6.499,3.3206
6.504,3.3296
6.509,3.3388
6.514,3.3476
6.519,3.3566
6.524,3.3653
6.529,3.3741
6.534,3.3827
6.539,3.3914
6.544,3.3999
6.549,3.4083
6.554,3.4166
6.559,3.4250
6.564,3.4331
6.569,3.4414
6.574,3.4494
6.579,3.4575
6.584,3.4653
6.589,3.4732
6.594,3.4810
6.599,3.4888
6.604,3.4964
6.609,3.5040
6.614,3.5115
6.619,3.5190
6.624,3.5263
6.629,3.5337
6.634,3.5410
6.639,3.5482
6.644,3.5552
6.649,3.5624
6.654,3.5693
6.659,3.5762
6.664,3.5831
6.670,3.5899
6.674,3.5966
6.679,3.6033
6.684,3.6098
6.689,3.6164
6.694,3.6228
6.699,3.6293
6.704,3.6356
6.710,3.6419
6.714,3.6481
6.719,3.6542
6.724,3.6603
6.730,3.6664
6.734,3.6723
6.740,3.6783
6.745,3.6841
6.749,3.6898
6.754,3.6955
6.759,3.7012
6.764,3.7067
6.769,3.7123
6.774,3.7177
6.779,3.7231
6.784,3.7283
6.789,3.7336
6.794,3.7387
6.799,3.7439
6.804,3.7489
6.809,3.7539
6.815,3.7587
6.819,3.7636
6.824,3.7683
6.830,3.7731
6.835,3.7777
6.840,3.7823
6.844,3.7868
6.849,3.7912
6.854,3.7955
6.859,3.7999
6.864,3.8041
6.870,3.8084
6.874,3.8124
6.879,3.8165
6.884,3.8205
6.889,3.8245
6.895,3.8283
6.899,3.8322
6.904,3.8359
6.909,3.8396
6.914,3.8432
6.919,3.8468
6.924,3.8503
6.929,3.8538
6.934,3.8572
6.939,3.8606
6.944,3.8639
6.950,3.8672
6.954,3.8703
6.959,3.8735
6.964,3.8765
6.969,3.8795
6.974,3.8825
6.979,3.8854
6.984,3.8882
6.989,3.8911
6.994,3.8938
6.999,3.8965
7.004,3.8992
7.009,3.9018
7.014,3.9043
7.019,3.9069
7.024,3.9093
7.029,3.9118
7.034,3.9141
7.039,3.9164
7.044,3.9187
7.049,3.9210
7.054,3.9231
7.059,3.9253
7.065,3.9274
7.069,3.9295
7.074,3.9315
7.079,3.9335
7.084,3.9354
7.089,3.9374
7.094,3.9392
7.099,3.9411
7.104,3.9428
7.109,3.9446
7.114,3.9463
7.120,3.9481
7.124,3.9497
7.129,3.9514
7.134,3.9529
7.139,3.9545
7.144,3.9560
7.149,3.9576
7.154,3.9590
7.160,3.9604
7.164,3.9618
7.169,3.9632
7.174,3.9645
7.179,3.9659
7.184,3.9671
7.189,3.9684
7.194,3.9696
7.199,3.9708
7.204,3.9719
7.209,3.9731
7.214,3.9742
7.219,3.9753
7.224,3.9764
7.229,3.9774
7.234,3.9784
7.239,3.9795
7.244,3.9804
7.249,3.9814
7.254,3.9823
7.259,3.9832
7.264,3.9841
7.269,3.9850
7.274,3.9858
7.279,3.9866
7.284,3.9874
7.289,3.9882
7.294,3.9889
7.299,3.9897
7.304,3.9904
7.309,3.9911
7.315,3.9918
7.319,3.9925
7.324,3.9931
7.329,3.9938
7.334,3.9943
7.339,3.9950
7.344,3.9955
7.349,3.9961
7.354,3.9966
7.359,3.9972
7.364,3.9976
7.369,3.9981
7.374,3.9986
7.379,3.9989
7.384,3.9991
7.389,3.9993
7.394,3.9992
7.399,3.9991
7.404,3.9989
7.409,3.9986
7.415,3.9981
7.419,3.9975
7.424,3.9968
7.429,3.9961
7.434,3.9953
7.439,3.9943
7.444,3.9933
7.449,3.9922
7.454,3.9909
7.460,3.9895
7.464,3.9880
7.469,3.9865
7.474,3.9848
7.479,3.9830
7.484,3.9811
7.489,3.9791
7.494,3.9769
7.499,3.9747
7.504,3.9723
7.509,3.9699
7.514,3.9673
7.519,3.9646
7.524,3.9618
7.529,3.9589
7.535,3.9558
7.539,3.9527
7.544,3.9494
7.549,3.9460
7.554,3.9425
7.559,3.9389
7.564,3.9351
7.569,3.9313
7.574,3.9273
7.579,3.9232
7.584,3.9190
7.589,3.9146
7.594,3.9101
7.599,3.9055
7.604,3.9008
7.609,3.8960
7.614,3.8910
7.619,3.8859
7.624,3.8808
7.629,3.8755
7.634,3.8700
7.639,3.8645
7.644,3.8587
7.649,3.8529
7.654,3.8470
7.659,3.8409
7.664,3.8347
7.669,3.8284
7.674,3.8219
7.679,3.8153
7.684,3.8086
7.689,3.8018
7.694,3.7949
7.699,3.7878
7.704,3.7807
7.709,3.7733
7.714,3.7659
7.719,3.7583
7.724,3.7506
7.729,3.7427
7.734,3.7348
7.739,3.7267
7.744,3.7185
7.749,3.7102
7.754,3.7018
7.759,3.6932
7.764,3.6845
7.769,3.6757
7.774,3.6667
7.779,3.6576
7.784,3.6484
7.789,3.6391
7.794,3.6296
7.799,3.6200
7.804,3.6104
7.809,3.6006
7.814,3.5906
7.819,3.5806
7.824,3.5704
7.829,3.5601
7.834,3.5497
7.839,3.5391
7.844,3.5285
7.849,3.5176
7.854,3.5067
7.859,3.4957
7.864,3.4846
7.869,3.4733
7.874,3.4619
7.879,3.4504
7.884,3.4388
7.889,3.4270
7.894,3.4152
7.899,3.4033
7.904,3.3912
7.909,3.3789
7.914,3.3666
7.919,3.3542
7.924,3.3417
7.929,3.3290
7.934,3.3162
7.939,3.3033
7.944,3.2904
7.949,3.2772
7.954,3.2641
7.959,3.2508
7.964,3.2376
7.969,3.2238
7.974,3.2103
7.979,3.1966
7.985,3.1826
7.989,3.1687
7.994,3.1547
7.999,3.1405
8.004,3.1262
8.009,3.1118
8.014,3.0973
8.019,3.0828
8.024,3.0682
8.029,3.0535
8.034,3.0387
8.039,3.0237
8.044,3.0086
8.049,2.9934
8.054,2.9781
8.059,2.9627
8.064,2.9473
8.070,2.9317
8.074,2.9162
8.080,2.9005
8.084,2.8847
8.089,2.8688
8.094,2.8529
8.099,2.8367
8.104,2.8206
8.109,2.8044
8.114,2.7880
8.120,2.7715
8.124,2.7551
8.129,2.7385
8.135,2.7217
8.139,2.7050
8.144,2.6883
8.149,2.6713
8.155,2.6543
8.159,2.6373
8.164,2.6202
8.169,2.6028
8.174,2.5856
8.179,2.5683
8.184,2.5509
8.189,2.5333
8.194,2.5158
8.199,2.4982
8.204,2.4805
8.209,2.4624
8.214,2.4446
8.219,2.4269
8.224,2.4089
8.229,2.3908
8.234,2.3727
8.239,2.3546
8.244,2.3364
8.249,2.3181
8.254,2.2998
8.259,2.2813
8.264,2.2630
8.269,2.2445
8.274,2.2260
8.279,2.2074
8.284,2.1888
8.289,2.1702
8.294,2.1515
8.299,2.1327
8.304,2.1139
8.309,2.0952
8.314,2.0763
8.319,2.0573
8.324,2.0385
8.329,2.0195
8.335,2.0001
8.339,1.9814
8.344,1.9625
8.349,1.9434
8.354,1.9245
8.359,1.9053
8.364,1.8863
8.369,1.8671
8.374,1.8480
8.379,1.8289
8.384,1.8099
8.389,1.7908
8.394,1.7717
8.399,1.7526
8.404,1.7335
8.409,1.7144
8.414,1.6953
8.419,1.6762
8.424,1.6571
8.429,1.6381
8.434,1.6193
8.439,1.6003
8.444,1.5815
8.449,1.5626
8.454,1.5437
8.459,1.5250
8.464,1.5062
8.469,1.4875
8.474,1.4690
8.479,1.4505
8.484,1.4321
8.489,1.4137
8.494,1.3955
8.499,1.3772
8.504,1.3591
8.509,1.3410
8.514,1.3232
8.519,1.3055
8.524,1.2880
8.529,1.2702
8.534,1.2531
8.539,1.2359
8.544,1.2188
8.549,1.2020
8.554,1.1852
8.559,1.1687
8.564,1.1524
8.569,1.1363
8.574,1.1203
8.579,1.1047
8.584,1.0894
8.589,1.0743
8.594,1.0594
8.599,1.0448
8.604,1.0306
8.609,1.0166
8.614,1.0030
8.619,0.9897
8.624,0.9767
8.629,0.9641
8.634,0.9519
8.639,0.9401
8.644,0.9287
8.649,0.9178
8.654,0.9075
8.659,0.8975
8.664,0.8881
8.669,0.8790
8.674,0.8707
8.679,0.8628
8.684,0.8555
8.690,0.8488
8.694,0.8427
8.699,0.8372
8.704,0.8323
8.709,0.8281
8.714,0.8244
8.719,0.8214
8.724,0.8191
8.729,0.8174
8.734,0.8164
8.739,0.8160
8.744,0.8162
8.749,0.8172
8.754,0.8187
8.759,0.8209
8.764,0.8237
8.769,0.8272
8.774,0.8312
8.779,0.8359
8.784,0.8411
8.789,0.8470
8.794,0.8533
8.799,0.8601
8.804,0.8675
8.809,0.8755
8.815,0.8839
8.819,0.8927
8.824,0.9020
8.829,0.9118
8.834,0.9219
8.839,0.9325
8.844,0.9434
8.849,0.9547
8.854,0.9663
8.859,0.9783
8.864,0.9905
8.869,1.0031
8.874,1.0159
8.879,1.0290
8.885,1.0423
8.890,1.0561
8.894,1.0698
8.899,1.0837
8.904,1.0980
8.909,1.1124
8.914,1.1269
8.919,1.1417
8.924,1.1565
8.929,1.1715
8.934,1.1866
8.939,1.2019
8.944,1.2172
8.949,1.2328
8.954,1.2483
8.959,1.2640
8.964,1.2797
8.969,1.2956
8.974,1.3114
8.979,1.3274
8.984,1.3433
8.989,1.3594
8.994,1.3754
8.999,1.3916
9.004,1.4077
9.009,1.4239
9.014,1.4400
9.020,1.4563
9.024,1.4725
9.029,1.4887
9.034,1.5049
9.039,1.5212
9.044,1.5374
9.049,1.5537
9.054,1.5698
9.059,1.5862
9.065,1.6024
9.069,1.6186
9.074,1.6346
9.079,1.6509
9.085,1.6668
9.089,1.6830
9.094,1.6991
9.099,1.7151
9.104,1.7311
9.109,1.7471
9.114,1.7631
9.119,1.7790
9.124,1.7947
9.129,1.8106
9.134,1.8263
9.139,1.8421
9.144,1.8577
9.149,1.8733
9.154,1.8888
9.159,1.9044
9.164,1.9198
9.169,1.9353
9.174,1.9506
9.179,1.9659
9.184,1.9811
9.189,1.9964
9.194,2.0114
9.199,2.0265
9.204,2.0415
9.209,2.0565
9.214,2.0713
9.219,2.0862
9.224,2.1009
9.229,2.1156
9.234,2.1302
9.239,2.1448
9.244,2.1592
9.249,2.1737
9.254,2.1879
9.259,2.2023
9.264,2.2165
9.269,2.2310
9.275,2.2450
9.279,2.2589
9.284,2.2728
9.289,2.2867
9.294,2.3005
9.299,2.3143
9.304,2.3279
9.309,2.3416
9.314,2.3552
9.319,2.3685
9.324,2.3818
9.329,2.3952
9.334,2.4084
9.339,2.4216
9.344,2.4346
9.349,2.4476
9.355,2.4605
9.359,2.4734
9.365,2.4863
9.369,2.4988
9.374,2.5114
9.379,2.5239
9.385,2.5364
9.389,2.5487
9.394,2.5610
9.399,2.5733
9.404,2.5854
9.409,2.5975
9.415,2.6094
9.419,2.6213
9.424,2.6330
9.429,2.6448
9.434,2.6564
9.439,2.6680
9.444,2.6795
9.449,2.6910
9.454,2.7022
9.459,2.7134
9.464,2.7246
9.469,2.7357
9.474,2.7466
9.479,2.7576
9.484,2.7684
9.489,2.7793
9.494,2.7899
9.499,2.8005
9.504,2.8110
9.509,2.8215
9.514,2.8318
9.519,2.8422
9.524,2.8524
9.529,2.8626
9.534,2.8726
9.539,2.8827
9.544,2.8925
9.549,2.9025
9.554,2.9122
9.559,2.9219
9.564,2.9315
9.569,2.9411
9.574,2.9506
9.579,2.9601
9.584,2.9694
9.590,2.9787
9.594,2.9879
9.599,2.9971
9.604,3.0061
9.609,3.0152
9.614,3.0241
9.619,3.0330
9.624,3.0417
9.629,3.0505
9.634,3.0592
9.639,3.0679
9.644,3.0763
9.649,3.0848
9.654,3.0932
9.659,3.1016
9.664,3.1099
9.669,3.1182
9.674,3.1263
9.679,3.1344
9.684,3.1425
9.689,3.1504
9.694,3.1583
9.699,3.1662
9.704,3.1741
9.709,3.1819
9.714,3.1895
9.719,3.1972
9.724,3.2048
9.729,3.2124
9.734,3.2198
9.739,3.2272
9.744,3.2346
9.749,3.2420
9.754,3.2492
9.759,3.2564
9.764,3.2635
9.769,3.2707
9.774,3.2777
9.779,3.2848
9.784,3.2917
9.789,3.2987
9.794,3.3055
9.799,3.3124
9.804,3.3191
9.809,3.3259
9.814,3.3325
9.819,3.3391
9.824,3.3457
9.829,3.3523
9.834,3.3587
9.839,3.3653
9.844,3.3716
9.849,3.3780
9.854,3.3843
9.859,3.3907
9.864,3.3969
9.870,3.4031
9.874,3.4092
9.879,3.4154
9.884,3.4214
9.889,3.4275
9.894,3.4336
9.899,3.4395
9.904,3.4454
9.909,3.4514
9.914,3.4572
9.919,3.4631
9.924,3.4688
9.929,3.4747
9.934,3.4803
9.940,3.4861
9.944,3.4917
9.949,3.4973
9.954,3.5029
9.959,3.5084
9.964,3.5139
9.970,3.5194
9.974,3.5248
9.979,3.5302
9.984,3.5355
9.990,3.5409
9.994,3.5461
9.999,3.5513
10.004,3.5565
10.009,3.5617
10.014,3.5667
10.019,3.5718
10.024,3.5768
10.029,3.5819
10.034,3.5868
10.039,3.5917
10.044,3.5965
10.049,3.6014
10.054,3.6062
10.059,3.6110
10.064,3.6156
10.069,3.6204
10.074,3.6250
10.079,3.6296
10.084,3.6342
10.089,3.6387
10.094,3.6432
10.100,3.6477
10.104,3.6521
10.109,3.6565
10.114,3.6608
10.119,3.6651
10.124,3.6694
10.129,3.6737
10.134,3.6778
10.139,3.6820
10.144,3.6861
10.149,3.6903
10.155,3.6943
10.159,3.6984
10.164,3.7023
10.169,3.7063
10.174,3.7102
10.179,3.7142
10.184,3.7180
10.189,3.7219
10.194,3.7256
10.199,3.7295
10.204,3.7331
10.209,3.7369
10.214,3.7405
10.219,3.7442
10.224,3.7477
10.229,3.7513
10.234,3.7548
10.239,3.7584
10.244,3.7618
10.249,3.7653
10.254,3.7686
10.259,3.7721
10.264,3.7754
10.269,3.7788
10.274,3.7820
10.279,3.7853
10.284,3.7885
10.289,3.7918
10.294,3.7949
10.299,3.7981
10.304,3.8011
10.309,3.8043
10.314,3.8073
10.319,3.8104
10.324,3.8133
10.329,3.8164
10.334,3.8193
10.339,3.8223
10.344,3.8251
10.349,3.8281
10.354,3.8309
10.359,3.8337
10.364,3.8365
10.369,3.8393
10.374,3.8420
10.379,3.8448
10.384,3.8474
10.389,3.8502
10.394,3.8528
10.399,3.8555
10.404,3.8580
10.409,3.8607
10.414,3.8632
10.419,3.8657
10.424,3.8682
10.429,3.8707
10.434,3.8732
10.439,3.8757
10.444,3.8780
10.449,3.8805
10.454,3.8828
10.459,3.8852
10.464,3.8875
10.470,3.8899
10.474,3.8921
10.479,3.8944
10.484,3.8966
10.489,3.8989
10.494,3.9010
10.499,3.9032
10.504,3.9053
10.510,3.9075
10.514,3.9096
10.520,3.9117
10.525,3.9138
10.529,3.9159
10.534,3.9178
10.539,3.9199
10.544,3.9218
10.549,3.9238
10.554,3.9257
10.559,3.9277
10.564,3.9296
10.569,3.9315
10.574,3.9333
10.579,3.9352
10.584,3.9370
10.590,3.9388
10.594,3.9405
10.599,3.9423
10.604,3.9440
10.609,3.9457
10.614,3.9473
10.619,3.9490
10.624,3.9505
10.629,3.9522
10.634,3.9537
10.639,3.9552
10.644,3.9567
10.649,3.9582
10.654,3.9596
10.659,3.9610
10.664,3.9623
10.670,3.9637
10.674,3.9650
10.679,3.9663
10.684,3.9675
10.689,3.9688
10.694,3.9700
10.699,3.9712
10.704,3.9723
10.709,3.9734
10.714,3.9745
10.719,3.9755
10.724,3.9765
10.729,3.9776
10.734,3.9785
10.739,3.9795
10.744,3.9803
10.749,3.9813
10.754,3.9821
10.759,3.9830
10.764,3.9837
10.769,3.9846
10.774,3.9853
10.780,3.9861
10.784,3.9868
10.789,3.9875
10.794,3.9881
10.799,3.9888
10.804,3.9894
10.809,3.9900
10.814,3.9906
10.819,3.9912
10.824,3.9917
10.829,3.9922
10.834,3.9927
10.839,3.9932
10.844,3.9936
10.849,3.9941
10.854,3.9945
10.859,3.9949
10.864,3.9953
10.869,3.9957
10.874,3.9960
10.879,3.9964
10.884,3.9967
10.889,3.9970
10.894,3.9973
10.899,3.9976
10.904,3.9979
10.909,3.9982
10.914,3.9984
10.919,3.9987
10.924,3.9988
10.929,3.9991
10.934,3.9993
10.939,3.9995
10.944,3.9996
10.949,3.9999
10.955,4.0000
10.959,4.0002
10.964,4.0003
10.969,4.0005
10.974,4.0006
10.979,4.0007
10.984,4.0008
10.989,4.0010
10.994,4.0010
10.999,4.0012
11.004,4.0012
11.009,4.0014
11.014,4.0014
11.019,4.0015
11.024,4.0016
11.029,4.0017
11.034,4.0017
11.039,4.0018
11.044,4.0018
11.049,4.0019
11.054,4.0019
11.059,4.0020
11.064,4.0020
11.069,4.0021
11.074,4.0021
11.079,4.0022
11.084,4.0022
11.090,4.0022
11.094,4.0022
11.099,4.0023
11.104,4.0022
11.109,4.0023
11.114,4.0022
11.119,4.0023
11.124,4.0022
11.129,4.0023
11.134,4.0022
11.139,4.0022
11.144,4.0022
11.149,4.0022
11.154,4.0021
11.159,4.0021
11.164,4.0020
11.169,4.0020
11.174,4.0019
11.179,4.0018
11.184,4.0017
11.189,4.0017
11.194,4.0015
11.199,4.0015
11.204,4.0013
11.209,4.0012
11.215,4.0011
11.219,4.0010
11.224,4.0008
11.229,4.0006
11.234,4.0004
11.239,4.0002
11.244,4.0000
11.249,3.9998
11.254,3.9995
11.260,3.9993
11.264,3.9990
11.269,3.9988
11.274,3.9984
11.279,3.9982
11.284,3.9979
11.289,3.9977
11.294,3.9973
11.299,3.9971
11.304,3.9968
11.309,3.9965
11.314,3.9962
11.320,3.9960
11.324,3.9956
11.329,3.9954
11.334,3.9951
11.339,3.9948
11.345,3.9945
11.349,3.9943
11.354,3.9940
11.359,3.9938
11.364,3.9935
11.369,3.9933
11.374,3.9930
11.380,3.9929
11.384,3.9926
11.389,3.9924
11.394,3.9922
11.400,3.9920
11.404,3.9918
11.409,3.9917
11.414,3.9915
11.419,3.9913
11.424,3.9911
11.429,3.9910
11.434,3.9909
11.439,3.9908
11.444,3.9906
11.449,3.9906
11.455,3.9904
11.459,3.9904
11.464,3.9903
11.470,3.9903
11.474,3.9902
11.479,3.9902
11.484,3.9902
11.489,3.9902
11.494,3.9901
11.499,3.9902
11.504,3.9902
11.509,3.9902
11.514,3.9902
11.519,3.9903
11.524,3.9903
11.529,3.9905
11.534,3.9905
11.539,3.9906
11.544,3.9907
11.549,3.9908
11.554,3.9909
11.559,3.9911
11.564,3.9912
11.569,3.9913
11.574,3.9915
11.579,3.9917
11.584,3.9918
11.589,3.9920
11.594,3.9921
11.599,3.9924
11.604,3.9925
11.609,3.9928
11.614,3.9929
11.620,3.9932
11.624,3.9934
11.629,3.9936
11.634,3.9938
11.640,3.9941
11.644,3.9943
11.649,3.9946
11.655,3.9948
11.659,3.9951
11.664,3.9953
11.669,3.9956
11.674,3.9958
11.679,3.9961
11.684,3.9963
11.689,3.9966
11.694,3.9969
11.699,3.9972
11.704,3.9974
11.709,3.9977
11.715,3.9979
11.719,3.9982
11.724,3.9984
11.730,3.9986
11.734,3.9988
11.739,3.9991
11.744,3.9993
11.749,3.9995
11.754,3.9997
11.760,3.9999
11.764,4.0001
11.769,4.0003
11.774,4.0004
11.779,4.0006
11.784,4.0007
11.789,4.0009
11.794,4.0010
11.799,4.0011
11.804,4.0011
11.809,4.0012
11.814,4.0012
11.819,4.0013
11.824,4.0013
11.829,4.0013
11.834,4.0012
11.839,4.0012
11.844,4.0011
11.849,4.0010
11.854,4.0009
11.859,4.0008
11.864,4.0006
11.869,4.0004
11.874,4.0002
11.879,4.0000
11.884,3.9997
11.889,3.9994
11.894,3.9991
11.899,3.9987
11.904,3.9983
11.909,3.9979
11.914,3.9974
11.919,3.9970
11.924,3.9964
11.929,3.9959
11.934,3.9952
11.940,3.9946
11.944,3.9939
11.949,3.9932
11.954,3.9924
11.960,3.9916
11.964,3.9908
11.970,3.9899
11.974,3.9889
11.979,3.9880
11.984,3.9870
11.989,3.9859
11.994,3.9848
11.999,3.9836
12.004,3.9824
12.009,3.9812
12.014,3.9798
12.019,3.9785
12.024,3.9771
12.029,3.9756
12.034,3.9741
12.039,3.9725
12.044,3.9709
12.049,3.9692
12.054,3.9674
12.059,3.9657
12.064,3.9638
12.069,3.9619
12.074,3.9599
12.079,3.9579
12.084,3.9557
12.089,3.9536
12.094,3.9513
12.100,3.9490
12.104,3.9466
12.109,3.9442
12.114,3.9416
12.119,3.9391
12.124,3.9364
12.129,3.9337
12.134,3.9308
12.139,3.9280
12.144,3.9250
12.150,3.9220
12.154,3.9188
12.159,3.9156
12.164,3.9123
12.169,3.9090
12.175,3.9055
12.179,3.9020
12.185,3.8983
12.189,3.8946
12.194,3.8908
12.199,3.8870
12.204,3.8830
12.209,3.8789
12.214,3.8748
12.220,3.8705
12.224,3.8662
12.229,3.8617
12.234,3.8572
12.239,3.8526
12.244,3.8478
12.249,3.8431
12.254,3.8381
12.259,3.8331
12.264,3.8280
12.269,3.8228
12.274,3.8174
12.279,3.8120
12.284,3.8065
12.289,3.8008
12.294,3.7951
12.299,3.7893
12.304,3.7833
12.309,3.7773
12.314,3.7711
12.319,3.7648
12.324,3.7584
12.329,3.7519
12.334,3.7453
12.339,3.7386
12.344,3.7318
12.349,3.7249
12.354,3.7178
12.359,3.7106
12.364,3.7033
12.370,3.6959
12.374,3.6884
12.379,3.6808
12.384,3.6731
12.390,3.6652
12.394,3.6572
12.399,3.6491
12.404,3.6409
12.409,3.6326
12.414,3.6242
12.419,3.6156
12.424,3.6068
12.429,3.5981
12.434,3.5892
12.439,3.5801
12.444,3.5710
12.449,3.5617
12.454,3.5523
12.459,3.5427
12.464,3.5332
12.470,3.5233
12.474,3.5135
12.479,3.5035
12.484,3.4933
12.489,3.4831
12.494,3.4727
12.499,3.4622
12.504,3.4516
12.509,3.4409
12.514,3.4300
12.519,3.4190
12.524,3.4079
12.529,3.3966
12.535,3.3853
12.539,3.3738
12.544,3.3623
12.550,3.3506
12.554,3.3388
12.559,3.3268
12.564,3.3148
12.569,3.3026
12.574,3.2903
12.579,3.2779
12.584,3.2653
12.589,3.2526
12.594,3.2399
12.599,3.2270
12.604,3.2140
12.609,3.2009
12.614,3.1876
12.619,3.1743
12.624,3.1607
12.629,3.1473
12.634,3.1338
12.639,3.1202
12.644,3.1065
12.650,3.0929
12.654,3.0792
12.660,3.0655
12.664,3.0518
12.669,3.0380
12.674,3.0242
12.680,3.0104
12.684,2.9966
12.690,2.9828
12.694,2.9690
12.700,2.9552
12.704,2.9415
12.709,2.9278
12.715,2.9140
12.719,2.9003
12.724,2.8866
12.730,2.8728
12.734,2.8593
12.740,2.8457
12.744,2.8322
12.750,2.8188
12.754,2.8054
12.760,2.7920
12.764,2.7788
12.769,2.7655
12.774,2.7524
12.779,2.7393
12.784,2.7264
12.789,2.7135
12.794,2.7007
12.799,2.6880
12.804,2.6754
12.809,2.6628
12.814,2.6504
12.820,2.6380
12.824,2.6258
12.829,2.6138
12.834,2.6017
12.839,2.5899
12.844,2.5781
12.849,2.5665
12.855,2.5550
12.859,2.5436
12.864,2.5324
12.870,2.5213
12.874,2.5103
12.879,2.4995
12.884,2.4888
12.890,2.4783
12.894,2.4679
12.899,2.4577
12.904,2.4476
12.909,2.4377
12.914,2.4279
12.920,2.4184
12.924,2.4088
12.929,2.3997
12.934,2.3905
12.939,2.3816
12.944,2.3729
12.949,2.3644
12.954,2.3560
12.960,2.3478
12.964,2.3397
12.970,2.3320
12.974,2.3243
12.980,2.3169
12.984,2.3096
12.990,2.3026
12.994,2.2957
12.999,2.2891
13.004,2.2827
13.009,2.2765
13.014,2.2704
13.019,2.2645
13.024,2.2589
13.029,2.2535
13.034,2.2483
13.040,2.2433
13.044,2.2385
13.049,2.2340
13.054,2.2296
13.059,2.2256
13.065,2.2216
13.069,2.2180
13.074,2.2145
13.080,2.2113
13.084,2.2083
13.090,2.2056
13.094,2.2030
13.100,2.2007
13.104,2.1986
13.109,2.1968
13.114,2.1951
13.119,2.1937
13.124,2.1925
13.129,2.1916
13.134,2.1909
13.140,2.1904
13.144,2.1901
13.150,2.1902
13.154,2.1903
13.159,2.1908
13.164,2.1914
13.170,2.1924
13.174,2.1935
13.180,2.1948
13.184,2.1964
13.190,2.1982
13.194,2.2002
13.199,2.2025
13.205,2.2050
13.209,2.2077
13.214,2.2106
13.219,2.2138
13.224,2.2172
13.230,2.2208
13.234,2.2245
13.239,2.2286
13.244,2.2328
13.249,2.2373
13.254,2.2419
13.260,2.2469
13.264,2.2519
13.269,2.2572
13.274,2.2626
13.279,2.2683
13.284,2.2741
13.290,2.2803
13.294,2.2864
13.300,2.2930
13.304,2.2996
13.309,2.3064
13.314,2.3133
13.319,2.3206
13.324,2.3279
13.329,2.3354
13.334,2.3430
13.339,2.3510
13.344,2.3589
13.349,2.3672
13.354,2.3754
13.359,2.3840
13.364,2.3926
13.369,2.4014
13.374,2.4103
13.379,2.4194
13.384,2.4286
13.389,2.4381
13.395,2.4476
13.399,2.4572
13.404,2.4669
13.409,2.4768
13.414,2.4868
13.419,2.4970
13.424,2.5071
13.429,2.5176
13.434,2.5279
13.439,2.5385
13.444,2.5491
13.449,2.5599
13.454,2.5707
13.459,2.5817
13.464,2.5926
13.469,2.6038
13.474,2.6149
13.479,2.6262
13.484,2.6375
13.489,2.6489
13.494,2.6603
13.500,2.6720
13.504,2.6834
13.509,2.6952
13.514,2.7069
13.519,2.7187
13.524,2.7305
13.529,2.7424
13.534,2.7542
13.539,2.7664
13.544,2.7783
13.549,2.7904
13.554,2.8025
13.559,2.8147
13.564,2.8267
13.569,2.8390
13.574,2.8511
13.579,2.8635
13.584,2.8756
13.589,2.8880
13.594,2.9002
13.599,2.9126
13.604,2.9249
13.609,2.9373
13.614,2.9496
13.619,2.9621
13.624,2.9743
13.629,2.9867
13.634,2.9990
13.639,3.0114
13.644,3.0237
13.649,3.0361
13.654,3.0483
13.659,3.0608
13.664,3.0730
13.669,3.0853
13.674,3.0975
13.679,3.1098
13.684,3.1220
13.689,3.1343
13.694,3.1464
13.699,3.1586
13.704,3.1707
13.709,3.1829
13.714,3.1949
13.719,3.2070
13.724,3.2189
13.729,3.2310
13.735,3.2428
13.740,3.2547
13.744,3.2665
13.749,3.2783
13.754,3.2900
13.759,3.3018
13.764,3.3133
13.769,3.3250
13.774,3.3364
13.780,3.3480
13.784,3.3593
13.789,3.3707
13.794,3.3820
13.799,3.3933
13.804,3.4044
13.809,3.4156
13.814,3.4266
13.819,3.4376
13.824,3.4485
13.829,3.4595
13.834,3.4701
13.839,3.4808
13.844,3.4914
13.849,3.5021
13.854,3.5124
13.859,3.5229
13.864,3.5332
13.869,3.5435
13.874,3.5536
13.879,3.5637
13.885,3.5737
13.889,3.5836
13.894,3.5933
13.899,3.6031
13.904,3.6127
13.909,3.6223
13.914,3.6317
13.919,3.6411
13.924,3.6503
13.929,3.6595
13.934,3.6686
13.939,3.6776
13.944,3.6865
13.949,3.6953
13.954,3.7039
13.959,3.7125
13.964,3.7209
13.969,3.7293
13.974,3.7374
13.979,3.7455
13.985,3.7534
13.989,3.7613
13.994,3.7690
13.999,3.7766
14.004,3.7841
14.009,3.7915
14.014,3.7986
14.019,3.8057
14.024,3.8127
14.029,3.8195
14.034,3.8262
14.040,3.8328
14.044,3.8392
14.049,3.8456
14.054,3.8517
14.059,3.8578
14.065,3.8637
14.069,3.8695
14.074,3.8752
14.079,3.8808
14.084,3.8861
14.089,3.8915
14.094,3.8966
14.099,3.9016
14.104,3.9065
14.109,3.9113
14.114,3.9159
14.119,3.9204
14.124,3.9248
14.129,3.9291
14.134,3.9332
14.139,3.9373
14.144,3.9411
14.149,3.9450
14.154,3.9485
14.159,3.9521
14.164,3.9554
14.169,3.9588
14.174,3.9619
14.179,3.9650
14.184,3.9679
14.190,3.9707
14.195,3.9734
14.199,3.9760
14.204,3.9785
14.209,3.9809
14.214,3.9831
14.219,3.9853
14.224,3.9873
14.229,3.9893
14.234,3.9910
14.239,3.9928
14.244,3.9944
14.249,3.9959
14.254,3.9973
14.259,3.9987
14.264,3.9999
14.269,4.0010
14.274,4.0020
14.279,4.0030
14.284,4.0038
14.289,4.0046
14.294,4.0053
14.299,4.0059
14.304,4.0063
14.309,4.0068
14.314,4.0071
14.319,4.0074
14.325,4.0075
14.329,4.0076
14.334,4.0076
14.339,4.0075
14.344,4.0074
14.349,4.0072
14.354,4.0069
14.359,4.0065
14.365,4.0061
14.369,4.0056
14.374,4.0050
14.379,4.0044
14.384,4.0037
14.389,4.0029
14.394,4.0021
14.399,4.0012
14.404,4.0002
14.409,3.9992
14.414,3.9981
14.419,3.9970
14.424,3.9958
14.429,3.9946
14.435,3.9933
14.439,3.9920
14.444,3.9906
14.449,3.9891
14.455,3.9876
14.459,3.9861
14.464,3.9845
14.469,3.9829
14.474,3.9812
14.479,3.9795
14.484,3.9777
14.489,3.9759
14.494,3.9740
14.499,3.9721
14.504,3.9702
14.509,3.9682
14.514,3.9662
14.519,3.9642
14.524,3.9620
14.529,3.9599
14.534,3.9578
14.540,3.9556
14.544,3.9533
14.549,3.9511
14.554,3.9488
14.559,3.9465
14.564,3.9441
14.569,3.9417
14.574,3.9393
14.579,3.9368
14.584,3.9343
14.589,3.9318
14.594,3.9293
14.599,3.9267
14.605,3.9241
14.609,3.9214
14.615,3.9186
14.619,3.9158
14.624,3.9129
14.629,3.9100
14.634,3.9070
14.639,3.9039
14.644,3.9007
14.649,3.8975
14.654,3.8942
14.659,3.8908
14.664,3.8873
14.669,3.8838
14.674,3.8801
14.679,3.8764
14.684,3.8725
14.689,3.8686
14.694,3.8646
14.700,3.8605
14.704,3.8563
14.709,3.8520
14.714,3.8476
14.719,3.8432
14.724,3.8386
14.729,3.8339
14.734,3.8290
14.739,3.8242
14.744,3.8191
14.749,3.8141
14.754,3.8088
14.759,3.8035
14.764,3.7981
14.769,3.7925
14.774,3.7869
14.779,3.7811
14.784,3.7752
14.789,3.7693
14.794,3.7632
14.799,3.7570
14.804,3.7507
14.809,3.7443
14.814,3.7377
14.819,3.7311
14.824,3.7243
14.829,3.7175
14.835,3.7105
14.840,3.7034
14.844,3.6962
14.849,3.6889
14.854,3.6815
14.859,3.6740
14.865,3.6663
14.869,3.6586
14.874,3.6508
14.879,3.6429
14.884,3.6348
14.889,3.6267
14.894,3.6184
14.899,3.6101
14.904,3.6016
14.909,3.5931
14.914,3.5845
14.919,3.5757
14.924,3.5669
14.929,3.5580
14.934,3.5490
14.939,3.5399
14.944,3.5307
14.949,3.5214
14.954,3.5120
14.959,3.5025
14.965,3.4930
14.969,3.4834
14.974,3.4737
14.979,3.4639
14.985,3.4540
14.990,3.4441
14.994,3.4340
14.999,3.4240
15.004,3.4139
15.009,3.4037
15.014,3.3934
15.019,3.3831
15.024,3.3727
15.029,3.3622
15.034,3.3517
15.039,3.3411
15.045,3.3305
15.049,3.3198
15.054,3.3091
15.059,3.2983
15.065,3.2874
15.070,3.2766
15.074,3.2657
15.079,3.2548
15.084,3.2438
15.089,3.2328
15.094,3.2217
15.099,3.2107
15.104,3.1996
15.109,3.1885
15.114,3.1773
15.119,3.1662
15.124,3.1550
15.129,3.1438
15.134,3.1326
15.139,3.1214
15.144,3.1102
15.149,3.0990
15.154,3.0877
15.159,3.0765
15.164,3.0653
15.169,3.0540
15.174,3.0428
15.179,3.0316
15.184,3.0204
15.189,3.0092
15.194,2.9982
15.199,2.9871
15.204,2.9758
15.209,2.9647
15.214,2.9537
15.219,2.9427
15.224,2.9316
15.229,2.9207
15.234,2.9097
15.239,2.8988
15.244,2.8879
15.249,2.8770
15.254,2.8662
15.259,2.8555
15.264,2.8448
15.269,2.8342
15.274,2.8235
15.279,2.8130
15.284,2.8025
15.289,2.7922
15.294,2.7817
15.299,2.7715
15.304,2.7613
15.309,2.7512
15.314,2.7411
15.319,2.7312
15.324,2.7213
15.329,2.7116
15.334,2.7019
15.339,2.6923
15.344,2.6827
15.349,2.6733
15.354,2.6640
15.359,2.6549
15.364,2.6457
15.369,2.6367
15.374,2.6278
15.379,2.6190
15.384,2.6103
15.389,2.6018
15.394,2.5933
15.399,2.5851
15.404,2.5769
15.409,2.5688
15.414,2.5609
15.419,2.5531
15.424,2.5454
15.429,2.5379
15.434,2.5305
15.440,2.5233
15.444,2.5161
15.449,2.5092
15.454,2.5024
15.459,2.4957
15.464,2.4892
15.470,2.4829
15.474,2.4767
15.480,2.4705
15.484,2.4647
15.490,2.4590
15.494,2.4534
15.499,2.4479
15.504,2.4427
15.510,2.4376
15.514,2.4326
15.519,2.4279
15.524,2.4233
15.529,2.4189
15.534,2.4146
15.539,2.4106
15.544,2.4066
15.549,2.4030
15.554,2.3994
15.559,2.3960
15.564,2.3928
15.569,2.3898
15.575,2.3869
15.579,2.3843
15.584,2.3818
15.590,2.3796
15.594,2.3774
15.600,2.3755
15.604,2.3738
15.609,2.3722
15.614,2.3708
15.619,2.3697
15.625,2.3686
15.629,2.3678
15.634,2.3671
15.639,2.3667
15.644,2.3664
15.650,2.3663
15.654,2.3664
15.660,2.3667
15.664,2.3671
15.670,2.3678
15.674,2.3685
15.679,2.3696
15.684,2.3707
15.689,2.3721
15.694,2.3736
15.699,2.3753
15.704,2.3771
15.710,2.3792
15.714,2.3814
15.719,2.3839
15.725,2.3864
15.729,2.3892
15.734,2.3921
15.740,2.3952
15.744,2.3984
15.750,2.4019
15.754,2.4055
15.759,2.4093
15.764,2.4131
15.770,2.4173
15.775,2.4215
15.779,2.4259
15.784,2.4304
15.789,2.4351
15.794,2.4400
15.800,2.4450
15.804,2.4501
15.809,2.4555
15.815,2.4609
15.819,2.4665
15.824,2.4722
15.829,2.4780
15.834,2.4840
15.840,2.4903
15.844,2.4965
15.849,2.5029
15.854,2.5094
15.859,2.5161
15.864,2.5229
15.870,2.5298
15.874,2.5369
15.879,2.5440
15.884,2.5512
15.889,2.5587
15.895,2.5661
15.900,2.5738
15.904,2.5814
15.909,2.5893
15.914,2.5971
15.919,2.6052
15.924,2.6133
15.929,2.6215
15.934,2.6298
15.939,2.6383
15.944,2.6467
15.949,2.6553
15.954,2.6639
15.959,2.6727
15.964,2.6815
15.970,2.6905
15.974,2.6993
15.979,2.7084
15.984,2.7175
15.990,2.7267
15.995,2.7358
16.000,2.7451
16.004,2.7543
16.009,2.7637
16.014,2.7730
16.019,2.7825
16.024,2.7919
16.029,2.8014
16.035,2.8109
16.040,2.8205
16.045,2.8300
16.049,2.8395
16.054,2.8491
16.059,2.8587
16.064,2.8683
16.069,2.8780
16.074,2.8875
16.079,2.8972
16.084,2.9067
16.089,2.9163
16.094,2.9258
16.099,2.9355
16.104,2.9450
16.109,2.9546
16.114,2.9640
16.119,2.9735
16.124,2.9829
16.129,2.9924
16.135,3.0018
16.139,3.0111
16.144,3.0204
16.149,3.0298
16.154,3.0390
16.159,3.0483
16.164,3.0574
16.169,3.0666
16.174,3.0757
16.179,3.0848
16.184,3.0938
16.189,3.1028
16.194,3.1116
16.199,3.1206
16.204,3.1293
16.209,3.1381
16.214,3.1467
16.219,3.1554
16.224,3.1639
16.229,3.1725
16.235,3.1809
16.239,3.1893
16.244,3.1976
16.249,3.2059
16.254,3.2140
16.259,3.2223
16.264,3.2302
16.269,3.2382
16.274,3.2461
16.280,3.2541
16.284,3.2618
16.289,3.2695
16.294,3.2771
16.299,3.2848
16.304,3.2922
16.309,3.2997
16.315,3.3071
16.319,3.3144
16.324,3.3216
16.329,3.3288
16.334,3.3359
16.339,3.3429
16.344,3.3498
16.349,3.3568
16.354,3.3636
16.359,3.3704
16.365,3.3771
16.369,3.3837
16.374,3.3902
16.379,3.3968
16.384,3.4032
16.389,3.4096
16.394,3.4158
16.399,3.4221
16.404,3.4281
16.409,3.4343
16.414,3.4403
16.419,3.4463
16.424,3.4521
16.429,3.4581
16.434,3.4638
16.439,3.4696
16.444,3.4752
16.449,3.4809
16.454,3.4864
16.459,3.4920
16.464,3.4974
16.469,3.5029
16.474,3.5082
16.479,3.5136
16.484,3.5187
16.489,3.5240
16.494,3.5290
16.499,3.5342
16.504,3.5392
16.509,3.5443
16.514,3.5491
16.519,3.5541
16.524,3.5588
16.529,3.5637
16.534,3.5684
16.539,3.5731
16.544,3.5777
16.549,3.5824
16.554,3.5868
16.559,3.5915
16.564,3.5958
16.569,3.6004
16.574,3.6047
16.579,3.6091
16.584,3.6133
16.589,3.6176
16.595,3.6218
16.599,3.6260
16.604,3.6301
16.609,3.6343
16.614,3.6383
16.619,3.6425
16.624,3.6464
16.629,3.6506
16.634,3.6544
16.639,3.6584
16.644,3.6622
16.649,3.6662
16.654,3.6699
16.659,3.6739
16.664,3.6776
16.669,3.6814
16.674,3.6851
16.679,3.6888
16.685,3.6925
16.689,3.6962
16.694,3.6998
16.699,3.7035
16.704,3.7071
16.709,3.7108
16.714,3.7144
16.719,3.7181
16.724,3.7216
16.729,3.7253
16.734,3.7288
16.739,3.7324
16.744,3.7359
16.749,3.7395
16.754,3.7430
16.759,3.7466
16.764,3.7501
16.769,3.7536
16.774,3.7571
16.779,3.7606
16.784,3.7640
16.789,3.7676
16.794,3.7710
16.799,3.7745
16.804,3.7779
16.809,3.7813
16.814,3.7847
16.819,3.7882
16.824,3.7915
16.829,3.7950
16.834,3.7983
16.839,3.8017
16.844,3.8050
16.849,3.8083
16.854,3.8116
16.859,3.8149
16.864,3.8182
16.869,3.8214
16.874,3.8247
16.879,3.8279
16.884,3.8311
16.889,3.8343
16.894,3.8374
16.899,3.8406
16.904,3.8436
16.909,3.8467
16.914,3.8497
16.919,3.8528
16.924,3.8557
16.929,3.8587
16.934,3.8616
16.939,3.8645
16.944,3.8673
16.949,3.8701
16.954,3.8728
16.959,3.8756
16.964,3.8782
16.969,3.8809
16.974,3.8834
16.979,3.8860
16.984,3.8885
16.989,3.8909
16.994,3.8933
16.999,3.8956
17.004,3.8978
17.009,3.9001
17.014,3.9022
17.019,3.9043
17.024,3.9064
17.029,3.9083
17.034,3.9102
17.039,3.9121
17.044,3.9138
17.049,3.9155
17.055,3.9171
17.059,3.9187
17.064,3.9202
17.069,3.9216
17.074,3.9229
17.079,3.9241
17.084,3.9253
17.089,3.9264
17.094,3.9274
17.099,3.9283
17.104,3.9291
17.109,3.9298
17.114,3.9305
17.119,3.9310
17.125,3.9314
17.129,3.9318
17.135,3.9320
17.139,3.9322
17.145,3.9323
17.149,3.9322
17.154,3.9321
17.159,3.9318
17.164,3.9314
17.169,3.9309
17.175,3.9304
17.179,3.9297
17.185,3.9289
17.189,3.9279
17.194,3.9269
17.199,3.9257
17.204,3.9245
17.209,3.9231
17.215,3.9216
17.219,3.9199
17.224,3.9182
17.229,3.9163
17.234,3.9143
17.239,3.9121
17.245,3.9099
17.249,3.9075
17.254,3.9050
17.260,3.9023
17.265,3.8995
17.270,3.8966
17.274,3.8935
17.280,3.8903
17.284,3.8870
17.290,3.8835
17.294,3.8799
17.299,3.8761
17.304,3.8723
17.309,3.8682
17.314,3.8640
17.319,3.8597
17.324,3.8553
17.329,3.8506
17.334,3.8459
17.339,3.8410
17.344,3.8359
17.349,3.8307
17.354,3.8254
17.359,3.8199
17.364,3.8143
17.369,3.8086
17.374,3.8027
17.379,3.7967
17.384,3.7906
17.389,3.7843
17.395,3.7779
17.399,3.7714
17.404,3.7648
17.410,3.7580
17.414,3.7512
17.419,3.7442
17.424,3.7371
17.429,3.7298
17.434,3.7225
17.439,3.7150
17.444,3.7075
17.449,3.6997
17.454,3.6920
17.459,3.6840
17.464,3.6760
17.469,3.6679
17.474,3.6597
17.479,3.6513
17.485,3.6429
17.489,3.6343
17.494,3.6256
17.499,3.6169
17.504,3.6081
17.509,3.5990
17.515,3.5900
17.519,3.5809
17.524,3.5716
17.529,3.5623
17.534,3.5529
17.539,3.5433
17.544,3.5337
17.549,3.5239
17.554,3.5141
17.559,3.5042
17.564,3.4943
17.569,3.4842
17.574,3.4741
17.579,3.4637
17.584,3.4535
17.589,3.4430
17.594,3.4326
17.599,3.4220
17.604,3.4113
17.609,3.4006
17.614,3.3898
17.619,3.3789
17.624,3.3679
17.629,3.3569
17.634,3.3458
17.639,3.3346
17.644,3.3234
17.649,3.3121
17.654,3.3007
17.659,3.2892
17.664,3.2776
17.669,3.2661
17.675,3.2545
17.679,3.2428
17.684,3.2310
17.689,3.2191
17.694,3.2072
17.699,3.1952
17.704,3.1832
17.709,3.1713
17.714,3.1591
17.719,3.1470
17.724,3.1348
17.729,3.1225
17.734,3.1101
17.739,3.0977
17.744,3.0853
17.749,3.0728
17.754,3.0604
17.759,3.0479
17.764,3.0353
17.769,3.0226
17.774,3.0100
17.779,2.9972
17.784,2.9846
17.789,2.9718
17.794,2.9589
17.799,2.9461
17.804,2.9333
17.809,2.9204
17.814,2.9075
17.819,2.8946
17.824,2.8816
17.829,2.8686
17.834,2.8556
17.839,2.8425
17.844,2.8296
17.849,2.8165
17.854,2.8034
17.859,2.7904
17.864,2.7773
17.869,2.7642
17.874,2.7511
17.879,2.7380
17.884,2.7248
17.889,2.7118
17.894,2.6986
17.899,2.6854
17.904,2.6724
17.909,2.6593
17.914,2.6462
17.919,2.6331
17.924,2.6200
17.929,2.6069
17.934,2.5938
17.939,2.5809
17.944,2.5678
17.949,2.5548
17.954,2.5419
17.960,2.5288
17.964,2.5159
17.969,2.5031
17.974,2.4902
17.979,2.4774
17.984,2.4646
17.989,2.4519
17.994,2.4391
17.999,2.4264
18.004,2.4137
18.010,2.4012
18.015,2.3886
18.019,2.3762
18.025,2.3636
18.030,2.3512
18.034,2.3389
18.039,2.3267
18.044,2.3145
18.049,2.3024
18.055,2.2903
18.059,2.2783
18.065,2.2664
18.069,2.2546
18.075,2.2428
18.079,2.2312
18.084,2.2196
18.089,2.2081
18.094,2.1967
18.099,2.1854
18.104,2.1742
18.109,2.1632
18.114,2.1521
18.119,2.1413
18.124,2.1304
18.130,2.1197
18.134,2.1092
18.139,2.0988
18.144,2.0885
18.149,2.0783
18.154,2.0682
18.159,2.0583
18.165,2.0485
18.170,2.0388
18.174,2.0293
18.179,2.0200
18.184,2.0107
18.189,2.0016
18.194,1.9926
18.200,1.9839
18.204,1.9752
18.209,1.9668
18.214,1.9585
18.219,1.9504
18.224,1.9424
18.229,1.9347
18.234,1.9270
18.239,1.9196
18.244,1.9123
18.249,1.9052
18.255,1.8983
18.259,1.8916
18.265,1.8851
18.269,1.8788
18.274,1.8727
18.279,1.8668
18.284,1.8611
18.289,1.8556
18.294,1.8502
18.299,1.8452
18.304,1.8402
18.309,1.8356
18.314,1.8311
18.319,1.8269
18.325,1.8229
18.329,1.8191
18.334,1.8155
18.339,1.8122
18.344,1.8090
18.349,1.8062
18.354,1.8035
18.359,1.8011
18.364,1.7988
18.369,1.7969
18.374,1.7951
18.379,1.7937
18.384,1.7924
18.389,1.7914
18.394,1.7905
18.399,1.7900
18.404,1.7897
18.409,1.7896
18.414,1.7897
18.419,1.7902
18.424,1.7908
18.429,1.7917
18.434,1.7927
18.439,1.7941
18.444,1.7957
18.449,1.7975
18.454,1.7995
18.459,1.8018
18.464,1.8043
18.469,1.8071
18.474,1.8100
18.479,1.8132
18.484,1.8166
18.489,1.8203
18.494,1.8241
18.499,1.8283
18.504,1.8325
18.509,1.8371
18.514,1.8418
18.519,1.8468
18.524,1.8519
18.529,1.8573
18.534,1.8629
18.539,1.8687
18.544,1.8746
18.549,1.8809
18.554,1.8872
18.559,1.8938
18.565,1.9006
18.569,1.9076
18.574,1.9147
18.579,1.9220
18.584,1.9295
18.589,1.9373
18.594,1.9451
18.599,1.9532
18.604,1.9614
18.609,1.9697
18.614,1.9782
18.619,1.9870
18.624,1.9958
18.629,2.0049
18.634,2.0139
18.639,2.0233
18.645,2.0328
18.649,2.0424
18.654,2.0521
18.659,2.0621
18.664,2.0720
18.669,2.0822
18.674,2.0925
18.679,2.1029
18.684,2.1133
18.689,2.1240
18.694,2.1348
18.699,2.1457
18.704,2.1565
18.709,2.1677
18.714,2.1788
18.719,2.1901
18.724,2.2015
18.729,2.2131
18.734,2.2246
18.740,2.2363
18.744,2.2480
18.749,2.2600
18.754,2.2718
18.759,2.2837
18.764,2.2958
18.769,2.3080
18.775,2.3202
18.779,2.3324
18.784,2.3446
18.789,2.3570
18.794,2.3694
18.799,2.3819
18.804,2.3943
18.809,2.4068
18.814,2.4193
18.819,2.4318
18.824,2.4443
18.829,2.4569
18.834,2.4695
18.839,2.4821
18.844,2.4947
18.849,2.5074
18.854,2.5199
18.859,2.5325
18.864,2.5450
18.870,2.5577
18.874,2.5701
18.879,2.5827
18.884,2.5950
18.889,2.6076
18.894,2.6200
18.899,2.6324
18.904,2.6447
18.909,2.6571
18.914,2.6693
18.919,2.6816
18.924,2.6937
18.929,2.7058
18.934,2.7179
18.939,2.7300
18.944,2.7419
18.949,2.7539
18.954,2.7657
18.959,2.7776
18.964,2.7892
18.969,2.8009
18.974,2.8124
18.980,2.8240
18.984,2.8354
18.990,2.8468
18.994,2.8580
18.999,2.8693
19.004,2.8803
19.009,2.8914
19.014,2.9023
19.019,2.9132
19.024,2.9240
19.029,2.9348
19.034,2.9453
19.039,2.9558
19.044,2.9663
19.049,2.9766
19.054,2.9868
19.059,2.9970
19.064,3.0070
19.069,3.0171
19.074,3.0269
19.079,3.0367
19.084,3.0463
19.090,3.0559
19.095,3.0654
19.099,3.0748
19.104,3.0841
19.109,3.0934
19.114,3.1024
19.119,3.1114
19.124,3.1203
19.129,3.1291
19.134,3.1377
19.139,3.1464
19.144,3.1549
19.149,3.1633
19.154,3.1716
19.159,3.1798
19.164,3.1879
19.169,3.1960
19.174,3.2039
19.179,3.2118
19.185,3.2195
19.189,3.2272
19.194,3.2347
19.199,3.2422
19.204,3.2495
19.209,3.2568
19.214,3.2639
19.219,3.2711
19.224,3.2780
19.229,3.2850
19.234,3.2918
19.239,3.2985
19.244,3.3052
19.249,3.3118
19.254,3.3182
19.259,3.3246
19.264,3.3309
19.269,3.3372
19.274,3.3434
19.279,3.3495
19.284,3.3554
19.289,3.3614
19.294,3.3673
19.299,3.3731
19.304,3.3787
19.309,3.3845
19.314,3.3900
19.319,3.3955
19.324,3.4009
19.329,3.4063
19.334,3.4115
19.339,3.4168
19.344,3.4220
19.349,3.4271
19.355,3.4321
19.359,3.4372
19.364,3.4421
19.370,3.4470
19.374,3.4518
19.379,3.4566
19.384,3.4613
19.389,3.4660
19.394,3.4706
19.399,3.4752
19.404,3.4797
19.409,3.4842
19.414,3.4886
19.419,3.4931
19.424,3.4974
19.429,3.5018
19.434,3.5060
19.440,3.5103
19.444,3.5145
19.449,3.5187
19.454,3.5228
19.459,3.5269
19.464,3.5309
19.470,3.5350
19.474,3.5389
19.479,3.5428
19.484,3.5467
19.489,3.5506
19.494,3.5544
19.499,3.5583
19.504,3.5620
19.509,3.5658
19.514,3.5694
19.519,3.5731
19.524,3.5767
19.529,3.5804
19.534,3.5840
19.539,3.5876
19.544,3.5911
19.549,3.5947
19.554,3.5982
19.560,3.6017
19.564,3.6051
19.569,3.6086
19.574,3.6120
19.579,3.6154
19.584,3.6188
19.589,3.6222
19.594,3.6255
19.599,3.6289
19.605,3.6322
19.609,3.6355
19.614,3.6387
19.619,3.6420
19.624,3.6452
19.629,3.6485
19.634,3.6517
19.639,3.6549
19.644,3.6581
19.649,3.6613
19.654,3.6645
19.659,3.6677
19.664,3.6708
19.669,3.6740
19.675,3.6771
19.679,3.6803
19.684,3.6833
19.689,3.6865
19.694,3.6896
19.699,3.6927
19.704,3.6958
19.709,3.6989
19.714,3.7020
19.719,3.7050
19.724,3.7081
19.729,3.7112
19.734,3.7142
19.739,3.7173
19.744,3.7203
19.749,3.7234
19.754,3.7264
19.759,3.7295
19.764,3.7325
19.769,3.7355
19.774,3.7385
19.779,3.7416
19.784,3.7446
19.789,3.7476
19.794,3.7506
19.799,3.7537
19.804,3.7566
19.809,3.7597
19.814,3.7626
19.819,3.7657
19.824,3.7686
19.829,3.7717
19.834,3.7746
19.839,3.7777
19.844,3.7806
19.849,3.7837
19.854,3.7866
19.860,3.7897
19.864,3.7926
19.869,3.7957
19.874,3.7986
19.879,3.8016
19.884,3.8046
19.889,3.8076
19.894,3.8105
19.899,3.8136
19.904,3.8165
19.909,3.8195
19.914,3.8225
19.919,3.8255
19.924,3.8284
19.929,3.8314
19.935,3.8343
19.939,3.8373
19.944,3.8402
19.949,3.8432
19.954,3.8461
19.959,3.8491
19.964,3.8520
19.969,3.8549
19.974,3.8578
19.979,3.8608
19.984,3.8636
19.989,3.8666
19.994,3.8694
19.999,3.8724
20.004,3.8752
20.009,3.8781
20.014,3.8809
20.019,3.8838
20.024,3.8866
20.029,3.8894
20.034,3.8922
20.039,3.8950
20.045,3.8977
20.050,3.9005
20.054,3.9032
20.059,3.9060
20.064,3.9086
20.069,3.9114
20.074,3.9140
20.079,3.9167
20.084,3.9193
20.089,3.9219
20.094,3.9245
20.099,3.9271
20.104,3.9296
20.109,3.9322
20.115,3.9347
20.119,3.9372
20.124,3.9396
20.129,3.9421
20.134,3.9444
20.139,3.9469
20.144,3.9492
20.149,3.9515
20.154,3.9538
20.159,3.9561
20.164,3.9583
20.169,3.9605
20.174,3.9626
20.180,3.9648
20.185,3.9669
20.189,3.9690
20.194,3.9709
20.199,3.9729
20.204,3.9748
20.209,3.9767
20.214,3.9785
20.219,3.9804
20.224,3.9821
20.229,3.9838
20.234,3.9855
20.239,3.9871
20.244,3.9886
20.249,3.9902
20.254,3.9916
20.259,3.9931
20.264,3.9944
20.269,3.9957
20.274,3.9969
20.279,3.9982
20.284,3.9993
20.289,4.0004
20.294,4.0014
20.299,4.0024
20.304,4.0032
20.309,4.0041
20.314,4.0049
20.319,4.0056
20.324,4.0063
20.329,4.0069
20.335,4.0075
20.339,4.0080
20.344,4.0084
20.350,4.0088
20.354,4.0091
20.359,4.0093
20.364,4.0095
20.369,4.0097
20.374,4.0097
20.379,4.0097
20.385,4.0096
20.389,4.0096
20.394,4.0094
20.399,4.0092
20.404,4.0089
20.410,4.0086
20.414,4.0081
20.419,4.0077
20.424,4.0072
20.429,4.0066
20.434,4.0060
20.439,4.0053
20.444,4.0046
20.450,4.0038
20.454,4.0030
20.459,4.0021
20.464,4.0012
20.469,4.0002
20.474,3.9992
20.479,3.9981
20.484,3.9969
20.490,3.9958
20.494,3.9946
20.499,3.9933
20.504,3.9920
20.509,3.9907
20.515,3.9892
20.520,3.9878
20.524,3.9863
20.529,3.9849
20.534,3.9833
20.539,3.9818
20.544,3.9801
20.549,3.9785
20.554,3.9768
20.559,3.9751
20.564,3.9733
20.569,3.9716
20.574,3.9697
20.579,3.9679
20.584,3.9660
20.589,3.9642
20.594,3.9622
20.599,3.9603
20.604,3.9583
20.609,3.9564
20.614,3.9543
20.619,3.9524
20.624,3.9503
20.629,3.9483
20.634,3.9462
20.639,3.9441
20.644,3.9420
20.649,3.9399
20.654,3.9377
20.660,3.9356
20.664,3.9334
20.669,3.9313
20.674,3.9291
20.679,3.9269
20.684,3.9247
20.690,3.9226
20.694,3.9203
20.699,3.9182
20.704,3.9159
20.709,3.9137
20.714,3.9115
20.719,3.9093
20.724,3.9070
20.729,3.9048
20.735,3.9025
20.739,3.9003
20.744,3.8981
20.749,3.8959
20.754,3.8936
20.760,3.8914
20.764,3.8892
20.769,3.8870
20.774,3.8847
20.779,3.8826
20.784,3.8803
20.789,3.8781
20.794,3.8759
20.799,3.8737
20.804,3.8715
20.809,3.8693
20.814,3.8671
20.819,3.8650
20.824,3.8628
20.829,3.8607
20.834,3.8585
20.839,3.8565
20.844,3.8543
20.849,3.8523
20.855,3.8501
20.859,3.8481
20.865,3.8460
20.869,3.8440
20.874,3.8419
20.879,3.8400
20.884,3.8379
20.889,3.8360
20.894,3.8340
20.899,3.8321
20.905,3.8301
20.909,3.8282
20.915,3.8263
20.919,3.8244
20.924,3.8225
20.929,3.8206
20.934,3.8187
20.939,3.8169
20.944,3.8151
20.949,3.8133
20.954,3.8115
20.959,3.8097
20.964,3.8079
20.969,3.8062
20.974,3.8044
20.979,3.8027
20.984,3.8010
20.989,3.7993
20.994,3.7975
20.999,3.7959
21.004,3.7942
21.009,3.7925
21.014,3.7908
21.019,3.7892
21.024,3.7875
21.029,3.7859
21.035,3.7843
21.039,3.7827
21.044,3.7810
21.050,3.7794
21.054,3.7778
21.059,3.7762
21.064,3.7746
21.069,3.7730
21.074,3.7713
21.079,3.7698
21.084,3.7681
21.089,3.7665
21.094,3.7649
21.099,3.7633
21.104,3.7617
21.110,3.7601
21.114,3.7584
21.119,3.7568
21.124,3.7552
21.129,3.7536
21.134,3.7519
21.139,3.7503
21.144,3.7486
21.149,3.7469
21.154,3.7452
21.159,3.7435
21.164,3.7418
21.169,3.7401
21.174,3.7383
21.180,3.7366
21.184,3.7348
21.189,3.7330
21.195,3.7312
21.199,3.7294
21.204,3.7275
21.209,3.7256
21.214,3.7237
21.219,3.7218
21.224,3.7199
21.229,3.7179
21.234,3.7159
21.239,3.7139
21.244,3.7119
21.249,3.7098
21.254,3.7077
21.259,3.7056
21.264,3.7034
21.269,3.7013
21.274,3.6990
21.279,3.6968
21.284,3.6945
21.289,3.6922
21.294,3.6898
21.299,3.6874
21.304,3.6850
21.309,3.6826
21.314,3.6800
21.319,3.6775
21.324,3.6749
21.329,3.6723
21.334,3.6696
21.339,3.6669
21.344,3.6641
21.349,3.6613
21.354,3.6585
21.359,3.6556
21.364,3.6526
21.370,3.6496
21.374,3.6466
21.379,3.6435
21.384,3.6403
21.389,3.6371
21.394,3.6339
21.399,3.6306
21.404,3.6272
21.409,3.6238
21.414,3.6203
21.419,3.6168
21.424,3.6132
21.429,3.6096
21.434,3.6059
21.439,3.6021
21.444,3.5983
21.449,3.5944
21.454,3.5904
21.459,3.5864
21.464,3.5823
21.469,3.5782
21.474,3.5740
21.480,3.5697
21.484,3.5654
21.489,3.5610
21.494,3.5566
21.500,3.5522
21.505,3.5477
21.509,3.5432
21.514,3.5387
21.519,3.5341
21.524,3.5295
21.529,3.5249
21.534,3.5202
21.539,3.5155
21.544,3.5108
21.549,3.5061
21.554,3.5013
21.560,3.4965
21.564,3.4917
21.569,3.4868
21.574,3.4820
21.579,3.4771
21.584,3.4722
21.589,3.4673
21.594,3.4624
21.599,3.4575
21.604,3.4525
21.609,3.4475
21.614,3.4425
21.619,3.4375
21.624,3.4325
21.629,3.4275
21.634,3.4225
21.639,3.4174
21.644,3.4124
21.649,3.4073
21.654,3.4022
21.660,3.3972
21.664,3.3920
21.670,3.3870
21.674,3.3819
21.679,3.3768
21.684,3.3717
21.689,3.3666
21.694,3.3615
21.699,3.3564
21.704,3.3513
21.709,3.3462
21.714,3.3411
21.719,3.3360
21.724,3.3309
21.729,3.3258
21.734,3.3207
21.739,3.3156
21.745,3.3104
21.750,3.3054
21.754,3.3003
21.759,3.2953
21.764,3.2902
21.769,3.2852
21.774,3.2801
21.779,3.2751
21.784,3.2700
21.789,3.2651
21.794,3.2600
21.799,3.2551
21.804,3.2501
21.809,3.2452
21.814,3.2402
21.819,3.2353
21.824,3.2304
21.829,3.2255
21.834,3.2206
21.839,3.2158
21.844,3.2110
21.850,3.2062
21.854,3.2014
21.859,3.1967
21.864,3.1920
21.869,3.1874
21.874,3.1827
21.879,3.1781
21.884,3.1735
21.889,3.1690
21.894,3.1645
21.899,3.1601
21.904,3.1556
21.909,3.1513
21.914,3.1469
21.919,3.1427
21.924,3.1384
21.929,3.1342
21.934,3.1300
21.939,3.1260
21.944,3.1219
21.949,3.1180
21.954,3.1140
21.960,3.1102
21.965,3.1063
21.969,3.1028
21.974,3.0990
21.979,3.0956
21.984,3.0920
21.989,3.0887
21.994,3.0853
21.999,3.0822
22.004,3.0789
22.009,3.0760
22.014,3.0729
22.019,3.0701
22.024,3.0672
22.029,3.0646
22.034,3.0619
22.039,3.0595
22.044,3.0569
22.049,3.0547
22.054,3.0524
22.059,3.0504
22.065,3.0482
22.069,3.0465
22.074,3.0445
22.079,3.0429
22.084,3.0411
22.089,3.0398
22.094,3.0383
22.099,3.0372
22.104,3.0358
22.109,3.0350
22.114,3.0338
22.119,3.0332
22.124,3.0323
22.129,3.0319
22.134,3.0313
22.139,3.0311
22.144,3.0307
22.149,3.0308
22.154,3.0305
22.159,3.0308
22.164,3.0308
22.170,3.0313
22.174,3.0316
22.179,3.0323
22.184,3.0327
22.189,3.0337
22.194,3.0344
22.200,3.0356
22.204,3.0365
22.210,3.0378
22.215,3.0389
22.219,3.0404
22.224,3.0418
22.229,3.0434
22.234,3.0450
22.239,3.0469
22.244,3.0487
22.250,3.0508
22.255,3.0529
22.259,3.0552
22.264,3.0575
22.269,3.0600
22.274,3.0626
22.279,3.0653
22.284,3.0680
22.289,3.0710
22.294,3.0738
22.299,3.0770
22.304,3.0800
22.309,3.0835
22.314,3.0867
22.319,3.0903
22.324,3.0937
22.329,3.0975
22.334,3.1011
22.339,3.1051
22.344,3.1089
22.349,3.1130
22.354,3.1170
22.359,3.1213
22.365,3.1255
22.369,3.1300
22.374,3.1343
22.379,3.1390
22.384,3.1435
22.389,3.1484
22.394,3.1531
22.399,3.1581
22.404,3.1630
22.409,3.1682
22.414,3.1733
22.419,3.1786
22.424,3.1838
22.429,3.1893
22.434,3.1947
22.439,3.2003
22.445,3.2059
22.449,3.2117
22.455,3.2174
22.459,3.2233
22.464,3.2292
22.469,3.2352
22.474,3.2411
22.479,3.2473
22.484,3.2534
22.490,3.2597
22.494,3.2659
22.499,3.2723
22.504,3.2787
22.509,3.2852
22.514,3.2916
22.519,3.2982
22.524,3.3048
22.529,3.3115
22.534,3.3181
22.539,3.3249
22.544,3.3317
22.549,3.3386
22.554,3.3454
22.559,3.3524
22.564,3.3593
22.569,3.3663
22.574,3.3732
22.579,3.3803
22.584,3.3874
22.589,3.3945
22.594,3.4016
22.599,3.4088
22.604,3.4159
22.609,3.4232
22.614,3.4304
22.619,3.4377
22.624,3.4448
22.629,3.4521
22.634,3.4593
22.639,3.4666
22.645,3.4739
22.649,3.4813
22.654,3.4886
22.659,3.4959
22.664,3.5032
22.669,3.5105
22.674,3.5178
22.679,3.5251
22.684,3.5324
22.689,3.5397
22.694,3.5469
22.699,3.5542
22.704,3.5615
22.709,3.5688
22.714,3.5759
22.719,3.5832
22.724,3.5903
22.729,3.5975
22.734,3.6046
22.739,3.6117
22.744,3.6188
22.749,3.6259
22.754,3.6328
22.759,3.6398
22.764,3.6468
22.769,3.6537
22.774,3.6606
22.779,3.6675
22.784,3.6743
22.789,3.6811
22.794,3.6877
22.799,3.6945
22.804,3.7011
22.809,3.7078
22.815,3.7143
22.819,3.7209
22.824,3.7272
22.829,3.7337
22.834,3.7400
22.840,3.7464
22.844,3.7526
22.849,3.7588
22.854,3.7649
22.859,3.7710
22.864,3.7769
22.869,3.7828
22.875,3.7886
22.879,3.7944
22.884,3.8001
22.889,3.8057
22.894,3.8112
22.899,3.8167
22.904,3.8220
22.909,3.8272
22.915,3.8324
22.919,3.8375
22.924,3.8425
22.929,3.8474
22.934,3.8522
22.939,3.8570
22.944,3.8615
22.949,3.8661
22.954,3.8705
22.959,3.8749
22.964,3.8791
22.969,3.8832
22.974,3.8872
22.979,3.8912
22.984,3.8950
22.989,3.8987
22.995,3.9023
22.999,3.9058
23.004,3.9091
23.009,3.9124
23.014,3.9155
23.019,3.9186
23.025,3.9215
23.029,3.9243
23.034,3.9270
23.039,3.9296
23.045,3.9320
23.050,3.9344
23.054,3.9366
23.059,3.9387
23.064,3.9406
23.069,3.9425
23.074,3.9442
23.079,3.9458
23.084,3.9472
23.089,3.9486
23.094,3.9498
23.099,3.9509
23.104,3.9518
23.109,3.9527
23.114,3.9534
23.120,3.9539
23.124,3.9544
23.129,3.9547
23.134,3.9549
23.139,3.9549
23.144,3.9548
23.149,3.9546
23.154,3.9542
23.159,3.9537
23.164,3.9531
23.169,3.9523
23.174,3.9514
23.179,3.9504
23.184,3.9492
23.189,3.9479
23.194,3.9465
23.199,3.9449
23.204,3.9432
23.209,3.9413
23.214,3.9393
23.219,3.9372
23.225,3.9349
23.229,3.9325
23.234,3.9299
23.239,3.9272
23.244,3.9244
23.249,3.9214
23.254,3.9183
23.260,3.9150
23.264,3.9116
23.269,3.9081
23.274,3.9044
23.279,3.9005
23.284,3.8966
23.290,3.8924
23.294,3.8882
23.299,3.8838
23.304,3.8793
23.309,3.8746
23.314,3.8697
23.319,3.8647
23.324,3.8596
23.329,3.8544
23.335,3.8489
23.339,3.8434
23.344,3.8378
23.349,3.8319
23.354,3.8259
23.359,3.8198
23.364,3.8136
23.369,3.8072
23.374,3.8006
23.379,3.7940
23.384,3.7871
23.389,3.7802
23.394,3.7730
23.399,3.7658
23.404,3.7584
23.409,3.7509
23.414,3.7432
23.419,3.7354
23.424,3.7274
23.429,3.7193
23.434,3.7110
23.439,3.7027
23.444,3.6942
23.449,3.6855
23.454,3.6767
23.459,3.6678
23.464,3.6587
23.469,3.6495
23.474,3.6402
23.479,3.6307
23.484,3.6211
23.489,3.6113
23.494,3.6013
23.499,3.5913
23.505,3.5811
23.509,3.5708
23.514,3.5604
23.519,3.5498
23.524,3.5391
23.529,3.5282
23.534,3.5173
23.539,3.5061
23.544,3.4948
23.550,3.4833
23.554,3.4720
23.559,3.4605
23.564,3.4487
23.570,3.4370
23.574,3.4252
23.579,3.4132
23.584,3.4012
23.589,3.3890
23.594,3.3768
23.599,3.3645
23.604,3.3521
23.609,3.3396
23.614,3.3271
23.619,3.3144
23.624,3.3017
23.629,3.2889
23.634,3.2760
23.639,3.2631
23.644,3.2500
23.649,3.2370
23.654,3.2239
23.659,3.2106
23.664,3.1973
23.669,3.1841
23.674,3.1706
23.679,3.1572
23.684,3.1438
23.689,3.1302
23.694,3.1166
23.699,3.1029
23.704,3.0892
23.709,3.0755
23.714,3.0617
23.719,3.0478
23.724,3.0339
23.729,3.0200
23.734,3.0060
23.739,2.9918
23.744,2.9781
23.749,2.9639
23.754,2.9498
23.759,2.9356
23.764,2.9214
23.769,2.9071
23.774,2.8930
23.779,2.8786
23.784,2.8643
23.789,2.8500
23.795,2.8356
23.799,2.8213
23.804,2.8069
23.809,2.7924
23.814,2.7780
23.819,2.7635
23.824,2.7491
23.829,2.7345
23.834,2.7201
23.839,2.7056
23.844,2.6911
23.849,2.6765
23.854,2.6620
23.859,2.6476
23.864,2.6330
23.869,2.6184
23.874,2.6039
23.879,2.5895
23.884,2.5750
23.889,2.5605
23.894,2.5460
23.899,2.5315
23.904,2.5171
23.909,2.5025
23.914,2.4882
23.919,2.4739
23.924,2.4595
23.929,2.4451
23.934,2.4308
23.939,2.4166
23.944,2.4023
23.949,2.3882
23.954,2.3741
23.960,2.3599
23.964,2.3458
23.969,2.3318
23.974,2.3179
23.979,2.3040
23.984,2.2901
23.989,2.2763
23.994,2.2626
23.999,2.2489
24.004,2.2354
24.009,2.2218
24.014,2.2084
24.019,2.1950
24.024,2.1817
24.029,2.1686
24.034,2.1554
24.039,2.1424
24.044,2.1295
24.049,2.1166
24.054,2.1039
24.059,2.0913
24.064,2.0788
24.069,2.0663
24.074,2.0540
24.079,2.0418
24.084,2.0298
24.089,2.0178
24.094,2.0060
24.099,1.9943
24.104,1.9827
24.109,1.9712
24.114,1.9599
24.119,1.9487
24.124,1.9377
24.129,1.9268
24.134,1.9161
24.139,1.9055
24.144,1.8951
24.149,1.8848
24.154,1.8747
24.159,1.8647
24.164,1.8549
24.169,1.8452
24.174,1.8358
24.179,1.8265
24.184,1.8173
24.189,1.8084
24.194,1.7996
24.199,1.7910
24.204,1.7825
24.209,1.7743
24.214,1.7662
24.219,1.7583
24.224,1.7506
24.229,1.7431
24.234,1.7358
24.239,1.7286
24.244,1.7217
24.249,1.7149
24.254,1.7083
24.259,1.7019
24.264,1.6957
24.269,1.6897
24.274,1.6839
24.279,1.6783
24.284,1.6728
24.289,1.6676
24.294,1.6625
24.299,1.6576
24.304,1.6529
24.309,1.6484
24.314,1.6441
24.319,1.6400
24.324,1.6360
24.329,1.6322
24.334,1.6286
24.339,1.6252
24.344,1.6219
24.349,1.6188
24.354,1.6159
24.359,1.6131
24.364,1.6105
24.369,1.6081
24.374,1.6058
24.379,1.6037
24.384,1.6017
24.389,1.5999
24.394,1.5982
24.399,1.5966
24.404,1.5952
24.409,1.5939
24.414,1.5927
24.419,1.5917
24.424,1.5908
24.429,1.5900
24.435,1.5893
24.439,1.5887
24.444,1.5882
24.449,1.5878
24.454,1.5875
24.459,1.5874
24.464,1.5872
24.469,1.5872
24.474,1.5873
24.479,1.5874
24.484,1.5876
24.489,1.5879
24.494,1.5882
24.499,1.5886
24.505,1.5890
24.509,1.5895
24.514,1.5900
24.519,1.5906
24.524,1.5911
24.529,1.5918
24.534,1.5924
24.539,1.5931
24.544,1.5938
24.549,1.5945
24.554,1.5952
24.559,1.5959
24.564,1.5966
24.569,1.5973
24.574,1.5980
24.579,1.5987
24.584,1.5994
24.589,1.6000
24.594,1.6007
24.599,1.6013
24.604,1.6019
24.609,1.6024
24.615,1.6029
24.619,1.6034
24.624,1.6038
24.629,1.6042
24.634,1.6046
24.639,1.6048
24.644,1.6051
24.649,1.6052
24.654,1.6053
24.659,1.6054
24.664,1.6053
24.669,1.6052
24.674,1.6050
24.679,1.6048
24.684,1.6045
24.689,1.6041
24.694,1.6036
24.699,1.6030
24.704,1.6023
24.709,1.6015
24.714,1.6007
24.719,1.5998
24.724,1.5987
24.730,1.5976
24.734,1.5963
24.739,1.5950
24.744,1.5935
24.749,1.5920
24.754,1.5903
24.759,1.5886
24.764,1.5867
24.769,1.5847
24.774,1.5826
24.779,1.5804
24.784,1.5781
24.789,1.5756
24.794,1.5730
24.799,1.5703
24.804,1.5676
24.809,1.5646
24.814,1.5616
24.820,1.5584
24.824,1.5551
24.829,1.5517
24.834,1.5482
24.839,1.5445
24.844,1.5407
24.849,1.5368
24.854,1.5328
24.859,1.5286
24.864,1.5243
24.869,1.5199
24.874,1.5154
24.879,1.5107
24.884,1.5059
24.889,1.5009
24.895,1.4959
24.899,1.4907
24.904,1.4853
24.909,1.4798
24.914,1.4742
24.919,1.4683
24.924,1.4624
24.929,1.4564
24.934,1.4501
24.939,1.4437
24.944,1.4372
24.949,1.4305
24.954,1.4236
24.959,1.4166
24.964,1.4095
24.969,1.4022
24.974,1.3947
24.979,1.3871
24.984,1.3793
24.989,1.3713
24.994,1.3633
24.999,1.3549
25.004,1.3466
25.009,1.3381
25.014,1.3294
25.019,1.3204
25.024,1.3114
25.029,1.3023
25.034,1.2930
25.039,1.2834
25.044,1.2738
25.049,1.2640
25.054,1.2541
25.059,1.2441
25.064,1.2338
25.069,1.2235
25.074,1.2129
25.079,1.2022
25.084,1.1914
25.089,1.1804
25.094,1.1693
25.099,1.1581
25.104,1.1467
25.109,1.1352
25.114,1.1236
25.119,1.1118
25.124,1.0999
25.129,1.0879
25.134,1.0757
25.140,1.0634
25.144,1.0511
25.150,1.0384
25.154,1.0259
25.159,1.0132
25.164,1.0005
25.169,0.9875
25.174,0.9745
25.179,0.9613
25.184,0.9481
25.189,0.9347
25.194,0.9213
25.199,0.9078
25.204,0.8943
25.209,0.8807
25.214,0.8670
25.219,0.8532
25.224,0.8394
25.229,0.8256
25.234,0.8117
25.239,0.7977
25.244,0.7838
25.249,0.7698
25.254,0.7559
25.259,0.7420
25.264,0.7281
25.269,0.7140
25.274,0.7002
25.279,0.6863
25.284,0.6726
25.289,0.6590
25.294,0.6454
25.299,0.6318
25.304,0.6185
25.309,0.6052
25.314,0.5922
25.319,0.5793
25.324,0.5667
25.329,0.5543
25.334,0.5422
25.339,0.5303
25.344,0.5188
25.349,0.5076
25.354,0.4969
25.359,0.4865
25.364,0.4767
25.369,0.4674
25.374,0.4586
25.379,0.4504
25.384,0.4429
25.389,0.4360
25.394,0.4300
25.399,0.4246
25.404,0.4201
25.409,0.4164
25.414,0.4137
25.419,0.4118
25.424,0.4108
25.429,0.4108
25.434,0.4118
25.439,0.4137
25.444,0.4166
25.449,0.4204
25.454,0.4250
25.459,0.4306
25.464,0.4371
25.470,0.4444
25.475,0.4524
25.479,0.4613
25.484,0.4708
25.489,0.4810
25.494,0.4919
25.499,0.5033
25.504,0.5155
25.509,0.5280
25.514,0.5410
25.519,0.5545
25.524,0.5684
25.529,0.5827
25.535,0.5975
25.539,0.6123
25.544,0.6275
25.549,0.6429
25.554,0.6585
25.559,0.6743
25.564,0.6903
25.569,0.7063
25.574,0.7225
25.579,0.7388
25.584,0.7552
25.589,0.7716
25.594,0.7880
25.599,0.8045
25.604,0.8210
25.609,0.8375
25.614,0.8539
25.619,0.8703
25.624,0.8867
25.629,0.9030
25.635,0.9192
25.639,0.9354
25.644,0.9514
25.649,0.9674
25.654,0.9832
25.659,0.9989
25.664,1.0145
25.669,1.0300
25.674,1.0453
25.679,1.0604
25.684,1.0755
25.689,1.0903
25.694,1.1051
25.699,1.1195
25.704,1.1338
25.709,1.1478
25.714,1.1619
25.719,1.1755
25.725,1.1891
25.729,1.2025
25.735,1.2156
25.739,1.2285
25.744,1.2413
25.749,1.2536
25.754,1.2659
25.759,1.2779
25.764,1.2898
25.769,1.3013
25.774,1.3126
25.779,1.3236
25.784,1.3346
25.789,1.3452
25.794,1.3556
25.799,1.3655
25.804,1.3754
25.809,1.3849
25.815,1.3944
25.819,1.4035
25.824,1.4124
25.829,1.4209
25.834,1.4293
25.839,1.4372
25.844,1.4451
25.849,1.4526
25.854,1.4599
25.859,1.4669
25.864,1.4738
25.869,1.4802
25.874,1.4865
25.879,1.4924
25.884,1.4983
25.889,1.5037
25.894,1.5089
25.899,1.5138
25.904,1.5185
25.909,1.5229
25.914,1.5271
25.919,1.5310
25.924,1.5347
25.929,1.5381
25.934,1.5413
25.939,1.5442
25.944,1.5469
25.949,1.5492
25.954,1.5515
25.959,1.5533
25.964,1.5551
25.969,1.5565
25.974,1.5577
25.979,1.5586
25.984,1.5594
25.989,1.5599
25.994,1.5602
25.999,1.5602
26.004,1.5601
26.009,1.5596
26.014,1.5591
26.019,1.5582
26.024,1.5572
26.029,1.5559
26.034,1.5545
26.039,1.5527
26.044,1.5509
26.050,1.5488
26.054,1.5466
26.059,1.5441
26.064,1.5416
26.069,1.5387
26.074,1.5358
26.079,1.5326
26.085,1.5293
26.090,1.5258
26.094,1.5222
26.099,1.5184
26.104,1.5145
26.109,1.5104
26.114,1.5062
26.119,1.5018
26.124,1.4974
26.129,1.4927
26.134,1.4882
26.139,1.4833
26.144,1.4784
26.149,1.4734
26.154,1.4683
26.159,1.4631
26.164,1.4579
26.169,1.4524
26.174,1.4471
26.179,1.4416
26.184,1.4362
26.189,1.4306
26.194,1.4251
26.199,1.4194
26.204,1.4140
26.209,1.4084
26.214,1.4029
26.219,1.3973
26.224,1.3919
26.230,1.3864
26.234,1.3811
26.239,1.3757
26.244,1.3704
26.250,1.3651
26.254,1.3601
26.259,1.3550
26.264,1.3501
26.269,1.3453
26.274,1.3406
26.279,1.3359
26.285,1.3315
26.289,1.3272
26.294,1.3231
26.299,1.3190
26.304,1.3152
26.309,1.3115
26.314,1.3081
26.319,1.3047
26.324,1.3017
26.329,1.2987
26.334,1.2961
26.340,1.2935
26.344,1.2914
26.349,1.2893
26.354,1.2876
26.359,1.2860
26.364,1.2848
26.369,1.2837
26.374,1.2830
26.380,1.2824
26.384,1.2822
26.389,1.2822
26.395,1.2825
26.400,1.2831
26.404,1.2840
26.409,1.2851
26.415,1.2865
26.419,1.2882
26.424,1.2902
26.429,1.2924
26.434,1.2950
26.439,1.2979
26.444,1.3010
26.449,1.3044
26.454,1.3082
26.459,1.3121
26.464,1.3165
26.469,1.3210
26.474,1.3259
26.479,1.3310
26.485,1.3364
26.489,1.3421
26.494,1.3480
26.499,1.3542
26.504,1.3608
26.509,1.3674
26.514,1.3744
26.519,1.3817
26.524,1.3892
26.529,1.3969
26.535,1.4049
26.539,1.4131
26.544,1.4215
26.550,1.4302
26.554,1.4391
26.559,1.4481
26.564,1.4575
26.569,1.4669
26.574,1.4767
26.579,1.4865
26.584,1.4966
26.589,1.5068
26.594,1.5173
26.599,1.5279
26.604,1.5387
26.609,1.5497
26.615,1.5608
26.619,1.5720
26.624,1.5834
26.630,1.5950
26.634,1.6067
26.639,1.6184
26.644,1.6304
26.649,1.6424
26.654,1.6546
26.659,1.6668
26.664,1.6793
26.669,1.6918
26.674,1.7044
26.679,1.7171
26.684,1.7299
26.690,1.7428
26.694,1.7557
26.699,1.7686
26.704,1.7818
26.709,1.7949
26.714,1.8082
26.719,1.8215
26.724,1.8349
26.729,1.8483
26.735,1.8619
26.739,1.8755
26.744,1.8889
26.749,1.9024
26.754,1.9163
26.759,1.9298
26.764,1.9437
26.769,1.9573
26.774,1.9711
26.779,1.9850
26.784,1.9987
26.789,2.0126
26.794,2.0265
26.799,2.0403
26.804,2.0542
26.809,2.0682
26.814,2.0820
26.819,2.0960
26.824,2.1099
26.829,2.1238
26.835,2.1378
26.839,2.1517
26.844,2.1655
26.849,2.1792
26.854,2.1927
26.859,2.2062
26.864,2.2195
26.870,2.2328
26.874,2.2459
26.879,2.2590
26.884,2.2721
26.889,2.2852
26.894,2.2982
26.899,2.3107
26.904,2.3233
26.909,2.3357
26.914,2.3479
26.919,2.3599
26.924,2.3718
26.929,2.3835
26.934,2.3950
26.939,2.4064
26.944,2.4176
26.949,2.4286
26.954,2.4394
26.959,2.4499
26.964,2.4603
26.969,2.4704
26.974,2.4803
26.979,2.4899
26.985,2.4993
26.989,2.5085
26.994,2.5175
26.999,2.5262
27.004,2.5347
27.009,2.5428
27.014,2.5508
27.019,2.5584
27.024,2.5658
27.029,2.5729
27.034,2.5798
27.039,2.5864
27.044,2.5928
27.049,2.5988
27.054,2.6046
27.059,2.6101
27.064,2.6153
27.069,2.6202
27.074,2.6249
27.079,2.6292
27.084,2.6334
27.089,2.6371
27.094,2.6407
27.099,2.6439
27.104,2.6469
27.109,2.6495
27.114,2.6520
27.119,2.6541
27.124,2.6560
27.129,2.6575
27.134,2.6588
27.139,2.6598
27.144,2.6606
27.149,2.6610
27.154,2.6612
27.160,2.6611
27.164,2.6608
27.169,2.6602
27.174,2.6594
27.179,2.6582
27.184,2.6569
27.189,2.6552
27.195,2.6534
27.199,2.6512
27.204,2.6489
27.209,2.6462
27.214,2.6434
27.219,2.6403
27.225,2.6370
27.229,2.6335
27.234,2.6298
27.239,2.6257
27.244,2.6216
27.249,2.6172
27.254,2.6126
27.259,2.6078
27.264,2.6028
27.269,2.5976
27.274,2.5922
27.279,2.5866
27.284,2.5809
27.289,2.5749
27.295,2.5688
27.299,2.5625
27.304,2.5561
27.309,2.5495
27.314,2.5428
27.319,2.5358
27.324,2.5288
27.329,2.5217
27.334,2.5144
27.339,2.5070
27.344,2.4995
27.349,2.4919
27.354,2.4841
27.359,2.4763
27.364,2.4684
27.369,2.4604
27.374,2.4524
27.379,2.4443
27.384,2.4361
27.389,2.4279
27.394,2.4195
27.400,2.4112
27.404,2.4029
27.409,2.3945
27.414,2.3861
27.419,2.3777
27.424,2.3693
27.429,2.3609
27.434,2.3525
27.439,2.3441
27.444,2.3357
27.449,2.3274
27.454,2.3191
27.459,2.3109
27.464,2.3026
27.469,2.2944
27.474,2.2862
27.479,2.2782
27.484,2.2701
27.489,2.2623
27.494,2.2543
27.499,2.2466
27.504,2.2389
27.509,2.2313
27.514,2.2237
27.519,2.2163
27.524,2.2089
27.529,2.2017
27.534,2.1946
27.540,2.1875
27.544,2.1807
27.549,2.1741
27.554,2.1675
27.560,2.1611
27.564,2.1548
27.569,2.1488
27.574,2.1428
27.579,2.1371
27.584,2.1314
27.589,2.1260
27.594,2.1207
27.599,2.1156
27.605,2.1106
27.609,2.1060
27.614,2.1014
27.619,2.0971
27.624,2.0929
27.629,2.0889
27.634,2.0851
27.639,2.0815
27.644,2.0781
27.649,2.0749
27.654,2.0718
27.659,2.0690
27.664,2.0664
27.669,2.0640
27.674,2.0617
27.679,2.0597
27.684,2.0578
27.690,2.0562
27.695,2.0547
27.699,2.0535
27.704,2.0524
27.709,2.0515
27.714,2.0508
27.719,2.0503
27.724,2.0499
27.729,2.0498
27.734,2.0498
27.740,2.0500
27.744,2.0503
27.749,2.0509
27.754,2.0515
27.759,2.0524
27.764,2.0534
27.769,2.0546
27.774,2.0559
27.779,2.0574
27.784,2.0589
27.789,2.0607
27.794,2.0626
27.799,2.0646
27.804,2.0668
27.809,2.0690
27.814,2.0714
27.819,2.0739
27.824,2.0765
27.829,2.0793
27.834,2.0821
27.839,2.0850
27.844,2.0880
27.849,2.0912
27.854,2.0943
27.859,2.0976
27.864,2.1010
27.869,2.1044
27.874,2.1079
27.879,2.1114
27.884,2.1150
27.889,2.1186
27.894,2.1223
27.899,2.1261
27.905,2.1298
27.909,2.1336
27.914,2.1374
27.919,2.1413
27.924,2.1451
27.929,2.1490
27.934,2.1528
27.939,2.1567
27.944,2.1606
27.949,2.1644
27.954,2.1683
27.959,2.1721
27.964,2.1759
27.969,2.1797
27.974,2.1834
27.979,2.1872
27.984,2.1908
27.989,2.1945
27.994,2.1980
27.999,2.2016
28.004,2.2050
28.010,2.2085
28.014,2.2118
28.019,2.2152
28.024,2.2184
28.029,2.2216
28.034,2.2247
28.039,2.2277
28.044,2.2306
28.049,2.2335
28.054,2.2363
28.059,2.2390
28.064,2.2416
28.069,2.2442
28.074,2.2466
28.079,2.2490
28.084,2.2512
28.089,2.2534
28.094,2.2554
28.099,2.2574
28.104,2.2592
28.109,2.2609
28.115,2.2626
28.119,2.2641
28.124,2.2655
28.129,2.2668
28.134,2.2680
28.139,2.2691
28.144,2.2700
28.149,2.2709
28.154,2.2716
28.159,2.2722
28.164,2.2727
28.169,2.2730
28.174,2.2733
28.180,2.2734
28.184,2.2734
28.189,2.2732
28.194,2.2729
28.199,2.2726
28.204,2.2720
28.209,2.2714
28.214,2.2707
28.219,2.2698
28.225,2.2688
28.229,2.2677
28.234,2.2665
28.239,2.2651
28.245,2.2636
28.249,2.2621
28.254,2.2603
28.259,2.2585
28.264,2.2565
28.269,2.2544
28.274,2.2522
28.280,2.2499
28.284,2.2475
28.289,2.2449
28.294,2.2422
28.299,2.2395
28.305,2.2365
28.310,2.2335
28.314,2.2304
28.319,2.2271
28.324,2.2237
28.329,2.2203
28.334,2.2167
28.340,2.2129
28.344,2.2092
28.349,2.2052
28.354,2.2011
28.359,2.1970
28.364,2.1927
28.369,2.1884
28.374,2.1839
28.379,2.1793
28.384,2.1746
28.389,2.1698
28.394,2.1649
28.399,2.1599
28.404,2.1548
28.409,2.1496
28.414,2.1443
28.420,2.1389
28.424,2.1334
28.429,2.1278
28.435,2.1221
28.439,2.1163
28.444,2.1105
28.449,2.1045
28.455,2.0984
28.459,2.0923
28.464,2.0861
28.469,2.0798
28.474,2.0733
28.479,2.0668
28.484,2.0602
28.489,2.0536
28.495,2.0468
28.499,2.0399
28.504,2.0331
28.509,2.0261
28.514,2.0190
28.519,2.0119
28.524,2.0047
28.529,1.9974
28.534,1.9900
28.539,1.9826
28.544,1.9752
28.549,1.9676
28.555,1.9599
28.559,1.9523
28.564,1.9445
28.569,1.9368
28.574,1.9289
28.579,1.9210
28.584,1.9130
28.589,1.9051
28.594,1.8970
28.599,1.8888
28.604,1.8806
28.609,1.8724
28.614,1.8642
28.619,1.8558
28.624,1.8475
28.629,1.8391
28.634,1.8307
28.639,1.8223
28.644,1.8138
28.649,1.8053
28.654,1.7968
28.659,1.7883
28.664,1.7797
28.669,1.7710
28.674,1.7624
28.679,1.7539
28.684,1.7453
28.690,1.7366
28.694,1.7280
28.699,1.7193
28.704,1.7107
28.709,1.7020
28.714,1.6934
28.719,1.6848
28.724,1.6762
28.729,1.6675
28.734,1.6589
28.739,1.6503
28.744,1.6418
28.749,1.6333
28.754,1.6248
28.759,1.6163
28.764,1.6078
28.769,1.5995
28.774,1.5912
28.779,1.5828
28.784,1.5746
28.790,1.5663
28.794,1.5582
28.799,1.5501
28.804,1.5421
28.809,1.5341
28.814,1.5262
28.819,1.5183
28.824,1.5106
28.829,1.5028
28.834,1.4953
28.839,1.4877
28.844,1.4803
28.849,1.4730
28.854,1.4658
28.859,1.4586
28.864,1.4515
28.869,1.4445
28.874,1.4377
28.879,1.4308
28.884,1.4240
28.889,1.4169
28.894,1.4099
28.899,1.4028
28.905,1.3955
28.909,1.3882
28.914,1.3809
28.920,1.3734
28.924,1.3659
28.929,1.3582
28.935,1.3505
28.939,1.3426
28.944,1.3347
28.949,1.3265
28.954,1.3183
28.959,1.3099
28.964,1.3014
28.969,1.2926
28.974,1.2838
28.979,1.2747
28.985,1.2655
28.990,1.2561
28.994,1.2466
28.999,1.2368
29.004,1.2269
29.009,1.2168
29.015,1.2065
29.019,1.1961
29.024,1.1854
29.030,1.1745
29.034,1.1636
29.039,1.1523
29.044,1.1410
29.049,1.1295
29.054,1.1178
29.059,1.1059
29.064,1.0939
29.069,1.0816
29.074,1.0694
29.095,1.0569
29.095,1.0444
29.095,1.0315
29.095,1.0188
29.099,1.0059
29.104,0.9930
29.148,0.9798
29.148,0.9669
29.148,0.9535
29.149,0.9406
29.149,0.9273
29.149,0.9143
29.149,0.9012
29.149,0.8883
29.149,0.8753
29.154,0.8627
29.196,0.8500
29.196,0.8377
29.196,0.8254
29.197,0.8136
29.197,0.8018
29.197,0.7906
29.197,0.7796
29.197,0.7692
29.199,0.7591
29.204,0.7496
29.248,0.7405
29.248,0.7323
29.248,0.7245
29.248,0.7177
29.248,0.7113
29.248,0.7060
29.248,0.7014
29.248,0.6979
29.249,0.6951
29.254,0.6935
29.301,0.6927
29.301,0.6932
29.301,0.6945
29.301,0.6971
29.301,0.7007
29.301,0.7055
29.301,0.7114
29.301,0.7184
29.301,0.7264
29.304,0.7355
29.309,0.7458
29.352,0.7570
29.352,0.7693
29.352,0.7825
29.352,0.7967
29.353,0.8117
29.353,0.8278
29.353,0.8444
29.353,0.8620
29.354,0.8803
29.360,0.8995
29.400,0.9191
29.400,0.9396
29.400,0.9606
29.400,0.9820
29.400,1.0040
29.400,1.0270
29.400,1.0499
29.400,1.0732
29.404,1.0971
29.409,1.1216
29.456,1.1462
29.456,1.1714
29.456,1.1966
29.456,1.2222
29.456,1.2482
29.456,1.2744
29.456,1.3009
29.456,1.3276
29.456,1.3541
29.459,1.3812
29.464,1.4084
29.512,1.4358
29.512,1.4630
29.512,1.4907
29.512,1.5183
29.512,1.5462
29.512,1.5740
29.512,1.6020
29.512,1.6300
29.512,1.6583
29.514,1.6861
29.520,1.7142
29.564,1.7424
29.565,1.7704
29.565,1.7987
29.565,1.8266
29.565,1.8546
29.565,1.8827
29.565,1.9109
29.565,1.9387
29.565,1.9663
29.569,1.9940
29.616,2.0218
29.616,2.0496
29.616,2.0770
29.616,2.1044
29.616,2.1316
29.616,2.1590
29.616,2.1859
29.616,2.2129
29.616,2.2396
29.619,2.2663
29.624,2.2929
29.668,2.3193
29.668,2.3456
29.668,2.3716
29.668,2.3974
29.668,2.4232
29.668,2.4487
29.668,2.4742
29.668,2.4993
29.669,2.5245
29.674,2.5492
29.721,2.5739
29.721,2.5984
29.721,2.6225
29.721,2.6464
29.721,2.6705
29.721,2.6940
29.721,2.7175
29.721,2.7407
29.721,2.7635
29.725,2.7862
29.729,2.8087
29.777,2.8311
29.777,2.8531
29.777,2.8748
29.777,2.8963
29.777,2.9177
29.777,2.9388
29.777,2.9596
29.777,2.9803
29.777,3.0004
29.779,3.0205
29.784,3.0404
29.828,3.0598
29.829,3.0790
29.829,3.0981
29.829,3.1168
29.829,3.1353
29.829,3.1536
29.829,3.1714
29.829,3.1891
29.829,3.2066
29.834,3.2237
29.876,3.2406
29.877,3.2571
29.877,3.2734
29.877,3.2894
29.877,3.3052
29.877,3.3206
29.877,3.3358
29.877,3.3507
29.879,3.3653
29.884,3.3796
29.929,3.3937
29.929,3.4073
29.929,3.4208
29.929,3.4340
29.929,3.4469
29.929,3.4594
29.929,3.4716
29.929,3.4836
29.930,3.4953
29.934,3.5068
29.977,3.5179
29.977,3.5287
29.977,3.5392
29.977,3.5494
29.977,3.5594
29.977,3.5690
29.977,3.5784
29.977,3.5874
29.979,3.5963
29.984,3.6047
30.028,3.6130
30.029,3.6209
30.029,3.6286
30.029,3.6359
30.029,3.6430
30.029,3.6498
30.029,3.6563
30.029,3.6626
30.029,3.6686
30.034,3.6743
30.076,3.6798
30.076,3.6848
30.076,3.6897
30.077,3.6943
30.077,3.6987
30.077,3.7028
30.077,3.7066
30.077,3.7101
30.079,3.7134
30.084,3.7164
30.128,3.7192
30.128,3.7217
30.128,3.7240
30.128,3.7260
30.129,3.7277
30.129,3.7292
30.129,3.7305
30.129,3.7315
30.129,3.7323
30.134,3.7328
30.176,3.7331
30.177,3.7331
30.177,3.7330
30.177,3.7326
30.177,3.7319
30.177,3.7311
30.177,3.7300
30.177,3.7287
30.179,3.7272
30.184,3.7254
30.228,3.7235
30.228,3.7214
30.229,3.7191
30.229,3.7166
30.229,3.7139
30.229,3.7111
30.229,3.7081
30.229,3.7048
30.229,3.7015
30.234,3.6979
30.281,3.6942
30.281,3.6904
30.281,3.6864
30.281,3.6822
30.281,3.6779
30.281,3.6734
30.281,3.6689
30.281,3.6641
30.281,3.6593
30.284,3.6543
30.289,3.6492
30.332,3.6439
30.332,3.6386
30.332,3.6331
30.332,3.6275
30.332,3.6218
30.332,3.6160
30.332,3.6101
30.332,3.6041
30.334,3.5980
30.339,3.5918
30.380,3.5855
30.381,3.5792
30.381,3.5727
30.381,3.5662
30.381,3.5596
30.381,3.5528
30.381,3.5461
30.381,3.5392
30.385,3.5324
30.389,3.5254
30.432,3.5184
30.432,3.5113
30.433,3.5043
30.433,3.4971
30.433,3.4899
30.433,3.4826
30.433,3.4753
30.433,3.4680
30.434,3.4606
30.439,3.4532
30.480,3.4458
30.480,3.4385
30.480,3.4310
30.481,3.4235
30.481,3.4161
30.481,3.4085
30.481,3.4010
30.481,3.3935
30.484,3.3860
30.489,3.3785
30.532,3.3710
30.532,3.3636
30.532,3.3560
30.532,3.3486
30.532,3.3411
30.532,3.3336
30.532,3.3263
30.532,3.3190
30.534,3.3116
30.539,3.3042
30.581,3.2970
30.581,3.2897
30.581,3.2825
30.581,3.2754
30.581,3.2682
30.581,3.2611
30.581,3.2541
30.581,3.2471
30.585,3.2402
30.589,3.2334
30.632,3.2266
30.633,3.2198
30.633,3.2131
30.633,3.2065
30.633,3.2000
30.633,3.1935
30.633,3.1872
30.633,3.1809
30.635,3.1746
30.639,3.1685
30.684,3.1625
30.684,3.1565
30.684,3.1506
30.685,3.1448
30.685,3.1392
30.685,3.1336
30.685,3.1281
30.685,3.1227
30.685,3.1174
30.689,3.1122
30.737,3.1071
30.737,3.1022
30.737,3.0973
30.737,3.0926
30.737,3.0879
30.737,3.0835
30.737,3.0790
30.737,3.0748
30.737,3.0706
30.740,3.0666
30.744,3.0627
30.788,3.0589
30.788,3.0553
30.788,3.0517
30.788,3.0483
30.788,3.0451
30.788,3.0419
30.788,3.0390
30.788,3.0361
30.789,3.0334
30.794,3.0307
30.836,3.0283
30.837,3.0260
30.837,3.0238
30.837,3.0218
30.837,3.0199
30.837,3.0181
30.837,3.0166
30.837,3.0150
30.839,3.0137
30.844,3.0125
30.892,3.0115
30.893,3.0106
30.893,3.0098
30.893,3.0091
30.893,3.0087
30.893,3.0083
30.893,3.0081
30.893,3.0080
30.893,3.0080
30.894,3.0082
30.899,3.0085
30.944,3.0090
30.945,3.0096
30.945,3.0103
30.945,3.0111
30.945,3.0121
30.945,3.0132
30.945,3.0144
30.945,3.0158
30.945,3.0173
30.949,3.0189
30.993,3.0206
30.993,3.0225
30.993,3.0245
30.993,3.0266
30.993,3.0287
30.993,3.0311
30.993,3.0335
30.993,3.0361
30.994,3.0387
30.999,3.0415
31.040,3.0444
31.040,3.0474
31.040,3.0505
31.041,3.0537
31.041,3.0570
31.041,3.0604
31.041,3.0638
31.041,3.0675
31.044,3.0711
31.049,3.0749
31.093,3.0788
31.093,3.0827
31.093,3.0867
31.093,3.0909
31.093,3.0951
31.093,3.0994
31.093,3.1037
31.093,3.1082
31.095,3.1128
31.099,3.1174
31.140,3.1220
31.141,3.1268
31.141,3.1316
31.141,3.1365
31.141,3.1414
31.141,3.1465
31.141,3.1515
31.141,3.1567
31.144,3.1618
31.149,3.1671
31.196,3.1724
31.197,3.1778
31.197,3.1832
31.197,3.1887
31.197,3.1941
31.197,3.1997
31.197,3.2053
31.197,3.2110
31.197,3.2167
31.199,3.2225
31.204,3.2282
31.248,3.2340
31.248,3.2398
31.248,3.2458
31.248,3.2517
31.249,3.2577
31.249,3.2636
31.249,3.2697
31.249,3.2757
31.249,3.2818
31.254,3.2879
31.300,3.2941
31.300,3.3002
31.301,3.3064
31.301,3.3125
31.301,3.3188
31.301,3.3250
31.301,3.3312
31.301,3.3374
31.301,3.3438
31.304,3.3500
31.309,3.3564
31.356,3.3626
31.357,3.3690
31.357,3.3753
31.357,3.3816
31.357,3.3879
31.357,3.3943
31.357,3.4006
31.357,3.4069
31.357,3.4133
31.359,3.4196
31.364,3.4259
31.408,3.4323
31.409,3.4387
31.409,3.4451
31.409,3.4513
31.409,3.4577
31.409,3.4640
31.409,3.4704
31.409,3.4766
31.409,3.4831
31.414,3.4893
31.460,3.4956
31.461,3.5018
31.461,3.5081
31.461,3.5143
31.461,3.5206
31.461,3.5268
31.461,3.5330
31.461,3.5392
31.461,3.5454
31.465,3.5515
31.469,3.5577
31.516,3.5638
31.516,3.5700
31.517,3.5760
31.517,3.5821
31.517,3.5881
31.517,3.5942
31.517,3.6001
31.517,3.6061
31.517,3.6120
31.519,3.6179
31.524,3.6237
31.568,3.6296
31.569,3.6353
31.569,3.6411
31.569,3.6468
31.569,3.6525
31.569,3.6581
31.569,3.6638
31.569,3.6693
31.569,3.6748
31.574,3.6803
31.621,3.6858
31.621,3.6911
31.621,3.6965
31.621,3.7018
31.621,3.7071
31.621,3.7123
31.621,3.7175
31.621,3.7226
31.621,3.7278
31.624,3.7328
31.629,3.7378
31.672,3.7428
31.672,3.7477
31.672,3.7525
31.672,3.7573
31.672,3.7621
31.672,3.7668
31.672,3.7715
31.672,3.7761
31.674,3.7807
31.679,3.7852
31.720,3.7897
31.720,3.7941
31.721,3.7985
31.721,3.8028
31.721,3.8071
31.721,3.8113
31.721,3.8154
31.721,3.8196
31.724,3.8236
31.730,3.8277
31.772,3.8316
31.772,3.8356
31.772,3.8394
31.772,3.8432
31.772,3.8470
31.772,3.8507
31.772,3.8543
31.772,3.8580
31.775,3.8615
31.779,3.8651
31.820,3.8685
31.821,3.8719
31.821,3.8752
31.821,3.8786
31.821,3.8818
31.821,3.8851
31.821,3.8882
31.821,3.8914
31.824,3.8944
31.829,3.8974
31.876,3.9003
31.876,3.9033
31.876,3.9061
31.876,3.9090
31.876,3.9117
31.876,3.9145
31.876,3.9171
31.876,3.9198
31.876,3.9223
31.879,3.9249
31.884,3.9274
31.929,3.9299
31.929,3.9322
31.929,3.9346
31.929,3.9369
31.929,3.9392
31.929,3.9414
31.929,3.9437
31.929,3.9457
31.929,3.9479
31.934,3.9499
31.976,3.9519
31.977,3.9538
31.977,3.9558
31.977,3.9576
31.977,3.9595
31.977,3.9612
31.977,3.9630
31.977,3.9647
31.980,3.9664
31.984,3.9680
32.028,3.9696
32.028,3.9712
32.028,3.9727
32.028,3.9742
32.028,3.9756
32.029,3.9770
32.029,3.9784
32.029,3.9797
32.029,3.9811
32.034,3.9823
32.076,3.9836
32.076,3.9847
32.076,3.9859
32.076,3.9870
32.076,3.9881
32.076,3.9891
32.076,3.9902
32.076,3.9911
32.079,3.9921
32.085,3.9930
32.128,3.9939
32.128,3.9947
32.128,3.9955
32.128,3.9963
32.129,3.9971
32.129,3.9978
32.129,3.9985
32.129,3.9991
32.129,3.9997
32.134,4.0003
32.176,4.0009
32.176,4.0014
32.176,4.0019
32.176,4.0023
32.176,4.0028
32.176,4.0032
32.176,4.0035
32.177,4.0039
32.179,4.0042
32.184,4.0045
32.229,4.0047
32.229,4.0050
32.229,4.0052
32.229,4.0054
32.229,4.0056
32.229,4.0057
32.229,4.0059
32.229,4.0059
32.229,4.0061
32.234,4.0061
32.276,4.0062
32.277,4.0062
32.277,4.0062
32.277,4.0062
32.277,4.0062
32.277,4.0062
32.277,4.0062
32.277,4.0061
32.279,4.0061
32.284,4.0059
32.329,4.0059
32.329,4.0058
32.329,4.0057
32.329,4.0055
32.329,4.0054
32.329,4.0053
32.329,4.0052
32.329,4.0050
32.329,4.0048
32.334,4.0047
32.377,4.0045
32.377,4.0043
32.377,4.0041
32.377,4.0039
32.377,4.0038
32.377,4.0035
32.377,4.0034
32.377,4.0031
32.379,4.0030
32.384,4.0027
32.433,4.0026
32.433,4.0023
32.433,4.0021
32.433,4.0019
32.433,4.0017
32.433,4.0015
32.433,4.0013
32.433,4.0010
32.433,4.0009
32.434,4.0006
32.439,4.0004
32.485,4.0002
32.485,4.0000
32.485,3.9998
32.485,3.9996
32.485,3.9994
32.485,3.9993
32.485,3.9991
32.485,3.9989
32.485,3.9987
32.489,3.9986
32.533,3.9984
32.533,3.9983
32.533,3.9981
32.533,3.9980
32.533,3.9978
32.533,3.9977
32.533,3.9975
32.533,3.9974
32.535,3.9973
32.539,3.9972
32.580,3.9971
32.580,3.9970
32.580,3.9969
32.580,3.9969
32.580,3.9968
32.580,3.9967
32.580,3.9966
32.580,3.9966
32.584,3.9966
32.589,3.9966
32.632,3.9965
32.632,3.9965
32.632,3.9965
32.632,3.9965
32.632,3.9965
32.632,3.9966
32.632,3.9966
32.632,3.9966
32.634,3.9966
32.639,3.9967
32.681,3.9967
32.681,3.9968
32.681,3.9968
32.681,3.9969
32.681,3.9970
32.681,3.9971
32.681,3.9972
32.681,3.9973
32.684,3.9973
32.689,3.9975
32.732,3.9975
32.732,3.9977
32.732,3.9978
32.732,3.9979
32.733,3.9980
32.733,3.9982
32.733,3.9983
32.733,3.9985
32.734,3.9986
32.739,3.9988
32.781,3.9989
32.781,3.9990
32.781,3.9992
32.781,3.9993
32.781,3.9994
32.781,3.9996
32.781,3.9997
32.781,3.9999
32.784,4.0000
32.789,4.0002
32.832,4.0003
32.832,4.0005
32.832,4.0006
32.832,4.0007
32.832,4.0008
32.832,4.0009
32.832,4.0010
32.832,4.0011
32.834,4.0012
32.839,4.0013
32.884,4.0013
32.885,4.0014
32.885,4.0015
32.885,4.0015
32.885,4.0015
32.885,4.0016
32.885,4.0015
32.885,4.0015
32.885,4.0013
32.889,4.0012
32.933,4.0009
32.933,4.0007
32.933,4.0003
32.933,4.0000
32.933,3.9995
32.933,3.9990
32.933,3.9984
32.933,3.9977
32.934,3.9970
32.939,3.9962
32.980,3.9952
32.980,3.9942
32.981,3.9931
32.981,3.9920
32.981,3.9906
32.981,3.9893
32.981,3.9877
32.981,3.9862
32.985,3.9845
32.989,3.9827
33.033,3.9807
33.033,3.9787
33.033,3.9765
33.033,3.9742
33.033,3.9718
33.033,3.9693
33.033,3.9666
33.033,3.9639
33.035,3.9610
33.039,3.9580
33.081,3.9548
33.081,3.9515
33.081,3.9480
33.081,3.9445
33.081,3.9408
33.081,3.9369
33.081,3.9329
33.081,3.9288
33.085,3.9245
33.089,3.9201
33.133,3.9155
33.133,3.9109
33.133,3.9060
33.133,3.9011
33.133,3.8959
33.133,3.8906
33.133,3.8852
33.133,3.8796
33.134,3.8739
33.139,3.8681
33.180,3.8620
33.181,3.8558
33.181,3.8495
33.181,3.8430
33.181,3.8364
33.181,3.8297
33.181,3.8227
33.181,3.8157
33.184,3.8084
33.189,3.8011
33.237,3.7935
33.237,3.7859
33.237,3.7780
33.237,3.7700
33.237,3.7619
33.237,3.7537
33.237,3.7453
33.237,3.7368
33.237,3.7281
33.240,3.7192
33.244,3.7102
33.288,3.7011
33.288,3.6918
33.288,3.6824
33.288,3.6728
33.288,3.6632
33.288,3.6534
33.288,3.6434
33.288,3.6333
33.289,3.6230
33.294,3.6127
33.341,3.6021
33.341,3.5915
33.341,3.5807
33.341,3.5698
33.341,3.5588
33.341,3.5476
33.341,3.5364
33.341,3.5249
33.341,3.5134
33.344,3.5017
33.349,3.4900
33.392,3.4781
33.392,3.4660
33.392,3.4539
33.392,3.4418
33.392,3.4294
33.392,3.4170
33.392,3.4044
33.392,3.3917
33.394,3.3790
33.399,3.3661
33.444,3.3531
33.444,3.3399
33.444,3.3268
33.445,3.3135
33.445,3.3002
33.445,3.2867
33.445,3.2732
33.445,3.2596
33.445,3.2459
33.449,3.2321
33.493,3.2182
33.493,3.2043
33.493,3.1902
33.493,3.1762
33.493,3.1620
33.493,3.1476
33.493,3.1333
33.493,3.1189
33.494,3.1044
33.499,3.0899
33.540,3.0753
33.540,3.0608
33.540,3.0461
33.540,3.0313
33.540,3.0165
33.540,3.0016
33.540,2.9867
33.540,2.9718
33.544,2.9569
33.549,2.9419
33.592,2.9268
33.593,2.9117
33.593,2.8965
33.593,2.8815
33.593,2.8664
33.593,2.8515
33.593,2.8365
33.593,2.8215
33.595,2.8064
33.599,2.7916
33.640,2.7767
33.641,2.7618
33.641,2.7471
33.641,2.7324
33.641,2.7178
33.641,2.7033
33.641,2.6887
33.641,2.6744
33.644,2.6600
33.649,2.6458
33.697,2.6316
33.697,2.6176
33.697,2.6036
33.697,2.5898
33.697,2.5761
33.697,2.5625
33.697,2.5490
33.697,2.5356
33.697,2.5223
33.700,2.5092
33.704,2.4962
33.753,2.4834
33.753,2.4706
33.753,2.4581
33.753,2.4456
33.753,2.4333
33.753,2.4211
33.753,2.4092
33.753,2.3972
33.753,2.3856
33.754,2.3740
33.759,2.3624
33.800,2.3512
33.800,2.3402
33.801,2.3292
33.801,2.3183
33.801,2.3077
33.801,2.2973
33.801,2.2870
33.801,2.2768
33.804,2.2669
33.809,2.2571
33.852,2.2474
33.852,2.2380
33.852,2.2285
33.852,2.2195
33.852,2.2105
33.852,2.2017
33.852,2.1930
33.852,2.1846
33.855,2.1763
33.859,2.1682
33.900,2.1602
33.901,2.1525
33.901,2.1449
33.901,2.1375
33.901,2.1301
33.901,2.1230
33.901,2.1161
33.901,2.1094
33.905,2.1027
33.909,2.0964
33.956,2.0901
33.957,2.0841
33.957,2.0782
33.957,2.0725
33.957,2.0669
33.957,2.0615
33.957,2.0562
33.957,2.0512
33.957,2.0463
33.959,2.0416
33.964,2.0371
34.008,2.0327
34.008,2.0285
34.009,2.0245
34.009,2.0205
34.009,2.0169
34.009,2.0133
34.009,2.0099
34.009,2.0067
34.009,2.0037
34.014,2.0008
34.061,1.9981
34.061,1.9955
34.061,1.9932
34.061,1.9909
34.061,1.9889
34.061,1.9869
34.061,1.9852
34.061,1.9836
34.061,1.9823
34.065,1.9810
34.069,1.9799
34.112,1.9790
34.112,1.9783
34.112,1.9776
34.112,1.9772
34.112,1.9769
34.112,1.9768
34.112,1.9768
34.112,1.9771
34.114,1.9774
34.119,1.9780
34.160,1.9786
34.161,1.9795
34.161,1.9804
34.161,1.9816
34.161,1.9828
34.161,1.9843
34.161,1.9859
34.161,1.9877
34.164,1.9896
34.169,1.9917
34.212,1.9939
34.212,1.9963
34.212,1.9988
34.212,2.0016
34.212,2.0044
34.212,2.0074
34.212,2.0105
34.212,2.0138
34.214,2.0172
34.219,2.0208
34.264,2.0245
34.265,2.0285
34.265,2.0324
34.265,2.0367
34.265,2.0410
34.265,2.0455
34.265,2.0500
34.265,2.0548
34.265,2.0596
34.269,2.0647
34.313,2.0698
34.313,2.0752
34.313,2.0806
34.313,2.0862
34.313,2.0918
34.313,2.0977
34.313,2.1036
34.313,2.1098
34.314,2.1159
34.319,2.1224
34.365,2.1287
34.365,2.1353
34.365,2.1420
34.365,2.1489
34.365,2.1558
34.365,2.1629
34.365,2.1700
34.365,2.1774
34.365,2.1847
34.369,2.1923
34.416,2.1998
34.416,2.2076
34.416,2.2154
34.416,2.2234
34.416,2.2314
34.416,2.2396
34.416,2.2476
34.416,2.2560
34.416,2.2644
34.419,2.2729
34.424,2.2814
34.472,2.2901
34.473,2.2988
34.473,2.3078
34.473,2.3165
34.473,2.3256
34.473,2.3346
34.473,2.3438
34.473,2.3528
34.473,2.3622
34.474,2.3714
34.479,2.3809
34.521,2.3902
34.521,2.3998
34.521,2.4092
34.521,2.4188
34.521,2.4283
34.521,2.4381
34.521,2.4477
34.521,2.4575
34.525,2.4673
34.530,2.4773
34.577,2.4869
34.577,2.4968
34.577,2.5066
34.577,2.5167
34.577,2.5266
34.577,2.5366
34.577,2.5465
34.577,2.5565
34.577,2.5664
34.580,2.5767
34.584,2.5865
34.628,2.5965
34.628,2.6064
34.628,2.6166
34.628,2.6265
34.628,2.6365
34.628,2.6464
34.628,2.6564
34.628,2.6663
34.629,2.6764
34.634,2.6862
34.676,2.6962
34.677,2.7059
34.677,2.7159
34.677,2.7257
34.677,2.7354
34.677,2.7451
34.677,2.7549
34.677,2.7645
34.680,2.7742
34.684,2.7837
34.732,2.7932
34.733,2.8027
34.733,2.8121
34.733,2.8213
34.733,2.8307
34.733,2.8399
34.733,2.8491
34.733,2.8582
34.733,2.8672
34.734,2.8761
34.739,2.8851
34.780,2.8938
34.780,2.9026
34.780,2.9112
34.780,2.9198
34.780,2.9282
34.780,2.9366
34.780,2.9449
34.780,2.9531
34.784,2.9612
34.789,2.9692
34.832,2.9771
34.832,2.9849
34.832,2.9926
34.832,3.0002
34.832,3.0077
34.832,3.0151
34.832,3.0223
34.832,3.0295
34.834,3.0365
34.839,3.0434
34.884,3.0502
34.884,3.0569
34.884,3.0635
34.884,3.0699
34.884,3.0762
34.884,3.0824
34.884,3.0884
34.884,3.0944
34.884,3.1001
34.889,3.1058
34.932,3.1113
34.932,3.1167
34.932,3.1218
34.932,3.1270
34.932,3.1320
34.932,3.1369
34.932,3.1417
34.932,3.1464
34.934,3.1509
34.939,3.1554
34.980,3.1597
34.981,3.1640
34.981,3.1681
34.981,3.1721
34.981,3.1761
34.981,3.1799
34.981,3.1836
34.981,3.1873
34.984,3.1908
34.989,3.1943
35.032,3.1976
35.032,3.2009
35.032,3.2040
35.032,3.2072
35.032,3.2101
35.032,3.2130
35.032,3.2158
35.032,3.2186
35.034,3.2212
35.039,3.2238
35.084,3.2263
35.084,3.2287
35.084,3.2310
35.084,3.2333
35.084,3.2355
35.084,3.2376
35.084,3.2396
35.084,3.2416
35.084,3.2434
35.089,3.2453
35.132,3.2470
35.132,3.2487
35.132,3.2503
35.132,3.2519
35.132,3.2533
35.132,3.2548
35.132,3.2561
35.133,3.2574
35.134,3.2586
35.139,3.2598
35.180,3.2609
35.181,3.2619
35.181,3.2629
35.181,3.2638
35.181,3.2646
35.181,3.2655
35.181,3.2662
35.181,3.2669
35.185,3.2675
35.189,3.2681
35.232,3.2686
35.233,3.2691
35.233,3.2695
35.233,3.2699
35.233,3.2702
35.233,3.2705
35.233,3.2707
35.233,3.2709
35.234,3.2710
35.239,3.2711
35.281,3.2711
35.281,3.2711
35.281,3.2711
35.281,3.2710
35.281,3.2708
35.281,3.2707
35.281,3.2704
35.281,3.2701
35.285,3.2698
35.289,3.2695
35.332,3.2691
35.332,3.2687
35.332,3.2682
35.332,3.2677
35.332,3.2671
35.332,3.2665
35.332,3.2659
35.332,3.2653
35.334,3.2646
35.339,3.2639
35.380,3.2631
35.381,3.2623
35.381,3.2615
35.381,3.2607
35.381,3.2598
35.381,3.2589
35.381,3.2579
35.381,3.2570
35.385,3.2559
35.389,3.2549
35.432,3.2538
35.432,3.2528
35.432,3.2516
35.432,3.2505
35.432,3.2493
35.432,3.2482
35.432,3.2469
35.433,3.2457
35.434,3.2444
35.439,3.2432
35.480,3.2418
35.480,3.2406
35.480,3.2392
35.480,3.2378
35.480,3.2364
35.480,3.2350
35.480,3.2335
35.480,3.2321
35.484,3.2306
35.489,3.2292
35.532,3.2276
35.532,3.2261
35.532,3.2246
35.532,3.2230
35.532,3.2214
35.532,3.2199
35.532,3.2182
35.532,3.2166
35.534,3.2150
35.539,3.2134
35.580,3.2117
35.581,3.2100
35.581,3.2083
35.581,3.2067
35.581,3.2049
35.581,3.2033
35.581,3.2016
35.581,3.1999
35.585,3.1983
35.589,3.1967
35.632,3.1950
35.633,3.1935
35.633,3.1919
35.633,3.1903
35.633,3.1888
35.633,3.1873
35.633,3.1858
35.633,3.1844
35.634,3.1829
35.639,3.1816
35.680,3.1802
35.681,3.1789
35.681,3.1776
35.681,3.1764
35.681,3.1752
35.681,3.1741
35.681,3.1729
35.681,3.1719
35.685,3.1708
35.689,3.1698
35.736,3.1689
35.736,3.1680
35.736,3.1671
35.736,3.1664
35.736,3.1656
35.736,3.1649
35.736,3.1643
35.736,3.1637
35.736,3.1631
35.739,3.1627
35.744,3.1622
35.792,3.1619
35.793,3.1615
35.793,3.1613
35.793,3.1610
35.793,3.1609
35.793,3.1608
35.793,3.1608
35.793,3.1607
35.793,3.1609
35.794,3.1610
35.799,3.1612
35.840,3.1614
35.841,3.1618
35.841,3.1621
35.841,3.1626
35.841,3.1630
35.841,3.1636
35.841,3.1642
35.841,3.1649
35.844,3.1656
35.849,3.1665
35.893,3.1673
35.893,3.1683
35.893,3.1692
35.893,3.1703
35.893,3.1714
35.893,3.1726
35.893,3.1738
35.893,3.1751
35.895,3.1764
35.899,3.1779
35.941,3.1793
35.941,3.1809
35.941,3.1824
35.941,3.1842
35.941,3.1858
35.941,3.1877
35.941,3.1895
35.941,3.1914
35.944,3.1934
35.949,3.1955
35.992,3.1975
35.993,3.1997
35.993,3.2019
35.993,3.2042
35.993,3.2065
35.993,3.2089
35.993,3.2113
35.993,3.2139
35.994,3.2164
35.999,3.2191
36.040,3.2217
36.041,3.2245
36.041,3.2273
36.041,3.2301
36.041,3.2330
36.041,3.2360
36.041,3.2390
36.041,3.2421
36.044,3.2453
36.049,3.2485
36.092,3.2517
36.093,3.2551
36.093,3.2584
36.093,3.2618
36.093,3.2653
36.093,3.2689
36.093,3.2724
36.093,3.2761
36.094,3.2797
36.099,3.2835
36.140,3.2872
36.141,3.2911
36.141,3.2949
36.141,3.2989
36.141,3.3028
36.141,3.3069
36.141,3.3109
36.141,3.3151
36.144,3.3192
36.149,3.3234
36.193,3.3276
36.193,3.3319
36.193,3.3362
36.193,3.3406
36.193,3.3450
36.193,3.3495
36.193,3.3540
36.193,3.3585
36.195,3.3631
36.199,3.3677
36.240,3.3723
36.241,3.3771
36.241,3.3818
36.241,3.3866
36.241,3.3913
36.241,3.3961
36.241,3.4009
36.241,3.4058
36.245,3.4106
36.249,3.4155
36.292,3.4204
36.292,3.4254
36.292,3.4303
36.292,3.4354
36.293,3.4403
36.293,3.4453
36.293,3.4503
36.293,3.4553
36.294,3.4603
36.299,3.4654
36.340,3.4704
36.341,3.4756
36.341,3.4806
36.341,3.4857
36.341,3.4907
36.341,3.4958
36.341,3.5009
36.341,3.5060
36.345,3.5111
36.350,3.5162
36.393,3.5213
36.393,3.5264
36.393,3.5315
36.393,3.5366
36.393,3.5416
36.393,3.5467
36.393,3.5518
36.393,3.5569
36.394,3.5619
36.399,3.5670
36.444,3.5720
36.444,3.5771
36.444,3.5821
36.444,3.5871
36.444,3.5921
36.444,3.5971
36.444,3.6021
36.444,3.6071
36.444,3.6120
36.449,3.6170
36.492,3.6219
36.492,3.6268
36.492,3.6317
36.492,3.6366
36.492,3.6414
36.493,3.6463
36.493,3.6511
36.493,3.6559
36.495,3.6607
36.499,3.6655
36.540,3.6702
36.540,3.6750
36.540,3.6797
36.540,3.6844
36.540,3.6890
36.540,3.6937
36.540,3.6983
36.540,3.7029
36.544,3.7074
36.549,3.7120
36.592,3.7166
36.592,3.7211
36.592,3.7255
36.592,3.7300
36.592,3.7344
36.592,3.7388
36.592,3.7432
36.592,3.7476
36.594,3.7518
36.599,3.7562
36.640,3.7604
36.640,3.7647
36.640,3.7689
36.640,3.7731
36.640,3.7772
36.640,3.7814
36.640,3.7854
36.640,3.7895
36.644,3.7935
36.649,3.7976
36.692,3.8015
36.692,3.8054
36.692,3.8093
36.692,3.8132
36.692,3.8170
36.692,3.8209
36.692,3.8246
36.692,3.8284
36.694,3.8321
36.699,3.8358
36.740,3.8394
36.740,3.8430
36.740,3.8466
36.740,3.8502
36.740,3.8537
36.740,3.8572
36.740,3.8605
36.740,3.8640
36.744,3.8673
36.749,3.8707
36.792,3.8740
36.792,3.8773
36.793,3.8805
36.793,3.8837
36.793,3.8868
36.793,3.8900
36.793,3.8930
36.793,3.8961
36.794,3.8991
36.799,3.9021
36.840,3.9050
36.841,3.9079
36.841,3.9107
36.841,3.9136
36.841,3.9163
36.841,3.9191
36.841,3.9218
36.841,3.9245
36.845,3.9271
36.849,3.9297
36.893,3.9322
36.893,3.9348
36.893,3.9372
36.893,3.9397
36.893,3.9420
36.893,3.9444
36.893,3.9467
36.893,3.9490
36.894,3.9511
36.899,3.9534
36.940,3.9554
36.941,3.9576
36.941,3.9596
36.941,3.9616
36.941,3.9635
36.941,3.9654
36.941,3.9672
36.941,3.9691
36.945,3.9708
36.949,3.9725
36.992,3.9741
36.992,3.9758
36.993,3.9773
36.993,3.9789
36.993,3.9803
36.993,3.9818
36.993,3.9831
36.993,3.9845
36.995,3.9857
36.999,3.9870
37.041,3.9881
37.041,3.9893
37.041,3.9904
37.041,3.9915
37.041,3.9924
37.041,3.9934
37.041,3.9943
37.041,3.9952
37.045,3.9960
37.049,3.9969
37.093,3.9976
37.093,3.9983
37.093,3.9989
37.093,3.9996
37.093,4.0001
37.093,4.0007
37.093,4.0012
37.093,4.0017
37.095,4.0021
37.099,4.0025
37.141,4.0028
37.141,4.0032
37.141,4.0034
37.141,4.0037
37.141,4.0038
37.141,4.0041
37.141,4.0042
37.141,4.0043
37.145,4.0043
37.149,4.0044
37.192,4.0044
37.193,4.0044
37.193,4.0043
37.193,4.0043
37.193,4.0042
37.193,4.0041
37.193,4.0039
37.193,4.0037
37.194,4.0035
37.199,4.0033
37.240,4.0030
37.240,4.0028
37.240,4.0024
37.240,4.0021
37.240,4.0018
37.240,4.0014
37.240,4.0010
37.240,4.0007
37.244,4.0002
37.249,3.9998
37.296,3.9993
37.296,3.9989
37.296,3.9984
37.296,3.9979
37.296,3.9973
37.296,3.9969
37.296,3.9963
37.296,3.9958
37.296,3.9952
37.299,3.9946
37.304,3.9940
37.348,3.9935
37.348,3.9928
37.348,3.9923
37.348,3.9916
37.348,3.9910
37.348,3.9904
37.348,3.9898
37.348,3.9891
37.349,3.9885
37.354,3.9878
37.397,3.9872
37.397,3.9865
37.397,3.9859
37.397,3.9852
37.397,3.9846
37.397,3.9839
37.397,3.9832
37.397,3.9825
37.399,3.9819
37.404,3.9812
37.448,3.9806
37.449,3.9799
37.449,3.9792
37.449,3.9785
37.449,3.9779
37.449,3.9772
37.449,3.9766
37.449,3.9759
37.449,3.9753
37.454,3.9746
37.496,3.9740
37.496,3.9734
37.496,3.9728
37.496,3.9721
37.496,3.9715
37.496,3.9709
37.496,3.9703
37.496,3.9696
37.499,3.9691
37.504,3.9684
37.548,3.9679
37.548,3.9673
37.548,3.9667
37.549,3.9661
37.549,3.9656
37.549,3.9650
37.549,3.9644
37.549,3.9639
37.549,3.9633
37.554,3.9627
37.600,3.9622
37.600,3.9616
37.601,3.9611
37.601,3.9605
37.601,3.9599
37.601,3.9593
37.601,3.9587
37.601,3.9581
37.601,3.9575
37.604,3.9568
37.609,3.9562
37.652,3.9555
37.653,3.9549
37.653,3.9542
37.653,3.9535
37.653,3.9528
37.653,3.9521
37.653,3.9513
37.653,3.9506
37.655,3.9498
37.659,3.9490
37.700,3.9481
37.701,3.9473
37.701,3.9464
37.701,3.9456
37.701,3.9447
37.701,3.9438
37.701,3.9428
37.701,3.9418
37.705,3.9408
37.710,3.9398
37.753,3.9387
37.753,3.9376
37.753,3.9365
37.753,3.9354
37.753,3.9342
37.753,3.9331
37.753,3.9318
37.753,3.9306
37.754,3.9293
37.759,3.9281
37.800,3.9267
37.800,3.9254
37.800,3.9240
37.800,3.9226
37.801,3.9212
37.801,3.9198
37.801,3.9183
37.801,3.9168
37.804,3.9153
37.809,3.9138
37.852,3.9121
37.852,3.9106
37.852,3.9089
37.852,3.9073
37.852,3.9056
37.852,3.9040
37.853,3.9023
37.853,3.9006
37.854,3.8988
37.859,3.8971
37.900,3.8953
37.901,3.8936
37.901,3.8917
37.901,3.8900
37.901,3.8881
37.901,3.8863
37.901,3.8844
37.901,3.8826
37.904,3.8807
37.909,3.8789
37.956,3.8769
37.956,3.8751
37.956,3.8731
37.956,3.8713
37.956,3.8693
37.956,3.8675
37.957,3.8655
37.957,3.8637
37.957,3.8617
37.960,3.8598
37.964,3.8579
38.008,3.8560
38.008,3.8541
38.008,3.8522
38.008,3.8503
38.008,3.8485
38.008,3.8465
38.008,3.8447
38.008,3.8428
38.009,3.8410
38.014,3.8391
38.057,3.8373
38.057,3.8355
38.057,3.8337
38.057,3.8319
38.057,3.8302
38.057,3.8284
38.057,3.8267
38.057,3.8249
38.060,3.8233
38.065,3.8215
38.113,3.8199
38.113,3.8183
38.113,3.8167
38.113,3.8151
38.113,3.8135
38.113,3.8119
38.113,3.8105
38.113,3.8089
38.113,3.8075
38.115,3.8060
38.119,3.8046
38.160,3.8032
38.160,3.8019
38.160,3.8005
38.160,3.7992
38.161,3.7979
38.161,3.7967
38.161,3.7954
38.161,3.7942
38.165,3.7930
38.169,3.7918
38.213,3.7907
38.213,3.7896
38.213,3.7885
38.213,3.7875
38.213,3.7864
38.213,3.7855
38.213,3.7844
38.213,3.7835
38.215,3.7826
38.219,3.7818
38.264,3.7809
38.265,3.7802
38.265,3.7795
38.265,3.7790
38.265,3.7784
38.265,3.7779
38.265,3.7774
38.265,3.7771
38.265,3.7767
38.269,3.7765
38.312,3.7763
38.313,3.7762
38.313,3.7761
38.313,3.7761
38.313,3.7762
38.313,3.7763
38.313,3.7765
38.313,3.7768
38.314,3.7771
38.319,3.7776
38.361,3.7780
38.361,3.7786
38.361,3.7791
38.361,3.7798
38.361,3.7805
38.361,3.7813
38.361,3.7821
38.361,3.7830
38.364,3.7839
38.369,3.7850
38.416,3.7860
38.416,3.7872
38.417,3.7883
38.417,3.7895
38.417,3.7907
38.417,3.7921
38.417,3.7934
38.417,3.7948
38.417,3.7962
38.419,3.7977
38.424,3.7992
38.469,3.8008
38.469,3.8024
38.469,3.8041
38.469,3.8057
38.469,3.8074
38.469,3.8091
38.469,3.8109
38.469,3.8127
38.469,3.8145
38.474,3.8163
38.520,3.8182
38.521,3.8201
38.521,3.8220
38.521,3.8239
38.521,3.8259
38.521,3.8278
38.521,3.8298
38.521,3.8317
38.521,3.8338
38.524,3.8358
38.529,3.8378
38.572,3.8398
38.573,3.8419
38.573,3.8439
38.573,3.8459
38.573,3.8479
38.573,3.8500
38.573,3.8520
38.573,3.8541
38.574,3.8560
38.580,3.8581
38.620,3.8601
38.620,3.8621
38.620,3.8640
38.620,3.8660
38.620,3.8680
38.620,3.8700
38.620,3.8719
38.620,3.8738
38.625,3.8757
38.629,3.8777
38.672,3.8795
38.673,3.8814
38.673,3.8832
38.673,3.8850
38.673,3.8868
38.673,3.8886
38.673,3.8903
38.673,3.8921
38.675,3.8938
38.679,3.8955
38.720,3.8971
38.721,3.8988
38.721,3.9003
38.721,3.9020
38.721,3.9035
38.721,3.9050
38.721,3.9065
38.721,3.9080
38.724,3.9094
38.729,3.9108
38.772,3.9122
38.772,3.9136
38.772,3.9148
38.772,3.9162
38.773,3.9174
38.773,3.9186
38.773,3.9198
38.773,3.9210
38.775,3.9220
38.779,3.9232
38.820,3.9242
38.820,3.9253
38.820,3.9262
38.820,3.9272
38.820,3.9281
38.820,3.9291
38.820,3.9299
38.820,3.9308
38.824,3.9315
38.829,3.9323
38.873,3.9330
38.873,3.9338
38.873,3.9344
38.873,3.9351
38.873,3.9356
38.873,3.9362
38.873,3.9367
38.873,3.9373
38.874,3.9377
38.879,3.9382
38.920,3.9385
38.921,3.9390
38.921,3.9393
38.921,3.9397
38.921,3.9399
38.921,3.9403
38.921,3.9405
38.921,3.9408
38.924,3.9410
38.929,3.9412
38.972,3.9414
38.973,3.9416
38.973,3.9417
38.973,3.9419
38.973,3.9420
38.973,3.9421
38.973,3.9422
38.973,3.9423
38.974,3.9423
38.979,3.9424
39.021,3.9425
39.021,3.9426
39.021,3.9426
39.021,3.9426
39.021,3.9426
39.021,3.9427
39.021,3.9426
39.021,3.9427
39.025,3.9427
39.030,3.9427
39.072,3.9427
39.073,3.9427
39.073,3.9427
39.073,3.9427
39.073,3.9427
39.073,3.9427
39.073,3.9427
39.073,3.9427
39.075,3.9427
39.079,3.9427
39.121,3.9427
39.121,3.9427
39.121,3.9427
39.121,3.9428
39.121,3.9428
39.121,3.9429
39.121,3.9429
39.121,3.9430
39.125,3.9430
39.129,3.9431
39.172,3.9432
39.173,3.9433
39.173,3.9433
39.173,3.9435
39.173,3.9436
39.173,3.9437
39.173,3.9438
39.173,3.9440
39.174,3.9442
39.179,3.9444
39.220,3.9445
39.221,3.9448
39.221,3.9449
39.221,3.9452
39.221,3.9454
39.221,3.9457
39.221,3.9459
39.221,3.9463
39.225,3.9465
39.229,3.9469
39.273,3.9471
39.273,3.9475
39.273,3.9479
39.273,3.9483
39.273,3.9486
39.273,3.9491
39.273,3.9494
39.273,3.9499
39.274,3.9503
39.279,3.9508
39.320,3.9513
39.321,3.9518
39.321,3.9523
39.321,3.9528
39.321,3.9533
39.321,3.9539
39.321,3.9544
39.321,3.9550
39.324,3.9556
39.329,3.9563
39.373,3.9568
39.373,3.9575
39.373,3.9581
39.373,3.9589
39.373,3.9595
39.373,3.9602
39.373,3.9608
39.373,3.9616
39.374,3.9623
39.379,3.9630
39.420,3.9637
39.421,3.9645
39.421,3.9652
39.421,3.9660
39.421,3.9667
39.421,3.9676
39.421,3.9683
39.421,3.9691
39.424,3.9699
39.429,3.9708
39.472,3.9715
39.472,3.9724
39.472,3.9732
39.473,3.9740
39.473,3.9748
39.473,3.9757
39.473,3.9765
39.473,3.9774
39.474,3.9782
39.479,3.9791
39.525,3.9798
39.525,3.9807
39.525,3.9815
39.525,3.9824
39.525,3.9832
39.525,3.9840
39.525,3.9848
39.525,3.9857
39.525,3.9864
39.529,3.9872
39.576,3.9880
39.577,3.9888
39.577,3.9894
39.577,3.9902
39.577,3.9908
39.577,3.9914
39.577,3.9919
39.577,3.9925
39.577,3.9929
39.579,3.9934
39.584,3.9937
39.628,3.9941
39.629,3.9943
39.629,3.9945
39.629,3.9946
39.629,3.9947
39.629,3.9947
39.629,3.9946
39.629,3.9944
39.629,3.9942
39.634,3.9939
39.676,3.9935
39.677,3.9930
39.677,3.9925
39.677,3.9918
39.677,3.9911
39.677,3.9902
39.677,3.9893
39.677,3.9882
39.679,3.9871
39.684,3.9859
39.728,3.9846
39.729,3.9831
39.729,3.9816
39.729,3.9799
39.729,3.9782
39.729,3.9763
39.729,3.9743
39.729,3.9722
39.729,3.9701
39.734,3.9677
39.777,3.9653
39.777,3.9627
39.777,3.9601
39.777,3.9573
39.777,3.9545
39.777,3.9514
39.777,3.9483
39.777,3.9451
39.779,3.9417
39.784,3.9382
39.829,3.9347
39.829,3.9310
39.829,3.9272
39.829,3.9232
39.829,3.9192
39.829,3.9150
39.829,3.9107
39.829,3.9063
39.830,3.9019
39.834,3.8972
39.877,3.8925
39.877,3.8877
39.877,3.8827
39.877,3.8776
39.877,3.8725
39.877,3.8672
39.877,3.8619
39.877,3.8564
39.879,3.8508
39.884,3.8452
39.933,3.8394
39.933,3.8335
39.933,3.8275
39.933,3.8215
39.933,3.8154
39.933,3.8091
39.933,3.8028
39.933,3.7963
39.933,3.7898
39.934,3.7833
39.939,3.7766
39.985,3.7699
39.985,3.7631
39.985,3.7562
39.985,3.7492
39.985,3.7422
39.985,3.7351
39.985,3.7279
39.985,3.7207
39.985,3.7134
39.989,3.7061
40.032,3.6987
40.033,3.6912
40.033,3.6838
40.033,3.6762
40.033,3.6686
40.033,3.6610
40.033,3.6533
40.033,3.6456
40.035,3.6378
40.039,3.6301
40.081,3.6223
40.081,3.6144
40.081,3.6065
40.081,3.5987
40.081,3.5907
40.081,3.5829
40.081,3.5749
40.081,3.5670
40.085,3.5590
40.089,3.5510
40.132,3.5431
40.132,3.5351
40.132,3.5271
40.132,3.5192
40.132,3.5111
40.132,3.5032
40.132,3.4952
40.132,3.4873
40.134,3.4794
40.139,3.4715
40.181,3.4636
40.181,3.4557
40.181,3.4478
40.181,3.4400
40.181,3.4321
40.181,3.4243
40.181,3.4166
40.181,3.4089
40.185,3.4012
40.189,3.3935
40.232,3.3860
40.233,3.3785
40.233,3.3710
40.233,3.3636
40.233,3.3563
40.233,3.3491
40.233,3.3419
40.233,3.3348
40.234,3.3277
40.239,3.3208
40.284,3.3139
40.285,3.3072
40.285,3.3004
40.285,3.2938
40.285,3.2872
40.285,3.2808
40.285,3.2743
40.285,3.2680
40.285,3.2617
40.289,3.2556
40.333,3.2495
40.333,3.2435
40.333,3.2375
40.333,3.2317
40.333,3.2259
40.333,3.2202
40.333,3.2145
40.333,3.2089
40.335,3.2033
40.339,3.1979
40.380,3.1925
40.381,3.1871
40.381,3.1818
40.381,3.1767
40.381,3.1715
40.381,3.1664
40.381,3.1613
40.381,3.1563
40.384,3.1513
40.389,3.1464
40.432,3.1416
40.432,3.1368
40.433,3.1320
40.433,3.1273
40.433,3.1226
40.433,3.1181
40.433,3.1135
40.433,3.1090
40.435,3.1045
40.439,3.1001
40.480,3.0957
40.481,3.0914
40.481,3.0871
40.481,3.0829
40.481,3.0787
40.481,3.0746
40.481,3.0704
40.481,3.0664
40.485,3.0624
40.489,3.0585
40.532,3.0546
40.533,3.0508
40.533,3.0470
40.533,3.0434
40.533,3.0397
40.533,3.0361
40.533,3.0326
40.533,3.0292
40.535,3.0257
40.539,3.0224
40.580,3.0192
40.580,3.0160
40.580,3.0129
40.580,3.0099
40.580,3.0069
40.580,3.0041
40.580,3.0013
40.580,2.9987
40.584,2.9961
40.589,2.9937
40.632,2.9913
40.633,2.9892
40.633,2.9870
40.633,2.9851
40.633,2.9832
40.633,2.9816
40.633,2.9800
40.633,2.9787
40.634,2.9773
40.639,2.9763
40.680,2.9752
40.681,2.9745
40.681,2.9737
40.681,2.9734
40.681,2.9729
40.681,2.9728
40.681,2.9727
40.681,2.9730
40.685,2.9732
40.689,2.9738
40.732,2.9744
40.733,2.9754
40.733,2.9763
40.733,2.9777
40.733,2.9790
40.733,2.9807
40.733,2.9824
40.733,2.9845
40.734,2.9865
40.739,2.9891
40.780,2.9915
40.781,2.9944
40.781,2.9972
40.781,3.0005
40.781,3.0037
40.781,3.0074
40.781,3.0110
40.781,3.0151
40.784,3.0191
40.789,3.0236
40.833,3.0280
40.833,3.0329
40.833,3.0378
40.833,3.0431
40.833,3.0483
40.833,3.0538
40.833,3.0594
40.833,3.0653
40.834,3.0712
40.839,3.0774
40.880,3.0837
40.881,3.0902
40.881,3.0966
40.881,3.1035
40.881,3.1104
40.881,3.1176
40.881,3.1249
40.881,3.1324
40.885,3.1399
40.889,3.1478
40.933,3.1556
40.933,3.1638
40.933,3.1720
40.933,3.1805
40.933,3.1889
40.933,3.1976
40.933,3.2063
40.933,3.2153
40.934,3.2243
40.939,3.2336
40.985,3.2428
40.985,3.2523
40.985,3.2616
40.985,3.2713
40.985,3.2809
40.985,3.2907
40.985,3.3005
40.985,3.3105
40.985,3.3204
40.989,3.3305
41.036,3.3406
41.036,3.3508
41.036,3.3609
41.036,3.3712
41.036,3.3813
41.036,3.3917
41.036,3.4020
41.037,3.4125
41.037,3.4228
41.039,3.4332
41.044,3.4435
41.089,3.4540
41.089,3.4643
41.089,3.4747
41.089,3.4850
41.089,3.4954
41.089,3.5057
41.089,3.5161
41.089,3.5262
41.090,3.5365
41.094,3.5466
41.141,3.5568
41.141,3.5668
41.141,3.5769
41.141,3.5868
41.141,3.5967
41.141,3.6065
41.141,3.6163
41.141,3.6259
41.141,3.6356
41.144,3.6451
41.149,3.6546
41.192,3.6639
41.192,3.6732
41.192,3.6824
41.192,3.6914
41.192,3.7003
41.192,3.7093
41.192,3.7180
41.192,3.7267
41.194,3.7352
41.199,3.7437
41.244,3.7519
41.244,3.7601
41.244,3.7682
41.244,3.7762
41.244,3.7840
41.244,3.7918
41.244,3.7993
41.244,3.8068
41.245,3.8140
41.249,3.8213
41.292,3.8283
41.293,3.8353
41.293,3.8420
41.293,3.8486
41.293,3.8552
41.293,3.8615
41.293,3.8677
41.293,3.8739
41.295,3.8798
41.299,3.8856
41.340,3.8913
41.341,3.8968
41.341,3.9022
41.341,3.9075
41.341,3.9125
41.341,3.9175
41.341,3.9223
41.341,3.9270
41.344,3.9316
41.349,3.9360
41.392,3.9402
41.393,3.9443
41.393,3.9483
41.393,3.9521
41.393,3.9558
41.393,3.9593
41.393,3.9627
41.393,3.9660
41.394,3.9691
41.399,3.9721
41.441,3.9749
41.441,3.9777
41.441,3.9803
41.441,3.9827
41.441,3.9850
41.441,3.9872
41.441,3.9893
41.441,3.9912
41.445,3.9930
41.449,3.9947
41.496,3.9962
41.497,3.9977
41.497,3.9990
41.497,4.0002
41.497,4.0012
41.497,4.0022
41.497,4.0030
41.497,4.0038
41.497,4.0043
41.499,4.0049
41.504,4.0052
41.553,4.0055
41.553,4.0057
41.553,4.0058
41.553,4.0058
41.553,4.0057
41.553,4.0054
41.553,4.0051
41.553,4.0047
41.553,4.0042
41.555,4.0036
41.559,4.0030
41.600,4.0023
41.600,4.0015
41.600,4.0006
41.600,3.9997
41.600,3.9986
41.600,3.9976
41.600,3.9964
41.601,3.9952
41.604,3.9939
41.609,3.9926
41.652,3.9912
41.653,3.9898
41.653,3.9884
41.653,3.9869
41.653,3.9853
41.653,3.9837
41.653,3.9821
41.653,3.9804
41.654,3.9787
41.659,3.9770
41.704,3.9752
41.704,3.9734
41.704,3.9716
41.704,3.9697
41.704,3.9679
41.704,3.9660
41.704,3.9641
41.704,3.9622
41.704,3.9602
41.709,3.9583
41.758,3.9564
41.758,3.9545
41.758,3.9525
41.758,3.9506
41.758,3.9486
41.758,3.9466
41.758,3.9447
41.758,3.9428
41.758,3.9408
41.759,3.9389
41.764,3.9370
41.808,3.9351
41.808,3.9332
41.808,3.9314
41.808,3.9295
41.808,3.9277
41.808,3.9258
41.808,3.9241
41.808,3.9223
41.809,3.9206
41.815,3.9188
41.861,3.9172
41.861,3.9155
41.861,3.9139
41.861,3.9122
41.861,3.9107
41.861,3.9091
41.861,3.9076
41.861,3.9061
41.861,3.9047
41.864,3.9033
41.869,3.9019
41.913,3.9006
41.913,3.8993
41.913,3.8980
41.913,3.8968
41.913,3.8956
41.913,3.8944
41.913,3.8933
41.913,3.8922
41.914,3.8912
41.919,3.8902
41.965,3.8892
41.965,3.8883
41.965,3.8874
41.965,3.8866
41.965,3.8858
41.965,3.8851
41.965,3.8844
41.965,3.8837
41.965,3.8831
41.969,3.8825
42.012,3.8819
42.012,3.8814
42.012,3.8809
42.012,3.8805
42.012,3.8801
42.012,3.8798
42.012,3.8794
42.012,3.8792
42.014,3.8789
42.020,3.8787
42.064,3.8785
42.064,3.8783
42.064,3.8782
42.064,3.8781
42.064,3.8780
42.064,3.8780
42.064,3.8780
42.064,3.8780
42.065,3.8780
42.069,3.8781
42.112,3.8782
42.113,3.8783
42.113,3.8784
42.113,3.8786
42.113,3.8787
42.113,3.8789
42.113,3.8791
42.113,3.8793
42.115,3.8795
42.119,3.8797
42.160,3.8799
42.160,3.8802
42.160,3.8804
42.160,3.8807
42.160,3.8809
42.160,3.8812
42.160,3.8814
42.160,3.8816
42.164,3.8818
42.169,3.8821
42.213,3.8823
42.213,3.8825
42.213,3.8827
42.213,3.8829
42.213,3.8831
42.213,3.8832
42.213,3.8833
42.213,3.8835
42.214,3.8835
42.219,3.8836
42.261,3.8836
42.261,3.8836
42.261,3.8834
42.261,3.8832
42.261,3.8829
42.261,3.8826
42.261,3.8821
42.261,3.8815
42.264,3.8808
42.269,3.8801
42.317,3.8792
42.317,3.8782
42.317,3.8770
42.317,3.8757
42.317,3.8743
42.317,3.8728
42.317,3.8711
42.317,3.8693
42.317,3.8673
42.319,3.8652
42.324,3.8629
42.368,3.8604
42.369,3.8578
42.369,3.8550
42.369,3.8520
42.369,3.8489
42.369,3.8456
42.369,3.8421
42.369,3.8384
42.369,3.8345
42.374,3.8304
42.416,3.8262
42.416,3.8218
42.416,3.8171
42.416,3.8123
42.416,3.8073
42.416,3.8020
42.416,3.7966
42.416,3.7909
42.419,3.7851
42.424,3.7791
42.468,3.7728
42.468,3.7664
42.469,3.7597
42.469,3.7528
42.469,3.7457
42.469,3.7384
42.469,3.7309
42.469,3.7232
42.469,3.7153
42.474,3.7072
42.520,3.6988
42.521,3.6903
42.521,3.6815
42.521,3.6725
42.521,3.6634
42.521,3.6540
42.521,3.6444
42.521,3.6346
42.521,3.6246
42.524,3.6144
42.529,3.6039
42.572,3.5933
42.572,3.5825
42.572,3.5714
42.572,3.5602
42.572,3.5488
42.572,3.5371
42.572,3.5253
42.572,3.5132
42.574,3.5010
42.579,3.4885
42.620,3.4759
42.620,3.4631
42.620,3.4501
42.620,3.4370
42.620,3.4236
42.620,3.4101
42.620,3.3964
42.620,3.3825
42.624,3.3683
42.629,3.3540
42.672,3.3395
42.672,3.3249
42.672,3.3102
42.672,3.2952
42.673,3.2801
42.673,3.2648
42.673,3.2493
42.673,3.2336
42.674,3.2179
42.680,3.2019
42.720,3.1858
42.720,3.1694
42.720,3.1532
42.720,3.1367
42.720,3.1200
42.720,3.1032
42.720,3.0861
42.720,3.0691
42.724,3.0518
42.729,3.0344
42.772,3.0169
42.772,2.9992
42.772,2.9815
42.772,2.9637
42.772,2.9457
42.772,2.9276
42.772,2.9093
42.772,2.8909
42.774,2.8725
42.779,2.8540
42.820,2.8354
42.820,2.8166
42.820,2.7977
42.820,2.7789
42.820,2.7599
42.820,2.7408
42.820,2.7216
42.820,2.7023
42.824,2.6830
42.829,2.6636
42.872,2.6441
42.873,2.6245
42.873,2.6049
42.873,2.5850
42.873,2.5654
42.873,2.5456
42.873,2.5258
42.873,2.5057
42.874,2.4859
42.879,2.4657
42.920,2.4459
42.920,2.4257
42.920,2.4056
42.920,2.3853
42.920,2.3653
42.920,2.3453
42.920,2.3249
42.920,2.3049
42.924,2.2844
42.929,2.2640
42.973,2.2437
42.973,2.2234
42.973,2.2031
42.973,2.1826
42.973,2.1622
42.973,2.1418
42.973,2.1213
42.973,2.1010
42.974,2.0807
42.979,2.0603
43.020,2.0399
43.020,2.0193
43.021,1.9988
43.021,1.9786
43.021,1.9582
43.021,1.9378
43.021,1.9175
43.021,1.8970
43.024,1.8768
43.029,1.8564
43.072,1.8362
43.072,1.8159
43.072,1.7956
43.072,1.7755
43.072,1.7554
43.072,1.7354
43.072,1.7153
43.072,1.6953
43.074,1.6754
43.079,1.6555
43.124,1.6357
43.124,1.6158
43.125,1.5961
43.125,1.5765
43.125,1.5569
43.125,1.5376
43.125,1.5182
43.125,1.4989
43.125,1.4798
43.129,1.4605
43.177,1.4415
43.177,1.4225
43.177,1.4038
43.177,1.3849
43.177,1.3664
43.177,1.3481
43.177,1.3298
43.177,1.3116
43.177,1.2935
43.180,1.2756
43.184,1.2579
43.228,1.2402
43.228,1.2228
43.228,1.2057
43.229,1.1887
43.229,1.1718
43.229,1.1553
43.229,1.1388
43.229,1.1226
43.229,1.1065
43.234,1.0908
43.276,1.0752
43.277,1.0601
43.277,1.0452
43.277,1.0306
43.277,1.0162
43.277,1.0022
43.277,0.9883
43.277,0.9750
43.280,0.9619
43.284,0.9492
43.332,0.9368
43.333,0.9249
43.333,0.9133
43.333,0.9022
43.333,0.8915
43.333,0.8812
43.333,0.8714
43.333,0.8620
43.333,0.8532
43.334,0.8449
43.339,0.8370
43.380,0.8297
43.380,0.8229
43.380,0.8166
43.380,0.8109
43.380,0.8058
43.380,0.8012
43.380,0.7972
43.380,0.7939
43.384,0.7911
43.389,0.7889
43.432,0.7873
43.433,0.7863
43.433,0.7859
43.433,0.7861
43.433,0.7869
43.433,0.7883
43.433,0.7903
43.433,0.7929
43.434,0.7960
43.439,0.7997
43.484,0.8039
43.485,0.8086
43.485,0.8139
43.485,0.8197
43.485,0.8260
43.485,0.8328
43.485,0.8400
43.485,0.8478
43.485,0.8558
43.490,0.8645
43.537,0.8734
43.537,0.8828
43.537,0.8925
43.537,0.9026
43.537,0.9130
43.537,0.9238
43.537,0.9349
43.537,0.9463
43.537,0.9580
43.539,0.9699
43.544,0.9820
43.589,0.9945
43.589,1.0072
43.589,1.0203
43.589,1.0334
43.589,1.0467
43.589,1.0601
43.589,1.0738
43.589,1.0873
43.590,1.1012
43.594,1.1150
43.640,1.1291
43.641,1.1431
43.641,1.1573
43.641,1.1715
43.641,1.1857
43.641,1.2001
43.641,1.2142
43.641,1.2285
43.641,1.2429
43.644,1.2571
43.649,1.2714
43.692,1.2857
43.693,1.2998
43.693,1.3140
43.693,1.3281
43.693,1.3421
43.693,1.3562
43.693,1.3699
43.693,1.3838
43.694,1.3975
43.699,1.4112
43.744,1.4247
43.744,1.4380
43.744,1.4514
43.744,1.4647
43.744,1.4777
43.744,1.4905
43.744,1.5033
43.744,1.5160
43.745,1.5285
43.749,1.5410
43.792,1.5532
43.793,1.5653
43.793,1.5772
43.793,1.5890
43.793,1.6006
43.793,1.6121
43.793,1.6234
43.793,1.6345
43.794,1.6454
43.799,1.6562
43.840,1.6669
43.840,1.6773
43.841,1.6875
43.841,1.6975
43.841,1.7074
43.841,1.7171
43.841,1.7266
43.841,1.7360
43.844,1.7451
43.849,1.7542
43.892,1.7629
43.893,1.7714
43.893,1.7799
43.893,1.7880
43.893,1.7962
43.893,1.8040
43.893,1.8117
43.893,1.8191
43.895,1.8264
43.899,1.8334
43.940,1.8403
43.941,1.8470
43.941,1.8536
43.941,1.8599
43.941,1.8661
43.941,1.8721
43.941,1.8779
43.941,1.8835
43.944,1.8889
43.949,1.8942
43.992,1.8993
43.992,1.9043
43.993,1.9090
43.993,1.9136
43.993,1.9180
43.993,1.9222
43.993,1.9264
43.993,1.9303
43.994,1.9341
43.999,1.9377
44.040,1.9412
44.041,1.9445
44.041,1.9476
44.041,1.9506
44.041,1.9535
44.041,1.9562
44.041,1.9589
44.041,1.9614
44.044,1.9637
44.049,1.9659
44.092,1.9680
44.092,1.9699
44.092,1.9718
44.092,1.9735
44.093,1.9751
44.093,1.9766
44.093,1.9780
44.093,1.9793
44.094,1.9805
44.099,1.9816
44.140,1.9827
44.141,1.9836
44.141,1.9845
44.141,1.9853
44.141,1.9860
44.141,1.9866
44.141,1.9872
44.141,1.9877
44.145,1.9882
44.149,1.9887
44.192,1.9891
44.192,1.9894
44.192,1.9897
44.192,1.9900
44.192,1.9903
44.192,1.9905
44.192,1.9907
44.192,1.9909
44.194,1.9912
44.199,1.9914
44.240,1.9916
44.241,1.9918
44.241,1.9921
44.241,1.9923
44.241,1.9926
44.241,1.9930
44.241,1.9933
44.241,1.9938
44.245,1.9943
44.249,1.9950
44.292,1.9958
44.293,1.9966
44.293,1.9976
44.293,1.9988
44.293,2.0000
44.293,2.0014
44.293,2.0030
44.293,2.0047
44.294,2.0065
44.300,2.0086
44.341,2.0108
44.341,2.0132
44.341,2.0158
44.341,2.0186
44.341,2.0215
44.341,2.0247
44.341,2.0281
44.341,2.0317
44.344,2.0354
44.349,2.0395
44.393,2.0437
44.393,2.0482
44.393,2.0528
44.393,2.0577
44.393,2.0628
44.393,2.0681
44.393,2.0736
44.393,2.0794
44.395,2.0854
44.399,2.0916
44.440,2.0980
44.440,2.1047
44.440,2.1116
44.441,2.1187
44.441,2.1260
44.441,2.1336
44.441,2.1414
44.441,2.1494
44.444,2.1575
44.449,2.1659
44.492,2.1745
44.493,2.1833
44.493,2.1923
44.493,2.2015
44.493,2.2109
44.493,2.2205
44.493,2.2302
44.493,2.2402
44.494,2.2503
44.499,2.2606
44.541,2.2710
44.541,2.2817
44.541,2.2925
44.541,2.3035
44.541,2.3145
44.541,2.3259
44.541,2.3372
44.541,2.3488
44.544,2.3604
44.549,2.3723
44.597,2.3841
44.597,2.3962
44.597,2.4085
44.597,2.4208
44.597,2.4330
44.597,2.4456
44.597,2.4583
44.597,2.4711
44.597,2.4838
44.600,2.4968
44.605,2.5097
44.649,2.5228
44.649,2.5358
44.649,2.5491
44.649,2.5622
44.649,2.5756
44.649,2.5889
44.649,2.6024
44.649,2.6157
44.649,2.6293
44.654,2.6429
44.696,2.6566
44.696,2.6701
44.696,2.6839
44.696,2.6975
44.696,2.7113
44.696,2.7250
44.696,2.7388
44.696,2.7525
44.699,2.7664
44.704,2.7800
44.748,2.7939
44.748,2.8076
44.748,2.8214
44.749,2.8351
44.749,2.8490
44.749,2.8627
44.749,2.8763
44.749,2.8899
44.749,2.9038
44.754,2.9174
44.797,2.9310
44.797,2.9445
44.797,2.9581
44.797,2.9715
44.797,2.9852
44.797,2.9985
44.797,3.0119
44.797,3.0251
44.800,3.0385
44.804,3.0517
44.848,3.0648
44.848,3.0778
44.848,3.0909
44.848,3.1039
44.848,3.1169
44.848,3.1297
44.848,3.1426
44.848,3.1551
44.849,3.1678
44.854,3.1803
44.896,3.1928
44.896,3.2051
44.896,3.2176
44.896,3.2297
44.896,3.2419
44.896,3.2539
44.896,3.2659
44.896,3.2778
44.899,3.2896
44.904,3.3013
44.949,3.3130
44.949,3.3243
44.949,3.3357
44.949,3.3470
44.949,3.3582
44.949,3.3692
44.949,3.3802
44.949,3.3910
44.949,3.4018
44.954,3.4123
44.996,3.4229
44.997,3.4332
44.997,3.4434
44.997,3.4535
44.997,3.4635
44.997,3.4733
44.997,3.4831
44.997,3.4927
44.999,3.5022
45.004,3.5115
45.048,3.5207
45.049,3.5297
45.049,3.5387
45.049,3.5474
45.049,3.5561
45.049,3.5646
45.049,3.5729
45.049,3.5811
45.049,3.5892
45.055,3.5972
45.096,3.6049
45.096,3.6125
45.096,3.6199
45.096,3.6272
45.096,3.6344
45.096,3.6413
45.097,3.6482
45.097,3.6549
45.099,3.6615
45.104,3.6678
45.153,3.6740
45.153,3.6800
45.153,3.6859
45.153,3.6915
45.153,3.6971
45.153,3.7025
45.153,3.7077
45.153,3.7127
45.153,3.7176
45.154,3.7223
45.159,3.7269
45.200,3.7313
45.201,3.7355
45.201,3.7395
45.201,3.7434
45.201,3.7471
45.201,3.7507
45.201,3.7541
45.201,3.7573
45.205,3.7603
45.209,3.7631
45.252,3.7658
45.253,3.7684
45.253,3.7707
45.253,3.7729
45.253,3.7749
45.253,3.7768
45.253,3.7784
45.253,3.7799
45.255,3.7813
45.259,3.7825
45.301,3.7834
45.301,3.7843
45.301,3.7849
45.301,3.7854
45.301,3.7857
45.301,3.7859
45.301,3.7858
45.301,3.7857
45.304,3.7853
45.309,3.7848
45.353,3.7841
45.353,3.7832
45.353,3.7821
45.353,3.7810
45.353,3.7796
45.353,3.7781
45.353,3.7764
45.353,3.7745
45.354,3.7725
45.359,3.7703
45.405,3.7680
45.405,3.7655
45.405,3.7628
45.405,3.7600
45.405,3.7570
45.405,3.7538
45.405,3.7505
45.405,3.7471
45.405,3.7434
45.410,3.7396
45.452,3.7357
45.452,3.7316
45.453,3.7273
45.453,3.7229
45.453,3.7184
45.453,3.7137
45.453,3.7087
45.453,3.7037
45.454,3.6986
45.459,3.6933
45.500,3.6878
45.500,3.6822
45.500,3.6765
45.500,3.6706
45.500,3.6645
45.500,3.6583
45.500,3.6519
45.500,3.6455
45.504,3.6388
45.509,3.6321
45.553,3.6251
45.553,3.6181
45.553,3.6109
45.553,3.6036
45.553,3.5961
45.553,3.5885
45.553,3.5808
45.553,3.5729
45.554,3.5649
45.559,3.5568
45.605,3.5485
45.605,3.5402
45.605,3.5316
45.605,3.5231
45.605,3.5145
45.605,3.5057
45.605,3.4969
45.605,3.4879
45.606,3.4788
45.609,3.4698
45.657,3.4606
45.657,3.4513
45.657,3.4419
45.657,3.4325
45.657,3.4229
45.657,3.4134
45.657,3.4036
45.657,3.3939
45.657,3.3840
45.660,3.3742
45.664,3.3643
45.708,3.3543
45.708,3.3443
45.708,3.3341
45.708,3.3240
45.708,3.3138
45.708,3.3035
45.708,3.2931
45.708,3.2828
45.709,3.2723
45.714,3.2619
45.756,3.2514
45.756,3.2409
45.757,3.2304
45.757,3.2197
45.757,3.2090
45.757,3.1983
45.757,3.1876
45.757,3.1769
45.759,3.1660
45.764,3.1552
45.808,3.1443
45.808,3.1334
45.808,3.1227
45.808,3.1117
45.808,3.1007
45.808,3.0897
45.808,3.0788
45.808,3.0677
45.809,3.0567
45.814,3.0456
45.857,3.0346
45.857,3.0236
45.857,3.0125
45.857,3.0013
45.857,2.9902
45.857,2.9791
45.857,2.9680
45.857,2.9569
45.859,2.9457
45.864,2.9346
45.909,2.9234
45.909,2.9123
45.909,2.9011
45.909,2.8900
45.909,2.8788
45.909,2.8677
45.909,2.8566
45.909,2.8455
45.910,2.8343
45.914,2.8232
45.961,2.8120
45.961,2.8011
45.961,2.7900
45.961,2.7790
45.961,2.7679
45.961,2.7569
45.961,2.7459
45.961,2.7349
45.961,2.7240
45.964,2.7131
45.969,2.7022
46.012,2.6913
46.013,2.6805
46.013,2.6696
46.013,2.6589
46.013,2.6482
46.013,2.6375
46.013,2.6269
46.013,2.6163
46.015,2.6057
46.019,2.5952
46.060,2.5848
46.061,2.5745
46.061,2.5641
46.061,2.5538
46.061,2.5436
46.061,2.5335
46.061,2.5234
46.061,2.5134
46.065,2.5034
46.069,2.4936
46.112,2.4837
46.113,2.4741
46.113,2.4644
46.113,2.4549
46.113,2.4454
46.113,2.4361
46.113,2.4267
46.113,2.4176
46.114,2.4085
46.119,2.3995
46.164,2.3906
46.164,2.3819
46.164,2.3732
46.164,2.3647
46.164,2.3563
46.165,2.3480
46.165,2.3398
46.165,2.3318
46.165,2.3239
46.169,2.3161
46.216,2.3085
46.217,2.3010
46.217,2.2936
46.217,2.2864
46.217,2.2793
46.217,2.2725
46.217,2.2657
46.217,2.2592
46.217,2.2527
46.220,2.2465
46.224,2.2404
46.268,2.2345
46.269,2.2288
46.269,2.2232
46.269,2.2178
46.269,2.2127
46.269,2.2077
46.269,2.2029
46.269,2.1982
46.270,2.1938
46.274,2.1896
46.316,2.1856
46.317,2.1817
46.317,2.1781
46.317,2.1746
46.317,2.1714
46.317,2.1684
46.317,2.1656
46.317,2.1629
46.319,2.1606
46.324,2.1583
46.368,2.1564
46.369,2.1546
46.369,2.1530
46.369,2.1516
46.369,2.1505
46.369,2.1495
46.369,2.1488
46.369,2.1483
46.370,2.1480
46.374,2.1479
46.416,2.1480
46.416,2.1483
46.416,2.1488
46.416,2.1495
46.417,2.1505
46.417,2.1516
46.417,2.1530
46.417,2.1545
46.419,2.1563
46.424,2.1582
46.468,2.1604
46.469,2.1627
46.469,2.1652
46.469,2.1679
46.469,2.1709
46.469,2.1739
46.469,2.1773
46.469,2.1807
46.470,2.1844
46.474,2.1882
46.516,2.1923
46.517,2.1964
46.517,2.2008
46.517,2.2053
46.517,2.2100
46.517,2.2148
46.517,2.2199
46.517,2.2250
46.519,2.2304
46.524,2.2358
46.568,2.2415
46.569,2.2473
46.569,2.2533
46.569,2.2593
46.569,2.2656
46.569,2.2719
46.569,2.2784
46.569,2.2850
46.569,2.2918
46.574,2.2986
46.616,2.3057
46.616,2.3128
46.616,2.3201
46.616,2.3273
46.616,2.3349
46.616,2.3424
46.616,2.3501
46.616,2.3579
46.619,2.3658
46.624,2.3737
46.669,2.3819
46.669,2.3900
46.669,2.3983
46.669,2.4066
46.669,2.4151
46.669,2.4236
46.669,2.4322
46.669,2.4408
46.670,2.4496
46.674,2.4584
46.718,2.4674
46.718,2.4763
46.718,2.4854
46.718,2.4944
46.718,2.5036
46.718,2.5128
46.718,2.5221
46.718,2.5314
46.720,2.5408
46.724,2.5501
46.772,2.5597
46.772,2.5692
46.772,2.5788
46.772,2.5883
46.772,2.5980
46.772,2.6076
46.772,2.6174
46.772,2.6270
46.772,2.6369
46.774,2.6467
46.779,2.6566
46.820,2.6664
46.820,2.6764
46.820,2.6862
46.820,2.6962
46.821,2.7060
46.821,2.7161
46.821,2.7260
46.821,2.7360
46.824,2.7460
46.829,2.7560
46.872,2.7661
46.873,2.7762
46.873,2.7862
46.873,2.7963
46.873,2.8064
46.873,2.8165
46.873,2.8264
46.873,2.8365
46.875,2.8465
46.879,2.8566
46.925,2.8666
46.925,2.8769
46.925,2.8868
46.925,2.8969
46.925,2.9068
46.925,2.9169
46.925,2.9268
46.925,2.9369
46.925,2.9468
46.929,2.9568
46.973,2.9666
46.973,2.9766
46.973,2.9864
46.973,2.9963
46.973,3.0061
46.973,3.0160
46.973,3.0257
46.973,3.0355
46.975,3.0451
46.979,3.0549
47.020,3.0645
47.021,3.0742
47.021,3.0837
47.021,3.0933
47.021,3.1029
47.021,3.1123
47.021,3.1217
47.021,3.1312
47.025,3.1405
47.029,3.1499
47.072,3.1592
47.072,3.1685
47.073,3.1777
47.073,3.1870
47.073,3.1961
47.073,3.2051
47.073,3.2141
47.073,3.2232
47.074,3.2321
47.079,3.2411
47.125,3.2499
47.125,3.2587
47.125,3.2675
47.125,3.2763
47.125,3.2849
47.125,3.2936
47.125,3.3022
47.125,3.3107
47.125,3.3191
47.129,3.3276
47.177,3.3359
47.177,3.3444
47.177,3.3526
47.177,3.3609
47.177,3.3690
47.177,3.3771
47.177,3.3851
47.177,3.3932
47.177,3.4011
47.179,3.4090
47.184,3.4169
47.228,3.4248
47.229,3.4325
47.229,3.4402
47.229,3.4478
47.229,3.4555
47.229,3.4630
47.229,3.4705
47.229,3.4779
47.229,3.4854
47.234,3.4926
47.277,3.5000
47.277,3.5071
47.277,3.5144
47.277,3.5215
47.277,3.5286
47.277,3.5355
47.277,3.5425
47.277,3.5494
47.280,3.5563
47.284,3.5630
47.328,3.5698
47.328,3.5764
47.329,3.5831
47.329,3.5896
47.329,3.5962
47.329,3.6026
47.329,3.6091
47.329,3.6154
47.329,3.6218
47.334,3.6280
47.376,3.6343
47.376,3.6404
47.376,3.6465
47.377,3.6525
47.377,3.6585
47.377,3.6644
47.377,3.6704
47.377,3.6762
47.379,3.6820
47.384,3.6877
47.429,3.6934
47.429,3.6989
47.429,3.7046
47.429,3.7100
47.429,3.7155
47.429,3.7208
47.429,3.7263
47.429,3.7315
47.430,3.7368
47.434,3.7420
47.476,3.7472
47.476,3.7522
47.476,3.7573
47.476,3.7622
47.476,3.7672
47.476,3.7720
47.476,3.7769
47.476,3.7817
47.480,3.7865
47.484,3.7911
47.528,3.7957
47.528,3.8002
47.528,3.8048
47.528,3.8093
47.528,3.8138
47.528,3.8180
47.528,3.8224
47.528,3.8266
47.529,3.8309
47.534,3.8350
47.576,3.8392
47.576,3.8432
47.576,3.8473
47.576,3.8512
47.576,3.8552
47.576,3.8590
47.576,3.8629
47.576,3.8666
47.579,3.8704
47.584,3.8741
47.632,3.8778
47.632,3.8813
47.632,3.8849
47.632,3.8883
47.632,3.8918
47.632,3.8951
47.632,3.8985
47.632,3.9018
47.632,3.9050
47.634,3.9081
47.639,3.9113
47.680,3.9144
47.681,3.9174
47.681,3.9204
47.681,3.9233
47.681,3.9262
47.681,3.9290
47.681,3.9317
47.681,3.9345
47.684,3.9371
47.689,3.9398
47.733,3.9423
47.733,3.9448
47.733,3.9472
47.733,3.9497
47.733,3.9520
47.733,3.9543
47.733,3.9565
47.733,3.9587
47.735,3.9608
47.739,3.9630
47.780,3.9650
47.780,3.9670
47.780,3.9689
47.780,3.9708
47.780,3.9726
47.780,3.9744
47.780,3.9760
47.780,3.9777
47.784,3.9793
47.789,3.9809
47.833,3.9824
47.833,3.9839
47.833,3.9852
47.833,3.9866
47.833,3.9879
47.833,3.9892
47.833,3.9903
47.833,3.9915
47.835,3.9926
47.839,3.9936
47.880,3.9946
47.881,3.9956
47.881,3.9964
47.881,3.9973
47.881,3.9980
47.881,3.9988
47.881,3.9995
47.881,4.0002
47.884,4.0007
47.889,4.0013
47.932,4.0018
47.933,4.0023
47.933,4.0027
47.933,4.0031
47.933,4.0034
47.933,4.0037
47.933,4.0039
47.933,4.0041
47.935,4.0042
47.939,4.0044
47.981,4.0044
47.981,4.0045
47.981,4.0045
47.981,4.0045
47.981,4.0044
47.981,4.0043
47.981,4.0041
47.981,4.0040
47.985,4.0037
47.989,4.0035
48.037,4.0032
48.037,4.0029
48.037,4.0025
48.037,4.0022
48.037,4.0018
48.037,4.0014
48.037,4.0009
48.037,4.0005
48.037,3.9999
48.039,3.9994
48.044,3.9988
48.088,3.9983
48.088,3.9977
48.089,3.9971
48.089,3.9964
48.089,3.9958
48.089,3.9950
48.089,3.9944
48.089,3.9936
48.090,3.9929
48.094,3.9921
48.136,3.9914
48.136,3.9906
48.136,3.9899
48.137,3.9890
48.137,3.9882
48.137,3.9874
48.137,3.9866
48.137,3.9858
48.140,3.9849
48.145,3.9841
48.188,3.9833
48.188,3.9824
48.188,3.9816
48.188,3.9807
48.188,3.9798
48.188,3.9789
48.188,3.9781
48.188,3.9772
48.189,3.9764
48.194,3.9755
48.241,3.9747
48.241,3.9738
48.241,3.9729
48.241,3.9720
48.241,3.9712
48.241,3.9704
48.241,3.9695
48.241,3.9687
48.241,3.9679
48.245,3.9670
48.249,3.9663
48.293,3.9654
48.293,3.9647
48.293,3.9639
48.293,3.9631
48.293,3.9623
48.293,3.9616
48.293,3.9608
48.293,3.9601
48.294,3.9593
48.299,3.9586
48.341,3.9579
48.341,3.9572
48.341,3.9565
48.341,3.9559
48.341,3.9553
48.341,3.9548
48.341,3.9542
48.341,3.9538
48.345,3.9533
48.349,3.9529
48.392,3.9525
48.393,3.9521
48.393,3.9518
48.393,3.9516
48.393,3.9513
48.393,3.9511
48.393,3.9510
48.393,3.9509
48.394,3.9508
48.399,3.9508
48.440,3.9508
48.440,3.9508
48.440,3.9509
48.440,3.9511
48.440,3.9512
48.440,3.9515
48.440,3.9517
48.440,3.9520
48.445,3.9523
48.450,3.9527
48.492,3.9530
48.492,3.9535
48.492,3.9539
48.492,3.9544
48.492,3.9549
48.492,3.9555
48.492,3.9561
48.492,3.9567
48.494,3.9573
48.499,3.9580
48.541,3.9587
48.541,3.9595
48.541,3.9602
48.541,3.9610
48.541,3.9617
48.541,3.9626
48.541,3.9633
48.541,3.9642
48.544,3.9650
48.549,3.9659
48.592,3.9668
48.593,3.9677
48.593,3.9686
48.593,3.9696
48.593,3.9705
48.593,3.9715
48.593,3.9724
48.593,3.9734
48.594,3.9743
48.599,3.9753
48.640,3.9763
48.641,3.9773
48.641,3.9782
48.641,3.9792
48.641,3.9801
48.641,3.9811
48.641,3.9820
48.641,3.9830
48.644,3.9839
48.649,3.9849
48.692,3.9857
48.692,3.9867
48.693,3.9875
48.693,3.9884
48.693,3.9892
48.693,3.9901
48.693,3.9909
48.693,3.9917
48.694,3.9925
48.699,3.9933
48.740,3.9940
48.741,3.9947
48.741,3.9954
48.741,3.9961
48.741,3.9967
48.741,3.9973
48.741,3.9979
48.741,3.9985
48.744,3.9990
48.750,3.9995
48.792,3.9999
48.793,4.0004
48.793,4.0008
48.793,4.0012
48.793,4.0015
48.793,4.0018
48.793,4.0020
48.793,4.0023
48.794,4.0024
48.799,4.0026
48.840,4.0027
48.841,4.0028
48.841,4.0028
48.841,4.0028
48.841,4.0027
48.841,4.0027
48.841,4.0025
48.841,4.0023
48.844,4.0021
48.849,4.0018
48.892,4.0015
48.892,4.0012
48.892,4.0007
48.892,4.0003
48.892,3.9998
48.892,3.9993
48.892,3.9986
48.892,3.9980
48.894,3.9973
48.899,3.9966
48.940,3.9958
48.941,3.9950
48.941,3.9941
48.941,3.9932
48.941,3.9922
48.941,3.9912
48.941,3.9901
48.941,3.9890
48.944,3.9878
48.949,3.9866
48.993,3.9853
48.993,3.9840
48.993,3.9826
48.993,3.9812
48.993,3.9797
48.993,3.9782
48.993,3.9766
48.993,3.9750
48.994,3.9733
48.999,3.9716
49.040,3.9697
49.041,3.9679
49.041,3.9660
49.041,3.9641
49.041,3.9620
49.041,3.9600
49.041,3.9579
49.041,3.9557
49.044,3.9535
49.049,3.9513
49.093,3.9490
49.093,3.9467
49.093,3.9443
49.093,3.9419
49.093,3.9394
49.093,3.9369
49.093,3.9344
49.093,3.9319
49.095,3.9292
49.099,3.9266
49.145,3.9239
49.145,3.9213
49.145,3.9185
49.145,3.9158
49.145,3.9130
49.145,3.9102
49.145,3.9073
49.145,3.9046
49.145,3.9016
49.149,3.8988
49.192,3.8959
49.193,3.8930
49.193,3.8900
49.193,3.8871
49.193,3.8841
49.193,3.8812
49.193,3.8782
49.193,3.8752
49.195,3.8722
49.200,3.8692
49.244,3.8662
49.245,3.8632
49.245,3.8601
49.245,3.8571
49.245,3.8541
49.245,3.8511
49.245,3.8480
49.245,3.8450
49.245,3.8420
49.249,3.8390
49.292,3.8360
49.293,3.8330
49.293,3.8300
49.293,3.8271
49.293,3.8241
49.293,3.8212
49.293,3.8182
49.293,3.8154
49.294,3.8124
49.299,3.8096
49.344,3.8067
49.344,3.8039
49.344,3.8011
49.344,3.7983
49.344,3.7956
49.345,3.7928
49.345,3.7901
49.345,3.7875
49.345,3.7848
49.349,3.7822
49.393,3.7796
49.393,3.7770
49.393,3.7745
49.393,3.7720
49.393,3.7695
49.393,3.7671
49.393,3.7647
49.393,3.7624
49.395,3.7601
49.399,3.7578
49.444,3.7556
49.444,3.7534
49.444,3.7512
49.444,3.7491
49.444,3.7470
49.444,3.7450
49.444,3.7430
49.444,3.7411
49.444,3.7392
49.449,3.7374
49.493,3.7355
49.493,3.7338
49.493,3.7320
49.493,3.7304
49.493,3.7287
49.493,3.7272
49.493,3.7256
49.493,3.7242
49.495,3.7227
49.499,3.7214
49.540,3.7200
49.540,3.7188
49.540,3.7175
49.540,3.7163
49.540,3.7152
49.540,3.7141
49.540,3.7130
49.540,3.7120
49.544,3.7110
49.549,3.7102
49.592,3.7092
49.593,3.7085
49.593,3.7077
49.593,3.7070
49.593,3.7062
49.593,3.7056
49.593,3.7050
49.593,3.7045
49.594,3.7039
49.599,3.7035
49.641,3.7031
49.641,3.7027
49.641,3.7023
49.641,3.7021
49.641,3.7018
49.641,3.7016
49.641,3.7014
49.641,3.7013
49.645,3.7012
49.649,3.7011
49.692,3.7011
49.692,3.7011
49.692,3.7011
49.692,3.7012
49.692,3.7013
49.692,3.7015
49.692,3.7016
49.693,3.7019
49.694,3.7021
49.699,3.7023
49.745,3.7026
49.745,3.7029
49.745,3.7033
49.745,3.7037
49.745,3.7040
49.745,3.7044
49.745,3.7048
49.745,3.7053
49.745,3.7057
49.749,3.7063
49.792,3.7067
49.793,3.7073
49.793,3.7078
49.793,3.7083
49.793,3.7089
49.793,3.7095
49.793,3.7101
49.793,3.7109
49.794,3.7116
49.799,3.7124
49.841,3.7131
49.841,3.7140
49.841,3.7149
49.841,3.7158
49.841,3.7168
49.841,3.7178
49.841,3.7188
49.841,3.7199
49.845,3.7210
49.849,3.7222
49.892,3.7234
49.892,3.7246
49.892,3.7259
49.893,3.7272
49.893,3.7285
49.893,3.7299
49.893,3.7313
49.893,3.7328
49.894,3.7342
49.899,3.7358
49.940,3.7373
49.940,3.7389
49.940,3.7405
49.940,3.7422
49.940,3.7438
49.940,3.7456
49.940,3.7473
49.941,3.7491
49.944,3.7508
49.949,3.7527
49.993,3.7545
49.993,3.7564
49.993,3.7583
49.993,3.7602
49.993,3.7621
49.993,3.7642
49.993,3.7661
49.993,3.7682
49.995,3.7702
49.999,3.7722
50.040,3.7743
50.040,3.7764
50.040,3.7785
50.040,3.7806
50.040,3.7828
50.040,3.7849
50.040,3.7871
50.040,3.7893
50.044,3.7915
50.049,3.7937
50.093,3.7959
50.093,3.7982
50.093,3.8004
50.093,3.8027
50.093,3.8049
50.093,3.8073
50.093,3.8095
50.093,3.8118
50.095,3.8141
50.099,3.8165
50.140,3.8187
50.141,3.8211
50.141,3.8234
50.141,3.8258
50.141,3.8281
50.141,3.8305
50.141,3.8328
50.141,3.8352
50.145,3.8375
50.149,3.8399
50.192,3.8423
50.192,3.8447
50.192,3.8470
50.192,3.8494
50.192,3.8518
50.192,3.8542
50.192,3.8565
50.192,3.8589
50.194,3.8613
50.199,3.8637
50.240,3.8660
50.240,3.8685
50.240,3.8708
50.240,3.8732
50.240,3.8756
50.240,3.8780
50.240,3.8803
50.240,3.8828
50.244,3.8851
50.249,3.8875
50.292,3.8898
50.292,3.8922
50.292,3.8945
50.292,3.8968
50.292,3.8991
50.292,3.9015
50.292,3.9038
50.292,3.9062
50.295,3.9084
50.299,3.9107
50.340,3.9130
50.340,3.9153
50.340,3.9176
50.340,3.9199
50.340,3.9221
50.340,3.9244
50.340,3.9265
50.340,3.9288
50.344,3.9309
50.349,3.9332
50.392,3.9353
50.392,3.9375
50.392,3.9396
50.392,3.9417
50.392,3.9438
50.392,3.9459
50.392,3.9479
50.392,3.9500
50.394,3.9520
50.399,3.9540
50.440,3.9560
50.440,3.9580
50.440,3.9599
50.440,3.9618
50.441,3.9636
50.441,3.9655
50.441,3.9673
50.441,3.9691
50.444,3.9708
50.449,3.9726
50.492,3.9743
50.492,3.9760
50.493,3.9776
50.493,3.9792
50.493,3.9807
50.493,3.9823
50.493,3.9837
50.493,3.9852
50.495,3.9865
50.499,3.9879
50.540,3.9892
50.541,3.9905
50.541,3.9917
50.541,3.9929
50.541,3.9940
50.541,3.9951
50.541,3.9961
50.541,3.9971
50.545,3.9980
50.549,3.9990
50.592,3.9998
50.593,4.0006
50.593,4.0013
50.593,4.0021
50.593,4.0027
50.593,4.0033
50.593,4.0038
50.593,4.0043
50.595,4.0047
50.599,4.0052
50.640,4.0054
50.641,4.0058
50.641,4.0059
50.641,4.0061
50.641,4.0062
50.641,4.0063
50.641,4.0063
50.641,4.0062
50.645,4.0061
50.649,4.0060
50.692,4.0057
50.692,4.0055
50.692,4.0051
50.692,4.0047
50.692,4.0042
50.692,4.0038
50.692,4.0032
50.692,4.0026
50.694,4.0019
50.699,4.0012
50.740,4.0004
50.741,3.9995
50.741,3.9986
50.741,3.9977
50.741,3.9966
50.741,3.9956
50.741,3.9945
50.741,3.9933
50.745,3.9920
50.749,3.9908
50.792,3.9894
50.792,3.9881
50.792,3.9866
50.793,3.9851
50.793,3.9836
50.793,3.9820
50.793,3.9803
50.793,3.9786
50.794,3.9768
50.799,3.9751
50.840,3.9732
50.841,3.9713
50.841,3.9693
50.841,3.9674
50.841,3.9653
50.841,3.9632
50.841,3.9611
50.841,3.9589
50.844,3.9567
50.849,3.9544
50.893,3.9521
50.893,3.9498
50.893,3.9474
50.893,3.9450
50.893,3.9425
50.893,3.9400
50.893,3.9375
50.893,3.9349
50.894,3.9323
50.899,3.9297
50.940,3.9270
50.941,3.9243
50.941,3.9216
50.941,3.9188
50.941,3.9160
50.941,3.9132
50.941,3.9103
50.941,3.9075
50.944,3.9045
50.949,3.9016
50.992,3.8987
50.993,3.8957
50.993,3.8927
50.993,3.8897
50.993,3.8867
50.993,3.8836
50.993,3.8806
50.993,3.8775
50.994,3.8744
50.999,3.8713
51.040,3.8682
51.040,3.8651
51.040,3.8619
51.040,3.8588
51.040,3.8556
51.041,3.8524
51.041,3.8492
51.041,3.8461
51.045,3.8429
51.049,3.8397
51.092,3.8365
51.093,3.8333
51.093,3.8301
51.093,3.8269
51.093,3.8237
51.093,3.8205
51.093,3.8173
51.093,3.8141
51.094,3.8109
51.099,3.8077
51.140,3.8045
51.140,3.8014
51.140,3.7982
51.140,3.7950
51.140,3.7918
51.140,3.7887
51.140,3.7856
51.141,3.7824
51.144,3.7793
51.149,3.7762
51.192,3.7730
51.192,3.7699
51.192,3.7668
51.192,3.7637
51.192,3.7607
51.192,3.7576
51.192,3.7546
51.192,3.7515
51.194,3.7485
51.199,3.7454
51.244,3.7424
51.244,3.7394
51.244,3.7364
51.244,3.7334
51.244,3.7304
51.244,3.7275
51.244,3.7246
51.245,3.7216
51.245,3.7187
51.249,3.7158
51.293,3.7129
51.293,3.7100
51.293,3.7071
51.293,3.7042
51.293,3.7013
51.293,3.6985
51.293,3.6956
51.293,3.6928
51.294,3.6899
51.299,3.6871
51.340,3.6842
51.340,3.6814
51.341,3.6786
51.341,3.6757
51.341,3.6729
51.341,3.6701
51.341,3.6673
51.341,3.6644
51.345,3.6616
51.349,3.6588
51.392,3.6560
51.393,3.6531
51.393,3.6503
51.393,3.6474
51.393,3.6446
51.393,3.6417
51.393,3.6388
51.393,3.6359
51.394,3.6330
51.399,3.6301
51.440,3.6272
51.440,3.6242
51.440,3.6213
51.440,3.6183
51.440,3.6153
51.440,3.6123
51.440,3.6093
51.440,3.6062
51.444,3.6031
51.449,3.6000
51.496,3.5969
51.497,3.5937
51.497,3.5906
51.497,3.5873
51.497,3.5841
51.497,3.5808
51.497,3.5775
51.497,3.5742
51.497,3.5708
51.499,3.5673
51.504,3.5639
51.548,3.5604
51.548,3.5568
51.548,3.5532
51.548,3.5496
51.548,3.5459
51.548,3.5422
51.548,3.5385
51.548,3.5346
51.549,3.5308
51.554,3.5268
51.596,3.5229
51.597,3.5188
51.597,3.5147
51.597,3.5106
51.597,3.5064
51.597,3.5021
51.597,3.4978
51.597,3.4934
51.599,3.4890
51.604,3.4844
51.648,3.4798
51.648,3.4752
51.648,3.4705
51.648,3.4657
51.648,3.4608
51.648,3.4559
51.648,3.4508
51.648,3.4457
51.649,3.4405
51.654,3.4353
51.696,3.4300
51.696,3.4246
51.696,3.4191
51.696,3.4135
51.696,3.4078
51.696,3.4021
51.696,3.3962
51.696,3.3903
51.699,3.3843
51.704,3.3782
51.748,3.3720
51.748,3.3657
51.748,3.3593
51.748,3.3529
51.749,3.3463
51.749,3.3397
51.749,3.3329
51.749,3.3261
51.749,3.3191
51.754,3.3120
51.800,3.3049
51.800,3.2976
51.800,3.2902
51.800,3.2828
51.800,3.2752
51.800,3.2676
51.800,3.2599
51.800,3.2520
51.800,3.2440
51.804,3.2359
51.809,3.2277
51.853,3.2194
51.853,3.2110
51.853,3.2026
51.853,3.1939
51.853,3.1852
51.853,3.1763
51.853,3.1674
51.853,3.1583
51.854,3.1492
51.859,3.1398
51.900,3.1305
51.900,3.1210
51.900,3.1114
51.900,3.1016
51.900,3.0918
51.900,3.0819
51.900,3.0718
51.901,3.0617
51.904,3.0513
51.909,3.0409
51.957,3.0304
51.957,3.0198
51.957,3.0091
51.957,2.9982
51.957,2.9872
51.957,2.9761
51.957,2.9649
51.957,2.9536
51.957,2.9422
51.959,2.9306
51.964,2.9190
52.008,2.9072
52.009,2.8954
52.009,2.8834
52.009,2.8713
52.009,2.8590
52.009,2.8468
52.009,2.8343
52.009,2.8218
52.009,2.8090
52.014,2.7962
52.056,2.7833
52.057,2.7702
52.057,2.7571
52.057,2.7438
52.057,2.7303
52.057,2.7168
52.057,2.7032
52.057,2.6895
52.060,2.6755
52.064,2.6616
52.113,2.6475
52.113,2.6333
52.113,2.6190
52.113,2.6045
52.113,2.5900
52.113,2.5753
52.113,2.5606
52.113,2.5457
52.113,2.5307
52.115,2.5156
52.120,2.5003
52.160,2.4851
52.160,2.4697
52.160,2.4543
52.160,2.4386
52.160,2.4229
52.160,2.4072
52.160,2.3913
52.160,2.3754
52.164,2.3594
52.169,2.3431
52.217,2.3270
52.217,2.3106
52.217,2.2943
52.217,2.2778
52.217,2.2613
52.217,2.2446
52.217,2.2279
52.217,2.2112
52.217,2.1943
52.219,2.1774
52.224,2.1605
52.269,2.1435
52.269,2.1264
52.269,2.1092
52.269,2.0919
52.269,2.0747
52.269,2.0574
52.269,2.0401
52.269,2.0227
52.269,2.0052
52.274,1.9878
52.316,1.9702
52.316,1.9527
52.316,1.9351
52.317,1.9174
52.317,1.8998
52.317,1.8821
52.317,1.8644
52.317,1.8467
52.319,1.8288
52.324,1.8112
52.372,1.7934
52.373,1.7756
52.373,1.7578
52.373,1.7399
52.373,1.7221
52.373,1.7044
52.373,1.6865
52.373,1.6686
52.373,1.6509
52.374,1.6332
52.379,1.6154
52.420,1.5976
52.421,1.5799
52.421,1.5621
52.421,1.5443
52.421,1.5267
52.421,1.5090
52.421,1.4914
52.421,1.4736
52.424,1.4562
52.429,1.4386
52.472,1.4211
52.473,1.4036
52.473,1.3862
52.473,1.3688
52.473,1.3515
52.473,1.3341
52.473,1.3170
52.473,1.2998
52.474,1.2827
52.479,1.2656
52.520,1.2487
52.521,1.2317
52.521,1.2148
52.521,1.1980
52.521,1.1813
52.521,1.1646
52.521,1.1480
52.521,1.1314
52.525,1.1151
52.529,1.0986
52.573,1.0824
52.573,1.0662
52.573,1.0502
52.573,1.0341
52.573,1.0182
52.573,1.0023
52.573,0.9866
52.573,0.9709
52.574,0.9554
52.580,0.9398
52.620,0.9245
52.620,0.9093
52.620,0.8942
52.620,0.8790
52.620,0.8641
52.621,0.8493
52.621,0.8346
52.621,0.8200
52.624,0.8055
52.629,0.7911
52.672,0.7768
52.673,0.7627
52.673,0.7487
52.673,0.7347
52.673,0.7209
52.673,0.7073
52.673,0.6937
52.673,0.6803
52.674,0.6669
52.679,0.6536
52.721,0.6403
52.721,0.6270
52.721,0.6139
52.721,0.6007
52.721,0.5875
52.721,0.5744
52.721,0.5613
52.721,0.5482
52.724,0.5351
52.729,0.5220
52.772,0.5090
52.772,0.4961
52.773,0.4831
52.773,0.4701
52.773,0.4572
52.773,0.4442
52.773,0.4313
52.773,0.4184
52.774,0.4056
52.779,0.3927
52.824,0.3798
52.824,0.3671
52.824,0.3544
52.824,0.3417
52.824,0.3290
52.824,0.3164
52.825,0.3038
52.825,0.2913
52.825,0.2789
52.829,0.2665
52.872,0.2541
52.873,0.2419
52.873,0.2298
52.873,0.2177
52.873,0.2057
52.873,0.1938
52.873,0.1820
52.873,0.1702
52.874,0.1587
52.880,0.1472
52.920,0.1358
52.921,0.1246
52.921,0.1135
52.921,0.1026
52.921,0.0918
52.921,0.0811
52.921,0.0706
52.921,0.0603
52.924,0.0501
52.929,0.0402
52.972,0.0305
52.973,0.0211
52.973,0.0124
52.973,0.0067
52.973,0.0103
52.973,0.0181
52.973,0.0264
52.973,0.0348
52.974,0.0430
52.979,0.0510
53.020,0.0589
53.020,0.0665
53.020,0.0739
53.020,0.0811
53.020,0.0880
53.020,0.0948
53.020,0.1013
53.020,0.1075
53.025,0.1136
53.029,0.1193
53.072,0.1249
53.072,0.1301
53.072,0.1351
53.073,0.1399
53.073,0.1444
53.073,0.1486
53.073,0.1526
53.073,0.1563
53.074,0.1598
53.079,0.1630
53.125,0.1659
53.125,0.1686
53.125,0.1710
53.125,0.1731
53.125,0.1750
53.125,0.1766
53.125,0.1780
53.125,0.1791
53.125,0.1800
53.129,0.1805
53.173,0.1809
53.173,0.1809
53.173,0.1807
53.173,0.1803
53.173,0.1796
53.173,0.1787
53.173,0.1775
53.173,0.1761
53.174,0.1745
53.179,0.1725
53.220,0.1705
53.221,0.1681
53.221,0.1656
53.221,0.1628
53.221,0.1599
53.221,0.1567
53.221,0.1533
53.221,0.1497
53.224,0.1460
53.229,0.1420
53.272,0.1379
53.272,0.1335
53.272,0.1291
53.273,0.1244
53.273,0.1196
53.273,0.1146
53.273,0.1096
53.273,0.1043
53.274,0.0990
53.279,0.0935
53.320,0.0879
53.320,0.0821
53.320,0.0763
53.320,0.0704
53.320,0.0644
53.320,0.0583
53.320,0.0521
53.321,0.0459
53.324,0.0396
53.329,0.0333
53.372,0.0269
53.373,0.0204
53.373,0.0140
53.373,0.0075
53.373,0.0010
53.373,0.0055
53.373,0.0120
53.373,0.0185
53.374,0.0250
53.379,0.0315
53.421,0.0379
53.421,0.0443
53.421,0.0506
53.421,0.0569
53.421,0.0632
53.421,0.0693
53.421,0.0754
53.421,0.0817
53.425,0.0879
53.429,0.0942
53.472,0.1005
53.472,0.1068
53.472,0.1132
53.473,0.1196
53.473,0.1260
53.473,0.1325
53.473,0.1389
53.473,0.1454
53.475,0.1519
53.479,0.1585
53.521,0.1651
53.521,0.1718
53.521,0.1785
53.521,0.1853
53.521,0.1921
53.521,0.1990
53.521,0.2059
53.521,0.2130
53.525,0.2200
53.529,0.2272
53.573,0.2343
53.573,0.2416
53.573,0.2490
53.573,0.2565
53.573,0.2639
53.573,0.2715
53.573,0.2791
53.573,0.2869
53.574,0.2947
53.579,0.3027
53.621,0.3107
53.621,0.3188
53.621,0.3270
53.621,0.3353
53.621,0.3437
53.621,0.3522
53.621,0.3607
53.621,0.3695
53.624,0.3783
53.629,0.3872
53.673,0.3963
53.673,0.4054
53.673,0.4146
53.673,0.4239
53.673,0.4334
53.673,0.4430
53.673,0.4526
53.673,0.4624
53.675,0.4724
53.679,0.4824
53.720,0.4926
53.721,0.5028
53.721,0.5132
53.721,0.5237
53.721,0.5343
53.721,0.5451
53.721,0.5559
53.721,0.5669
53.724,0.5780
53.729,0.5892
53.773,0.6005
53.773,0.6120
53.773,0.6235
53.773,0.6353
53.773,0.6470
53.773,0.6591
53.773,0.6710
53.773,0.6831
53.774,0.6955
53.780,0.7079
53.824,0.7204
53.824,0.7332
53.824,0.7458
53.824,0.7588
53.824,0.7717
53.824,0.7848
53.824,0.7980
53.824,0.8113
53.824,0.8247
53.829,0.8384
53.877,0.8521
53.877,0.8659
53.877,0.8798
53.877,0.8939
53.877,0.9080
53.877,0.9223
53.877,0.9365
53.877,0.9510
53.877,0.9655
53.880,0.9803
53.884,0.9949
53.929,1.0099
53.929,1.0247
53.929,1.0398
53.929,1.0550
53.929,1.0702
53.929,1.0855
53.929,1.1010
53.929,1.1164
53.929,1.1322
53.934,1.1478
53.977,1.1635
53.977,1.1794
53.977,1.1954
53.977,1.2115
53.977,1.2276
53.977,1.2437
53.977,1.2601
53.977,1.2764
53.979,1.2929
53.984,1.3094
54.028,1.3259
54.029,1.3425
54.029,1.3592
54.029,1.3759
54.029,1.3929
54.029,1.4097
54.029,1.4267
54.029,1.4438
54.029,1.4607
54.034,1.4777
54.076,1.4949
54.077,1.5123
54.077,1.5296
54.077,1.5468
54.077,1.5641
54.077,1.5814
54.077,1.5989
54.077,1.6163
54.079,1.6338
54.084,1.6512
54.133,1.6688
54.133,1.6864
54.133,1.7040
54.133,1.7216
54.133,1.7391
54.133,1.7567
54.133,1.7744
54.133,1.7921
54.133,1.8097
54.134,1.8274
54.139,1.8450
54.180,1.8626
54.181,1.8803
54.181,1.8979
54.181,1.9155
54.181,1.9330
54.181,1.9506
54.181,1.9681
54.181,1.9856
54.184,2.0031
54.189,2.0206
54.232,2.0379
54.233,2.0554
54.233,2.0727
54.233,2.0900
54.233,2.1072
54.233,2.1245
54.233,2.1416
54.233,2.1587
54.234,2.1758
54.239,2.1928
54.280,2.2097
54.281,2.2267
54.281,2.2435
54.281,2.2603
54.281,2.2770
54.281,2.2938
54.281,2.3104
54.281,2.3269
54.285,2.3434
54.289,2.3599
54.333,2.3762
54.333,2.3924
54.333,2.4086
54.333,2.4249
54.333,2.4409
54.333,2.4569
54.333,2.4727
54.333,2.4885
54.334,2.5043
54.339,2.5200
54.381,2.5355
54.381,2.5511
54.381,2.5664
54.381,2.5818
54.381,2.5970
54.381,2.6123
54.381,2.6273
54.381,2.6423
54.384,2.6572
54.389,2.6721
54.432,2.6869
54.433,2.7016
54.433,2.7161
54.433,2.7306
54.433,2.7451
54.433,2.7594
54.433,2.7736
54.433,2.7879
54.435,2.8019
54.439,2.8158
54.485,2.8297
54.485,2.8435
54.485,2.8571
54.485,2.8708
54.485,2.8843
54.485,2.8978
54.485,2.9111
54.485,2.9244
54.485,2.9376
54.489,2.9507
54.533,2.9638
54.533,2.9766
54.533,2.9894
54.533,3.0022
54.533,3.0148
54.533,3.0275
54.533,3.0399
54.533,3.0524
54.535,3.0647
54.539,3.0769
54.585,3.0890
54.585,3.1011
54.585,3.1131
54.585,3.1250
54.585,3.1367
54.585,3.1484
54.585,3.1601
54.585,3.1717
54.585,3.1832
54.589,3.1945
54.632,3.2058
54.632,3.2171
54.633,3.2282
54.633,3.2393
54.633,3.2502
54.633,3.2612
54.633,3.2719
54.633,3.2827
54.634,3.2934
54.639,3.3040
54.680,3.3145
54.681,3.3249
54.681,3.3353
54.681,3.3456
54.681,3.3558
54.681,3.3659
54.681,3.3759
54.681,3.3859
54.684,3.3957
54.689,3.4056
54.736,3.4153
54.736,3.4250
54.736,3.4346
54.736,3.4441
54.736,3.4536
54.736,3.4629
54.736,3.4721
54.736,3.4814
54.737,3.4906
54.740,3.4996
54.745,3.5086
54.793,3.5175
54.793,3.5263
54.793,3.5351
54.793,3.5438
54.793,3.5525
54.793,3.5610
54.793,3.5696
54.793,3.5779
54.793,3.5863
54.795,3.5946
54.799,3.6028
54.844,3.6108
54.845,3.6189
54.845,3.6268
54.845,3.6347
54.845,3.6425
54.845,3.6502
54.845,3.6578
54.845,3.6654
54.845,3.6729
54.849,3.6803
54.892,3.6876
54.893,3.6949
54.893,3.7019
54.893,3.7090
54.893,3.7160
54.893,3.7229
54.893,3.7297
54.893,3.7364
54.894,3.7430
54.899,3.7496
54.944,3.7560
54.945,3.7624
54.945,3.7687
54.945,3.7749
54.945,3.7810
54.945,3.7870
54.945,3.7929
54.945,3.7988
54.945,3.8045
54.949,3.8102
54.996,3.8157
54.996,3.8213
54.996,3.8266
54.996,3.8320
54.996,3.8372
54.996,3.8423
54.996,3.8473
54.996,3.8523
54.996,3.8571
54.999,3.8619
55.004,3.8666
55.049,3.8712
55.049,3.8757
55.049,3.8801
55.049,3.8844
55.049,3.8887
55.049,3.8928
55.049,3.8969
55.049,3.9008
55.049,3.9048
55.054,3.9085
55.100,3.9123
55.100,3.9159
55.100,3.9195
55.100,3.9229
55.100,3.9263
55.100,3.9296
55.100,3.9328
55.100,3.9359
55.101,3.9390
55.105,3.9419
55.109,3.9448
55.152,3.9476
55.153,3.9503
55.153,3.9529
55.153,3.9555
55.153,3.9580
55.153,3.9604
55.153,3.9627
55.153,3.9650
55.154,3.9672
55.159,3.9693
55.200,3.9713
55.201,3.9733
55.201,3.9752
55.201,3.9770
55.201,3.9788
55.201,3.9805
55.201,3.9821
55.201,3.9837
55.204,3.9851
55.209,3.9866
55.252,3.9879
55.252,3.9893
55.253,3.9905
55.253,3.9917
55.253,3.9928
55.253,3.9939
55.253,3.9949
55.253,3.9959
55.254,3.9968
55.259,3.9977
55.300,3.9984
55.301,3.9992
55.301,3.9999
55.301,4.0006
55.301,4.0012
55.301,4.0018
55.301,4.0023
55.301,4.0028
55.304,4.0032
55.309,4.0036
55.352,4.0039
55.352,4.0043
55.352,4.0046
55.353,4.0048
55.353,4.0050
55.353,4.0052
55.353,4.0053
55.353,4.0055
55.354,4.0056
55.359,4.0057
55.400,4.0057
55.400,4.0057
55.400,4.0056
55.400,4.0056
55.400,4.0055
55.400,4.0055
55.400,4.0053
55.400,4.0053
55.405,4.0051
55.409,4.0049
55.452,4.0047
55.452,4.0046
55.452,4.0043
55.452,4.0042
55.452,4.0039
55.452,4.0037
55.452,4.0034
55.452,4.0032
55.454,4.0029
55.459,4.0027
55.501,4.0024
55.501,4.0022
55.501,4.0019
55.501,4.0017
55.501,4.0013
55.501,4.0011
55.501,4.0008
55.501,4.0006
55.505,4.0003
55.509,4.0001
55.553,3.9998
55.553,3.9995
55.553,3.9993
55.553,3.9990
55.553,3.9987
55.553,3.9984
55.553,3.9981
55.553,3.9978
55.554,3.9974
55.559,3.9971
55.604,3.9967
55.605,3.9963
55.605,3.9958
55.605,3.9954
55.605,3.9949
55.605,3.9944
55.605,3.9938
55.605,3.9933
55.605,3.9926
55.609,3.9920
55.652,3.9913
55.652,3.9906
55.652,3.9898
55.652,3.9890
55.652,3.9880
55.652,3.9871
55.653,3.9861
55.653,3.9851
55.654,3.9839
55.659,3.9828
55.700,3.9815
55.700,3.9803
55.700,3.9789
55.700,3.9775
55.700,3.9759
55.700,3.9744
55.700,3.9727
55.700,3.9710
55.704,3.9692
55.709,3.9673
55.752,3.9653
55.752,3.9633
55.752,3.9611
55.752,3.9589
55.752,3.9565
55.752,3.9541
55.752,3.9516
55.752,3.9490
55.754,3.9463
55.759,3.9435
55.800,3.9405
55.800,3.9375
55.800,3.9343
55.800,3.9312
55.800,3.9278
55.800,3.9243
55.800,3.9208
55.800,3.9171
55.804,3.9133
55.809,3.9094
55.852,3.9054
55.853,3.9013
55.853,3.8970
55.853,3.8926
55.853,3.8881
55.853,3.8835
55.853,3.8788
55.853,3.8739
55.854,3.8690
55.859,3.8639
55.900,3.8586
55.901,3.8533
55.901,3.8478
55.901,3.8423
55.901,3.8365
55.901,3.8307
55.901,3.8247
55.901,3.8186
55.905,3.8124
55.910,3.8061
55.956,3.7996
55.956,3.7930
55.956,3.7863
55.956,3.7794
55.956,3.7725
55.956,3.7654
55.956,3.7582
55.956,3.7508
55.956,3.7434
55.959,3.7359
55.964,3.7281
56.009,3.7203
56.009,3.7124
56.009,3.7044
56.009,3.6962
56.009,3.6879
56.009,3.6796
56.009,3.6711
56.009,3.6625
56.009,3.6538
56.014,3.6450
56.056,3.6360
56.057,3.6270
56.057,3.6179
56.057,3.6087
56.057,3.5994
56.057,3.5900
56.057,3.5804
56.057,3.5709
56.059,3.5612
56.064,3.5514
56.108,3.5415
56.108,3.5316
56.108,3.5216
56.108,3.5114
56.108,3.5013
56.108,3.4910
56.108,3.4807
56.108,3.4703
56.109,3.4599
56.114,3.4493
56.156,3.4388
56.156,3.4282
56.156,3.4175
56.156,3.4067
56.156,3.3959
56.156,3.3851
56.156,3.3742
56.156,3.3633
56.159,3.3524
56.164,3.3414
56.208,3.3305
56.209,3.3194
56.209,3.3083
56.209,3.2973
56.209,3.2862
56.209,3.2751
56.209,3.2640
56.209,3.2529
56.209,3.2418
56.214,3.2307
56.256,3.2197
56.256,3.2086
56.256,3.1976
56.257,3.1865
56.257,3.1755
56.257,3.1645
56.257,3.1536
56.257,3.1427
56.260,3.1318
56.264,3.1209
56.308,3.1101
56.309,3.0993
56.309,3.0886
56.309,3.0780
56.309,3.0675
56.309,3.0570
56.309,3.0465
56.309,3.0362
56.310,3.0258
56.314,3.0156
56.357,3.0055
56.357,2.9954
56.357,2.9855
56.357,2.9757
56.357,2.9659
56.357,2.9563
56.357,2.9468
56.357,2.9374
56.359,2.9280
56.364,2.9189
56.412,2.9098
56.412,2.9009
56.412,2.8921
56.412,2.8834
56.412,2.8749
56.412,2.8665
56.412,2.8583
56.412,2.8502
56.412,2.8423
56.414,2.8346
56.419,2.8270
56.465,2.8195
56.465,2.8122
56.465,2.8051
56.465,2.7982
56.465,2.7915
56.465,2.7849
56.465,2.7785
56.465,2.7723
56.465,2.7662
56.469,2.7604
56.517,2.7547
56.517,2.7493
56.517,2.7440
56.517,2.7390
56.517,2.7341
56.517,2.7294
56.517,2.7249
56.517,2.7207
56.517,2.7166
56.520,2.7127
56.524,2.7090
56.569,2.7056
56.569,2.7023
56.569,2.6993
56.569,2.6964
56.569,2.6938
56.569,2.6913
56.569,2.6891
56.569,2.6871
56.570,2.6853
56.574,2.6837
56.616,2.6823
56.616,2.6811
56.616,2.6801
56.616,2.6793
56.616,2.6787
56.616,2.6783
56.616,2.6781
56.616,2.6780
56.619,2.6782
56.624,2.6786
56.668,2.6792
56.668,2.6799
56.668,2.6809
56.669,2.6820
56.669,2.6833
56.669,2.6848
56.669,2.6865
56.669,2.6883
56.670,2.6903
56.674,2.6925
56.716,2.6948
56.717,2.6973
56.717,2.6999
56.717,2.7027
56.717,2.7057
56.717,2.7087
56.717,2.7120
56.717,2.7154
56.719,2.7189
56.724,2.7225
56.772,2.7263
56.772,2.7302
56.772,2.7342
56.773,2.7383
56.773,2.7426
56.773,2.7469
56.773,2.7513
56.773,2.7559
56.773,2.7605
56.774,2.7652
56.779,2.7700
56.821,2.7749
56.821,2.7799
56.821,2.7850
56.821,2.7900
56.821,2.7952
56.821,2.8004
56.821,2.8057
56.821,2.8111
56.825,2.8164
56.829,2.8219
56.876,2.8274
56.876,2.8328
56.877,2.8383
56.877,2.8438
56.877,2.8494
56.877,2.8550
56.877,2.8606
56.877,2.8662
56.877,2.8718
56.879,2.8774
56.884,2.8830
56.929,2.8886
56.929,2.8942
56.929,2.8998
56.929,2.9053
56.929,2.9109
56.929,2.9165
56.929,2.9220
56.929,2.9275
56.930,2.9330
56.934,2.9385
56.976,2.9440
56.976,2.9494
56.976,2.9547
56.976,2.9601
56.976,2.9654
56.976,2.9707
56.976,2.9760
56.976,2.9812
56.979,2.9863
56.984,2.9914
57.029,2.9965
57.029,3.0015
57.029,3.0064
57.029,3.0113
57.029,3.0161
57.029,3.0209
57.029,3.0256
57.029,3.0302
57.029,3.0349
57.034,3.0393
57.076,3.0438
57.076,3.0481
57.076,3.0524
57.076,3.0566
57.076,3.0607
57.076,3.0647
57.077,3.0687
57.077,3.0726
57.079,3.0764
57.084,3.0801
57.133,3.0837
57.133,3.0872
57.133,3.0907
57.133,3.0940
57.133,3.0972
57.133,3.1004
57.133,3.1034
57.133,3.1063
57.133,3.1092
57.134,3.1119
57.139,3.1145
57.185,3.1170
57.185,3.1194
57.185,3.1217
57.185,3.1239
57.185,3.1260
57.185,3.1279
57.185,3.1298
57.185,3.1315
57.185,3.1331
57.189,3.1346
57.237,3.1360
57.237,3.1372
57.237,3.1384
57.237,3.1394
57.237,3.1403
57.237,3.1410
57.237,3.1417
57.237,3.1422
57.237,3.1426
57.239,3.1429
57.244,3.1430
57.292,3.1430
57.293,3.1429
57.293,3.1426
57.293,3.1423
57.293,3.1418
57.293,3.1411
57.293,3.1404
57.293,3.1395
57.293,3.1384
57.295,3.1373
57.299,3.1360
57.340,3.1346
57.341,3.1330
57.341,3.1313
57.341,3.1295
57.341,3.1275
57.341,3.1255
57.341,3.1232
57.341,3.1209
57.345,3.1184
57.349,3.1158
57.397,3.1130
57.397,3.1102
57.397,3.1071
57.397,3.1040
57.397,3.1007
57.397,3.0973
57.397,3.0938
57.397,3.0901
57.397,3.0863
57.399,3.0824
57.404,3.0783
57.448,3.0741
57.448,3.0698
57.448,3.0653
57.448,3.0608
57.448,3.0561
57.449,3.0512
57.449,3.0462
57.449,3.0412
57.449,3.0360
57.455,3.0306
57.496,3.0252
57.496,3.0196
57.496,3.0139
57.496,3.0080
57.496,3.0021
57.496,2.9960
57.496,2.9898
57.496,2.9835
57.499,2.9771
57.504,2.9706
57.548,2.9640
57.549,2.9572
57.549,2.9503
57.549,2.9433
57.549,2.9362
57.549,2.9290
57.549,2.9217
57.549,2.9143
57.549,2.9067
57.554,2.8991
57.597,2.8914
57.597,2.8835
57.597,2.8755
57.597,2.8675
57.597,2.8595
57.597,2.8512
57.597,2.8430
57.597,2.8345
57.599,2.8261
57.604,2.8175
57.653,2.8089
57.653,2.8002
57.653,2.7915
57.653,2.7826
57.653,2.7737
57.653,2.7646
57.653,2.7556
57.653,2.7464
57.653,2.7372
57.654,2.7279
57.659,2.7186
57.700,2.7092
57.701,2.6997
57.701,2.6902
57.701,2.6806
57.701,2.6710
57.701,2.6613
57.701,2.6516
57.701,2.6417
57.704,2.6320
57.709,2.6221
57.757,2.6123
57.757,2.6023
57.757,2.5924
57.757,2.5823
57.757,2.5723
57.757,2.5623
57.757,2.5522
57.757,2.5421
57.757,2.5320
57.759,2.5218
57.764,2.5117
57.813,2.5015
57.813,2.4913
57.813,2.4811
57.813,2.4710
57.813,2.4608
57.813,2.4506
57.813,2.4404
57.813,2.4302
57.813,2.4200
57.815,2.4098
57.819,2.3997
57.860,2.3895
57.861,2.3794
57.861,2.3693
57.861,2.3592
57.861,2.3491
57.861,2.3390
57.861,2.3290
57.861,2.3191
57.864,2.3091
57.869,2.2992
57.912,2.2893
57.913,2.2795
57.913,2.2698
57.913,2.2600
57.913,2.2503
57.913,2.2407
57.913,2.2311
57.913,2.2216
57.915,2.2121
57.919,2.2028
57.960,2.1935
57.960,2.1842
57.960,2.1751
57.960,2.1660
57.960,2.1570
57.960,2.1481
57.960,2.1392
57.960,2.1305
57.964,2.1219
57.969,2.1133
58.012,2.1048
58.012,2.0965
58.013,2.0883
58.013,2.0801
58.013,2.0721
58.013,2.0641
58.013,2.0564
58.013,2.0487
58.014,2.0412
58.019,2.0338
58.060,2.0265
58.061,2.0193
58.061,2.0123
58.061,2.0055
58.061,1.9988
58.061,1.9922
58.061,1.9857
58.061,1.9794
58.065,1.9733
58.069,1.9673
58.112,1.9615
58.113,1.9559
58.113,1.9504
58.113,1.9451
58.113,1.9400
58.113,1.9350
58.113,1.9302
58.113,1.9256
58.114,1.9212
58.119,1.9169
58.160,1.9128
58.160,1.9090
58.161,1.9053
58.161,1.9018
58.161,1.8985
58.161,1.8954
58.161,1.8925
58.161,1.8898
58.165,1.8873
58.169,1.8850
58.212,1.8829
58.212,1.8810
58.212,1.8793
58.212,1.8779
58.212,1.8766
58.212,1.8756
58.212,1.8747
58.212,1.8741
58.214,1.8736
58.219,1.8735
58.260,1.8735
58.261,1.8737
58.261,1.8741
58.261,1.8748
58.261,1.8756
58.261,1.8767
58.261,1.8780
58.261,1.8795
58.264,1.8811
58.269,1.8831
58.313,1.8851
58.313,1.8875
58.313,1.8899
58.313,1.8927
58.313,1.8955
58.313,1.8986
58.313,1.9019
58.313,1.9054
58.314,1.9091
58.319,1.9130
58.365,1.9170
58.365,1.9213
58.365,1.9257
58.365,1.9304
58.365,1.9351
58.365,1.9402
58.365,1.9453
58.365,1.9506
58.365,1.9561
58.369,1.9618
58.412,1.9677
58.412,1.9737
58.412,1.9799
58.412,1.9863
58.412,1.9927
58.412,1.9995
58.412,2.0063
58.412,2.0133
58.414,2.0204
58.419,2.0277
58.460,2.0352
58.460,2.0428
58.460,2.0505
58.460,2.0585
58.461,2.0665
58.461,2.0748
58.461,2.0830
58.461,2.0915
58.464,2.1001
58.469,2.1088
58.513,2.1176
58.513,2.1267
58.513,2.1357
58.513,2.1450
58.513,2.1543
58.513,2.1638
58.513,2.1735
58.513,2.1831
58.514,2.1929
58.519,2.2029
58.564,2.2129
58.565,2.2231
58.565,2.2333
58.565,2.2437
58.565,2.2541
58.565,2.2647
58.565,2.2753
58.565,2.2861
58.565,2.2969
58.569,2.3078
58.612,2.3188
58.613,2.3300
58.613,2.3411
58.613,2.3524
58.613,2.3636
58.613,2.3751
58.613,2.3865
58.613,2.3981
58.614,2.4097
58.619,2.4214
58.660,2.4331
58.660,2.4451
58.660,2.4568
58.661,2.4688
58.661,2.4808
58.661,2.4929
58.661,2.5050
58.661,2.5172
58.665,2.5294
58.669,2.5417
58.712,2.5540
58.712,2.5664
58.712,2.5788
58.712,2.5912
58.712,2.6037
58.713,2.6163
58.713,2.6289
58.713,2.6414
58.714,2.6540
58.720,2.6668
58.765,2.6793
58.765,2.6921
58.765,2.7048
58.765,2.7176
58.765,2.7303
58.765,2.7431
58.765,2.7559
58.765,2.7689
58.765,2.7816
58.769,2.7944
58.813,2.8072
58.813,2.8201
58.813,2.8330
58.813,2.8459
58.813,2.8588
58.813,2.8717
58.813,2.8845
58.813,2.8974
58.814,2.9102
58.819,2.9231
58.860,2.9358
58.860,2.9487
58.860,2.9615
58.860,2.9743
58.860,2.9871
58.860,2.9999
58.860,3.0127
58.860,3.0253
58.864,3.0380
58.869,3.0507
58.912,3.0633
58.912,3.0760
58.912,3.0887
58.912,3.1011
58.912,3.1136
58.912,3.1261
58.912,3.1386
58.912,3.1511
58.915,3.1634
58.919,3.1758
58.960,3.1881
58.961,3.2004
58.961,3.2126
58.961,3.2248
58.961,3.2368
58.961,3.2489
58.961,3.2608
58.961,3.2727
58.965,3.2846
58.969,3.2964
59.012,3.3080
59.012,3.3198
59.013,3.3312
59.013,3.3428
59.013,3.3542
59.013,3.3656
59.013,3.3768
59.013,3.3881
59.014,3.3991
59.019,3.4102
59.060,3.4211
59.061,3.4320
59.061,3.4428
59.061,3.4536
59.061,3.4641
59.061,3.4746
59.061,3.4850
59.061,3.4954
59.065,3.5056
59.069,3.5158
59.112,3.5258
59.112,3.5358
59.112,3.5456
59.112,3.5555
59.112,3.5651
59.113,3.5747
59.113,3.5841
59.113,3.5935
59.114,3.6028
59.119,3.6120
59.160,3.6210
59.160,3.6300
59.160,3.6388
59.160,3.6477
59.160,3.6562
59.160,3.6648
59.160,3.6732
59.160,3.6816
59.164,3.6898
59.169,3.6979
59.216,3.7059
59.216,3.7138
59.216,3.7216
59.216,3.7293
59.216,3.7368
59.216,3.7443
59.216,3.7516
59.216,3.7590
59.216,3.7660
59.219,3.7731
59.224,3.7800
59.273,3.7868
59.273,3.7934
59.273,3.8001
59.273,3.8065
59.273,3.8129
59.273,3.8191
59.273,3.8253
59.273,3.8313
59.273,3.8372
59.274,3.8430
59.279,3.8487
59.324,3.8543
59.324,3.8598
59.324,3.8652
59.324,3.8705
59.325,3.8756
59.325,3.8807
59.325,3.8857
59.325,3.8905
59.325,3.8952
59.329,3.8999
59.376,3.9044
59.377,3.9088
59.377,3.9131
59.377,3.9174
59.377,3.9214
59.377,3.9255
59.377,3.9294
59.377,3.9333
59.377,3.9369
59.379,3.9405
59.384,3.9440
59.428,3.9475
59.428,3.9507
59.428,3.9539
59.428,3.9570
59.428,3.9600
59.428,3.9629
59.428,3.9658
59.429,3.9684
59.429,3.9711
59.435,3.9736
59.476,3.9761
59.476,3.9784
59.476,3.9807
59.476,3.9828
59.476,3.9849
59.476,3.9869
59.476,3.9888
59.476,3.9905
59.479,3.9923
59.484,3.9939
59.528,3.9955
59.529,3.9969
59.529,3.9983
59.529,3.9995
59.529,4.0008
59.529,4.0019
59.529,4.0030
59.529,4.0039
59.529,4.0048
59.534,4.0056
59.580,4.0063
59.580,4.0069
59.580,4.0076
59.580,4.0080
59.580,4.0085
59.580,4.0088
59.580,4.0091
59.580,4.0093
59.580,4.0094
59.584,4.0094
59.589,4.0095
59.632,4.0094
59.632,4.0092
59.632,4.0090
59.633,4.0087
59.633,4.0084
59.633,4.0080
59.633,4.0075
59.633,4.0070
59.634,4.0064
59.639,4.0057
59.680,4.0050
59.680,4.0043
59.681,4.0034
59.681,4.0025
59.681,4.0015
59.681,4.0006
59.681,3.9996
59.681,3.9985
59.685,3.9974
59.689,3.9964
59.732,3.9952
59.732,3.9941
59.732,3.9929
59.732,3.9917
59.733,3.9905
59.733,3.9893
59.733,3.9881
59.733,3.9869
59.734,3.9856
59.739,3.9844
59.780,3.9831
59.781,3.9819
59.781,3.9806
59.781,3.9794
59.781,3.9781
59.781,3.9769
59.781,3.9756
59.781,3.9744
59.784,3.9732
59.789,3.9720
59.836,3.9708
59.836,3.9697
59.836,3.9685
59.836,3.9674
59.836,3.9662
59.837,3.9651
59.837,3.9640
59.837,3.9630
59.837,3.9620
59.839,3.9610
59.844,3.9600
59.893,3.9591
59.893,3.9581
59.893,3.9572
59.893,3.9563
59.893,3.9555
59.893,3.9547
59.893,3.9539
59.893,3.9532
59.893,3.9525
59.895,3.9518
59.899,3.9511
59.945,3.9505
59.945,3.9499
59.945,3.9494
59.945,3.9489
59.945,3.9483
59.945,3.9479
59.945,3.9475
59.945,3.9471
59.945,3.9467
59.949,3.9465
59.996,3.9462
59.996,3.9459
59.996,3.9457
59.996,3.9456
59.997,3.9454
59.997,3.9454
59.997,3.9453
59.997,3.9453
59.997,3.9453
60.000,3.9453
60.004,3.9454
60.048,3.9455
60.048,3.9457
60.049,3.9459
60.049,3.9461
60.049,3.9463
60.049,3.9466
60.049,3.9469
60.049,3.9472
60.049,3.9476
60.054,3.9480
60.096,3.9485
60.096,3.9489
60.096,3.9494
60.096,3.9499
60.096,3.9505
60.096,3.9511
60.096,3.9517
60.096,3.9523
60.099,3.9530
60.104,3.9536
60.148,3.9543
60.149,3.9551
60.149,3.9558
60.149,3.9566
60.149,3.9574
60.149,3.9582
60.149,3.9590
60.149,3.9599
60.149,3.9608
60.154,3.9616
60.197,3.9625
60.197,3.9634
60.197,3.9644
60.197,3.9653
60.197,3.9663
60.197,3.9672
60.197,3.9682
60.197,3.9692
60.200,3.9701
60.204,3.9711
60.253,3.9721
60.253,3.9731
60.253,3.9742
60.253,3.9751
60.253,3.9762
60.253,3.9772
60.253,3.9782
60.253,3.9792
60.253,3.9802
60.254,3.9811
60.259,3.9821
60.305,3.9831
60.305,3.9841
60.305,3.9851
60.305,3.9860
60.305,3.9869
60.305,3.9879
60.305,3.9888
60.305,3.9897
60.305,3.9906
60.309,3.9914
60.353,3.9923
60.353,3.9931
60.353,3.9939
60.353,3.9947
60.353,3.9954
60.353,3.9962
60.353,3.9969
60.353,3.9976
60.354,3.9982
60.359,3.9988
60.400,3.9994
60.400,4.0000
60.400,4.0005
60.400,4.0010
60.400,4.0014
60.401,4.0018
60.401,4.0022
60.401,4.0025
60.404,4.0028
60.409,4.0031
60.452,4.0033
60.453,4.0035
60.453,4.0036
60.453,4.0037
60.453,4.0038
60.453,4.0039
60.453,4.0039
60.453,4.0039
60.455,4.0038
60.459,4.0038
60.501,4.0037
60.501,4.0036
60.501,4.0034
60.501,4.0033
60.501,4.0031
60.501,4.0029
60.501,4.0027
60.501,4.0024
60.505,4.0021
60.509,4.0019
60.556,4.0015
60.557,4.0012
60.557,4.0009
60.557,4.0005
60.557,4.0001
60.557,3.9997
60.557,3.9993
60.557,3.9989
60.557,3.9984
60.559,3.9980
60.564,3.9975
60.608,3.9970
60.608,3.9965
60.608,3.9960
60.608,3.9954
60.608,3.9949
60.608,3.9943
60.608,3.9938
60.608,3.9932
60.609,3.9927
60.614,3.9920
60.656,3.9915
60.657,3.9908
60.657,3.9903
60.657,3.9896
60.657,3.9890
60.657,3.9884
60.657,3.9878
60.657,3.9871
60.659,3.9865
60.664,3.9859
60.708,3.9853
60.709,3.9846
60.709,3.9840
60.709,3.9833
60.709,3.9827
60.709,3.9820
60.709,3.9814
60.709,3.9808
60.709,3.9802
60.714,3.9795
60.757,3.9790
60.757,3.9783
60.757,3.9778
60.757,3.9771
60.757,3.9766
60.757,3.9760
60.757,3.9755
60.757,3.9749
60.760,3.9744
60.764,3.9738
60.808,3.9733
60.808,3.9727
60.808,3.9723
60.808,3.9717
60.809,3.9713
60.809,3.9708
60.809,3.9704
60.809,3.9699
60.809,3.9695
60.814,3.9691
60.856,3.9687
60.856,3.9683
60.856,3.9680
60.856,3.9676
60.856,3.9673
60.857,3.9670
60.857,3.9667
60.857,3.9664
60.859,3.9662
60.864,3.9659
60.908,3.9657
60.909,3.9655
60.909,3.9653
60.909,3.9651
60.909,3.9650
60.909,3.9648
60.909,3.9647
60.909,3.9645
60.909,3.9645
60.914,3.9643
60.961,3.9643
60.961,3.9642
60.961,3.9642
60.961,3.9641
60.961,3.9641
60.961,3.9641
60.961,3.9641
60.961,3.9641
60.961,3.9641
60.965,3.9641
60.969,3.9642
61.013,3.9642
61.013,3.9643
61.013,3.9643
61.013,3.9645
61.013,3.9645
61.013,3.9646
61.013,3.9647
61.013,3.9648
61.014,3.9649
61.019,3.9650
61.060,3.9651
61.061,3.9652
61.061,3.9653
61.061,3.9654
61.061,3.9655
61.061,3.9656
61.061,3.9657
61.061,3.9658
61.065,3.9658
61.069,3.9659
61.116,3.9659
61.117,3.9660
61.117,3.9660
61.117,3.9660
61.117,3.9660
61.117,3.9660
61.117,3.9659
61.117,3.9659
61.117,3.9657
61.119,3.9657
61.124,3.9655
61.172,3.9654
61.173,3.9651
61.173,3.9650
61.173,3.9647
61.173,3.9644
61.173,3.9641
61.173,3.9638
61.173,3.9633
61.173,3.9629
61.174,3.9624
61.179,3.9620
61.221,3.9615
61.221,3.9611
61.221,3.9606
61.221,3.9601
61.221,3.9596
61.221,3.9591
61.221,3.9586
61.221,3.9581
61.224,3.9576
61.229,3.9571
61.272,3.9565
61.273,3.9560
61.273,3.9555
61.273,3.9550
61.273,3.9544
61.273,3.9540
61.273,3.9534
61.273,3.9529
61.275,3.9524
61.279,3.9519
61.320,3.9514
61.321,3.9510
61.321,3.9505
61.321,3.9500
61.321,3.9495
61.321,3.9491
61.321,3.9486
61.321,3.9482
61.324,3.9477
61.329,3.9474
61.372,3.9469
61.373,3.9465
61.373,3.9461
61.373,3.9457
61.373,3.9453
61.373,3.9450
61.373,3.9446
61.373,3.9443
61.374,3.9439
61.379,3.9436
61.420,3.9432
61.421,3.9429
61.421,3.9425
61.421,3.9423
61.421,3.9419
61.421,3.9416
61.421,3.9413
61.421,3.9410
61.424,3.9407
61.429,3.9404
61.472,3.9401
61.473,3.9398
61.473,3.9395
61.473,3.9393
61.473,3.9389
61.473,3.9387
61.473,3.9383
61.473,3.9381
61.474,3.9377
61.479,3.9375
61.520,3.9371
61.521,3.9368
61.521,3.9365
61.521,3.9362
61.521,3.9358
61.521,3.9355
61.521,3.9351
61.521,3.9347
61.524,3.9343
61.529,3.9340
61.572,3.9335
61.572,3.9331
61.572,3.9327
61.572,3.9322
61.572,3.9317
61.572,3.9313
61.572,3.9307
61.572,3.9302
61.574,3.9296
61.579,3.9291
61.620,3.9285
61.621,3.9279
61.621,3.9272
61.621,3.9266
61.621,3.9258
61.621,3.9251
61.621,3.9244
61.621,3.9236
61.625,3.9227
61.629,3.9219
61.673,3.9210
61.673,3.9201
61.673,3.9191
61.673,3.9181
61.673,3.9171
61.673,3.9160
61.673,3.9149
61.673,3.9138
61.675,3.9125
61.679,3.9113
61.720,3.9100
61.720,3.9087
61.720,3.9073
61.721,3.9059
61.721,3.9043
61.721,3.9028
61.721,3.9012
61.721,3.8996
61.725,3.8979
61.729,3.8961
61.772,3.8943
61.773,3.8924
61.773,3.8905
61.773,3.8885
61.773,3.8864
61.773,3.8843
61.773,3.8821
61.773,3.8799
61.774,3.8776
61.779,3.8752
61.824,3.8727
61.824,3.8703
61.824,3.8677
61.824,3.8650
61.824,3.8623
61.824,3.8595
61.824,3.8566
61.824,3.8536
61.825,3.8506
61.829,3.8475
61.872,3.8443
61.872,3.8410
61.873,3.8377
61.873,3.8342
61.873,3.8307
61.873,3.8271
61.873,3.8234
61.873,3.8197
61.874,3.8158
61.879,3.8119
61.924,3.8078
61.924,3.8038
61.924,3.7996
61.924,3.7953
61.924,3.7909
61.924,3.7866
61.924,3.7822
61.924,3.7777
61.925,3.7731
61.929,3.7685
61.972,3.7639
61.972,3.7591
61.972,3.7543
61.972,3.7494
61.972,3.7445
61.972,3.7395
61.972,3.7345
61.972,3.7295
61.974,3.7243
61.979,3.7192
62.020,3.7139
62.021,3.7087
62.021,3.7034
62.021,3.6981
62.021,3.6927
62.021,3.6873
62.021,3.6818
62.021,3.6763
62.024,3.6708
62.029,3.6652
62.072,3.6596
62.072,3.6540
62.072,3.6483
62.072,3.6427
62.072,3.6370
62.073,3.6313
62.073,3.6255
62.073,3.6198
62.074,3.6140
62.079,3.6082
62.120,3.6023
62.121,3.5965
62.121,3.5907
62.121,3.5848
62.121,3.5789
62.121,3.5731
62.121,3.5672
62.121,3.5613
62.124,3.5554
62.129,3.5496
62.177,3.5436
62.177,3.5378
62.177,3.5319
62.177,3.5260
62.177,3.5201
62.177,3.5143
62.177,3.5084
62.177,3.5026
62.177,3.4968
62.179,3.4911
62.184,3.4853
62.228,3.4796
62.229,3.4738
62.229,3.4682
62.229,3.4625
62.229,3.4569
62.229,3.4512
62.229,3.4457
62.229,3.4402
62.229,3.4348
62.234,3.4293
62.276,3.4239
62.276,3.4185
62.276,3.4133
62.276,3.4080
62.276,3.4028
62.276,3.3976
62.276,3.3926
62.277,3.3875
62.279,3.3826
62.284,3.3776
62.329,3.3729
62.329,3.3681
62.329,3.3634
62.329,3.3587
62.329,3.3542
62.329,3.3497
62.329,3.3453
62.329,3.3410
62.329,3.3368
62.334,3.3326
62.381,3.3285
62.381,3.3245
62.381,3.3206
62.381,3.3168
62.381,3.3131
62.381,3.3094
62.381,3.3059
62.381,3.3024
62.381,3.2991
62.384,3.2958
62.389,3.2928
62.433,3.2897
62.433,3.2868
62.433,3.2839
62.433,3.2812
62.433,3.2785
62.433,3.2760
62.433,3.2736
62.433,3.2714
62.434,3.2691
62.439,3.2671
62.481,3.2651
62.481,3.2633
62.481,3.2615
62.481,3.2599
62.481,3.2584
62.481,3.2570
62.481,3.2557
62.481,3.2546
62.485,3.2535
62.489,3.2526
62.536,3.2518
62.536,3.2512
62.536,3.2505
62.536,3.2501
62.536,3.2497
62.536,3.2496
62.536,3.2494
62.536,3.2495
62.536,3.2495
62.539,3.2498
62.544,3.2501
62.589,3.2507
62.589,3.2512
62.589,3.2519
62.589,3.2527
62.589,3.2537
62.589,3.2547
62.589,3.2558
62.589,3.2571
62.589,3.2585
62.594,3.2599
62.641,3.2615
62.641,3.2631
62.641,3.2649
62.641,3.2668
62.641,3.2688
62.641,3.2708
62.641,3.2730
62.641,3.2752
62.641,3.2777
62.644,3.2801
62.649,3.2827
62.692,3.2853
62.693,3.2881
62.693,3.2908
62.693,3.2938
62.693,3.2967
62.693,3.2999
62.693,3.3030
62.693,3.3063
62.694,3.3096
62.699,3.3130
62.741,3.3165
62.741,3.3201
62.741,3.3237
62.741,3.3274
62.741,3.3311
62.741,3.3350
62.741,3.3388
62.741,3.3429
62.745,3.3468
62.749,3.3510
62.796,3.3551
62.796,3.3593
62.796,3.3635
62.796,3.3678
62.796,3.3721
62.796,3.3765
62.797,3.3809
62.797,3.3855
62.797,3.3900
62.799,3.3946
62.804,3.3992
62.848,3.4039
62.849,3.4086
62.849,3.4133
62.849,3.4180
62.849,3.4229
62.849,3.4277
62.849,3.4326
62.849,3.4375
62.849,3.4424
62.854,3.4473
62.896,3.4523
62.896,3.4573
62.896,3.4623
62.896,3.4673
62.896,3.4724
62.896,3.4774
62.897,3.4826
62.897,3.4876
62.899,3.4927
62.904,3.4978
62.948,3.5030
62.949,3.5081
62.949,3.5133
62.949,3.5184
62.949,3.5235
62.949,3.5286
62.949,3.5339
62.949,3.5390
62.949,3.5442
62.954,3.5493
63.000,3.5545
63.001,3.5596
63.001,3.5648
63.001,3.5699
63.001,3.5751
63.001,3.5802
63.001,3.5853
63.001,3.5904
63.001,3.5956
63.004,3.6006
63.009,3.6058
63.052,3.6108
63.052,3.6159
63.053,3.6209
63.053,3.6260
63.053,3.6310
63.053,3.6361
63.053,3.6410
63.053,3.6460
63.055,3.6510
63.059,3.6559
63.105,3.6608
63.105,3.6658
63.105,3.6706
63.105,3.6755
63.105,3.6803
63.105,3.6852
63.105,3.6899
63.105,3.6948
63.105,3.6995
63.109,3.7043
63.157,3.7089
63.157,3.7136
63.157,3.7182
63.157,3.7229
63.157,3.7275
63.157,3.7322
63.157,3.7367
63.157,3.7412
63.157,3.7457
63.159,3.7503
63.164,3.7546
63.208,3.7591
63.209,3.7635
63.209,3.7679
63.209,3.7722
63.209,3.7766
63.209,3.7808
63.209,3.7851
63.209,3.7893
63.209,3.7935
63.214,3.7976
63.260,3.8018
63.260,3.8058
63.260,3.8100
63.260,3.8140
63.261,3.8180
63.261,3.8219
63.261,3.8259
63.261,3.8298
63.261,3.8337
63.264,3.8375
63.269,3.8414
63.312,3.8451
63.312,3.8489
63.312,3.8525
63.312,3.8563
63.312,3.8598
63.312,3.8635
63.312,3.8670
63.312,3.8706
63.314,3.8740
63.319,3.8775
63.364,3.8809
63.365,3.8843
63.365,3.8875
63.365,3.8908
63.365,3.8938
63.365,3.8969
63.365,3.8998
63.365,3.9027
63.365,3.9054
63.369,3.9081
63.413,3.9106
63.413,3.9131
63.413,3.9154
63.413,3.9176
63.413,3.9197
63.413,3.9217
63.413,3.9235
63.413,3.9253
63.415,3.9268
63.419,3.9283
63.460,3.9296
63.460,3.9308
63.460,3.9317
63.460,3.9326
63.460,3.9333
63.460,3.9339
63.460,3.9342
63.460,3.9345
63.464,3.9345
63.469,3.9344
63.512,3.9342
63.512,3.9337
63.512,3.9331
63.512,3.9323
63.512,3.9314
63.512,3.9303
63.512,3.9289
63.512,3.9275
63.514,3.9258
63.519,3.9239
63.560,3.9219
63.561,3.9197
63.561,3.9173
63.561,3.9147
63.561,3.9119
63.561,3.9090
63.561,3.9058
63.561,3.9025
63.564,3.8990
63.569,3.8953
63.616,3.8914
63.616,3.8873
63.616,3.8830
63.616,3.8786
63.616,3.8740
63.616,3.8692
63.616,3.8642
63.617,3.8590
63.617,3.8536
63.620,3.8481
63.624,3.8424
63.668,3.8365
63.669,3.8304
63.669,3.8242
63.669,3.8178
63.669,3.8112
63.669,3.8045
63.669,3.7976
63.669,3.7904
63.669,3.7832
63.674,3.7758
63.716,3.7683
63.717,3.7605
63.717,3.7527
63.717,3.7447
63.717,3.7365
63.717,3.7282
63.717,3.7198
63.717,3.7112
63.720,3.7024
63.724,3.6936
63.769,3.6846
63.769,3.6755
63.769,3.6663
63.769,3.6569
63.769,3.6475
63.769,3.6379
63.769,3.6282
63.769,3.6184
63.769,3.6086
63.774,3.5985
63.820,3.5884
63.821,3.5783
63.821,3.5680
63.821,3.5577
63.821,3.5473
63.821,3.5368
63.821,3.5262
63.821,3.5155
63.821,3.5048
63.824,3.4941
63.829,3.4833
63.876,3.4724
63.876,3.4616
63.877,3.4506
63.877,3.4396
63.877,3.4286
63.877,3.4176
63.877,3.4065
63.877,3.3954
63.877,3.3843
63.880,3.3732
63.884,3.3621
63.928,3.3509
63.928,3.3398
63.928,3.3288
63.928,3.3177
63.928,3.3066
63.928,3.2956
63.928,3.2845
63.928,3.2735
63.929,3.2625
63.934,3.2515
63.976,3.2406
63.976,3.2297
63.976,3.2189
63.976,3.2081
63.976,3.1974
63.976,3.1868
63.976,3.1762
63.976,3.1657
63.979,3.1553
63.984,3.1448
64.029,3.1346
64.029,3.1244
64.029,3.1143
64.029,3.1042
64.029,3.0942
64.029,3.0843
64.029,3.0746
64.029,3.0649
64.029,3.0554
64.034,3.0459
64.076,3.0365
64.076,3.0273
64.076,3.0181
64.077,3.0091
64.077,3.0002
64.077,2.9913
64.077,2.9826
64.077,2.9740
64.080,2.9654
64.084,2.9570
64.128,2.9487
64.129,2.9404
64.129,2.9323
64.129,2.9242
64.129,2.9162
64.129,2.9083
64.129,2.9006
64.129,2.8928
64.129,2.8852
64.134,2.8776
64.181,2.8701
64.181,2.8627
64.181,2.8554
64.181,2.8481
64.181,2.8409
64.181,2.8337
64.181,2.8267
64.181,2.8196
64.181,2.8126
64.185,2.8057
64.189,2.7988
64.232,2.7919
64.232,2.7851
64.232,2.7783
64.232,2.7716
64.232,2.7648
64.232,2.7581
64.232,2.7514
64.232,2.7448
64.234,2.7381
64.239,2.7314
64.280,2.7247
64.281,2.7181
64.281,2.7115
64.281,2.7048
64.281,2.6981
64.281,2.6914
64.281,2.6847
64.281,2.6780
64.284,2.6713
64.289,2.6645
64.332,2.6576
64.333,2.6508
64.333,2.6439
64.333,2.6370
64.333,2.6300
64.333,2.6230
64.333,2.6159
64.333,2.6088
64.334,2.6016
64.339,2.5944
64.380,2.5871
64.380,2.5797
64.381,2.5723
64.381,2.5648
64.381,2.5572
64.381,2.5495
64.381,2.5418
64.381,2.5340
64.385,2.5261
64.389,2.5181
64.436,2.5101
64.436,2.5020
64.436,2.4938
64.437,2.4854
64.437,2.4770
64.437,2.4685
64.437,2.4599
64.437,2.4512
64.437,2.4424
64.439,2.4336
64.444,2.4247
64.488,2.4156
64.489,2.4064
64.489,2.3972
64.489,2.3879
64.489,2.3784
64.489,2.3688
64.489,2.3593
64.489,2.3496
64.490,2.3397
64.494,2.3298
64.536,2.3198
64.537,2.3098
64.537,2.2996
64.537,2.2894
64.537,2.2790
64.537,2.2686
64.537,2.2580
64.537,2.2475
64.540,2.2368
64.544,2.2261
64.588,2.2153
64.588,2.2044
64.588,2.1935
64.588,2.1825
64.588,2.1715
64.589,2.1603
64.589,2.1492
64.589,2.1380
64.589,2.1267
64.594,2.1154
64.640,2.1041
64.640,2.0927
64.640,2.0813
64.641,2.0699
64.641,2.0585
64.641,2.0471
64.641,2.0356
64.641,2.0242
64.641,2.0127
64.644,2.0013
64.649,1.9899
64.696,1.9785
64.696,1.9672
64.696,1.9558
64.696,1.9446
64.696,1.9334
64.697,1.9223
64.697,1.9112
64.697,1.9002
64.697,1.8892
64.699,1.8784
64.704,1.8678
64.748,1.8572
64.748,1.8467
64.748,1.8363
64.749,1.8260
64.749,1.8160
64.749,1.8061
64.749,1.7963
64.749,1.7868
64.750,1.7774
64.754,1.7683
64.800,1.7594
64.800,1.7507
64.800,1.7422
64.800,1.7340
64.800,1.7260
64.800,1.7184
64.800,1.7110
64.800,1.7038
64.801,1.6970
64.804,1.6905
64.809,1.6843
64.852,1.6784
64.853,1.6728
64.853,1.6675
64.853,1.6627
64.853,1.6581
64.853,1.6539
64.853,1.6501
64.853,1.6466
64.854,1.6435
64.859,1.6408
64.905,1.6384
64.905,1.6364
64.905,1.6348
64.905,1.6336
64.905,1.6328
64.905,1.6324
64.905,1.6323
64.905,1.6326
64.905,1.6333
64.909,1.6345
64.953,1.6359
64.953,1.6378
64.953,1.6401
64.953,1.6427
64.953,1.6457
64.953,1.6492
64.953,1.6529
64.953,1.6571
64.955,1.6616
64.959,1.6664
65.000,1.6716
65.001,1.6772
65.001,1.6831
65.001,1.6893
65.001,1.6959
65.001,1.7028
65.001,1.7100
65.001,1.7176
65.005,1.7254
65.009,1.7335
65.057,1.7419
65.057,1.7506
65.057,1.7596
65.057,1.7688
65.057,1.7783
65.057,1.7881
65.057,1.7980
65.057,1.8083
65.057,1.8187
65.060,1.8294
65.064,1.8402
65.108,1.8513
65.109,1.8626
65.109,1.8741
65.109,1.8856
65.109,1.8975
65.109,1.9095
65.109,1.9216
65.109,1.9338
65.110,1.9464
65.114,1.9589
65.161,1.9717
65.161,1.9844
65.161,1.9974
65.161,2.0104
65.161,2.0236
65.161,2.0368
65.161,2.0502
65.161,2.0635
65.161,2.0771
65.164,2.0906
65.169,2.1043
65.212,2.1180
65.212,2.1318
65.212,2.1456
65.212,2.1595
65.213,2.1733
65.213,2.1874
65.213,2.2012
65.213,2.2154
65.214,2.2293
65.219,2.2434
65.260,2.2574
65.261,2.2716
65.261,2.2855
65.261,2.2997
65.261,2.3137
65.261,2.3278
65.261,2.3418
65.261,2.3560
65.264,2.3699
65.269,2.3841
65.316,2.3981
65.316,2.4120
65.316,2.4259
65.316,2.4399
65.316,2.4537
65.317,2.4676
65.317,2.4814
65.317,2.4953
65.317,2.5090
65.319,2.5227
65.325,2.5363
65.372,2.5500
65.372,2.5635
65.372,2.5770
65.372,2.5903
65.372,2.6038
65.372,2.6171
65.372,2.6305
65.373,2.6436
65.373,2.6568
65.374,2.6698
65.379,2.6828
65.421,2.6957
65.421,2.7087
65.421,2.7214
65.421,2.7343
65.421,2.7468
65.421,2.7595
65.421,2.7720
65.421,2.7844
65.424,2.7967
65.429,2.8091
65.473,2.8213
65.473,2.8335
65.473,2.8454
65.473,2.8574
65.473,2.8691
65.473,2.8809
65.473,2.8925
65.473,2.9040
65.475,2.9153
65.479,2.9267
65.520,2.9377
65.521,2.9489
65.521,2.9597
65.521,2.9706
65.521,2.9812
65.521,2.9918
65.521,3.0022
65.521,3.0125
65.524,3.0226
65.529,3.0327
65.572,3.0425
65.572,3.0523
65.572,3.0619
65.572,3.0714
65.572,3.0807
65.572,3.0900
65.572,3.0990
65.572,3.1080
65.574,3.1167
65.579,3.1254
65.620,3.1338
65.620,3.1422
65.620,3.1503
65.620,3.1585
65.620,3.1662
65.620,3.1741
65.620,3.1816
65.620,3.1891
65.624,3.1964
65.629,3.2035
65.672,3.2104
65.673,3.2174
65.673,3.2241
65.673,3.2306
65.673,3.2370
65.673,3.2433
65.673,3.2493
65.673,3.2553
65.674,3.2610
65.679,3.2667
65.720,3.2722
65.721,3.2776
65.721,3.2827
65.721,3.2878
65.721,3.2927
65.721,3.2975
65.721,3.3021
65.721,3.3065
65.724,3.3108
65.729,3.3150
65.773,3.3190
65.773,3.3229
65.773,3.3267
65.773,3.3303
65.773,3.3337
65.773,3.3371
65.773,3.3402
65.773,3.3433
65.774,3.3462
65.779,3.3490
65.820,3.3516
65.820,3.3542
65.820,3.3566
65.821,3.3588
65.821,3.3609
65.821,3.3630
65.821,3.3648
65.821,3.3666
65.825,3.3682
65.830,3.3698
65.872,3.3712
65.872,3.3725
65.872,3.3736
65.872,3.3747
65.872,3.3757
65.872,3.3765
65.873,3.3773
65.873,3.3779
65.874,3.3784
65.879,3.3789
65.920,3.3792
65.920,3.3795
65.920,3.3796
65.920,3.3797
65.920,3.3796
65.920,3.3795
65.920,3.3793
65.920,3.3790
65.924,3.3787
65.929,3.3782
65.977,3.3777
65.977,3.3771
65.977,3.3764
65.977,3.3757
65.977,3.3749
65.977,3.3741
65.977,3.3731
65.977,3.3721
65.977,3.3711
65.979,3.3700
65.984,3.3689
66.029,3.3677
66.029,3.3664
66.029,3.3651
66.029,3.3638
66.029,3.3625
66.029,3.3610
66.029,3.3596
66.029,3.3581
66.029,3.3567
66.034,3.3551
66.076,3.3536
66.076,3.3520
66.076,3.3505
66.076,3.3489
66.076,3.3473
66.076,3.3456
66.076,3.3440
66.076,3.3424
66.080,3.3408
66.084,3.3391
66.128,3.3375
66.128,3.3359
66.128,3.3343
66.128,3.3327
66.128,3.3311
66.128,3.3296
66.129,3.3280
66.129,3.3265
66.129,3.3250
66.134,3.3235
66.176,3.3221
66.177,3.3207
66.177,3.3193
66.177,3.3179
66.177,3.3166
66.177,3.3154
66.177,3.3142
66.177,3.3130
66.180,3.3119
66.184,3.3109
66.232,3.3100
66.233,3.3092
66.233,3.3084
66.233,3.3078
66.233,3.3073
66.233,3.3068
66.233,3.3065
66.233,3.3062
66.233,3.3061
66.234,3.3060
66.239,3.3062
66.280,3.3063
66.281,3.3067
66.281,3.3071
66.281,3.3077
66.281,3.3083
66.281,3.3091
66.281,3.3100
66.281,3.3110
66.284,3.3121
66.289,3.3134
66.333,3.3148
66.333,3.3163
66.333,3.3178
66.333,3.3195
66.333,3.3213
66.333,3.3233
66.333,3.3253
66.333,3.3274
66.335,3.3296
66.339,3.3320
66.384,3.3344
66.384,3.3369
66.384,3.3395
66.384,3.3422
66.384,3.3450
66.384,3.3479
66.384,3.3508
66.384,3.3538
66.385,3.3569
66.389,3.3601
66.436,3.3634
66.436,3.3668
66.436,3.3701
66.436,3.3736
66.436,3.3770
66.436,3.3806
66.436,3.3842
66.437,3.3879
66.437,3.3915
66.439,3.3953
66.444,3.3991
66.488,3.4029
66.488,3.4067
66.489,3.4106
66.489,3.4145
66.489,3.4185
66.489,3.4223
66.489,3.4263
66.489,3.4302
66.489,3.4343
66.494,3.4382
66.536,3.4422
66.536,3.4462
66.536,3.4502
66.536,3.4541
66.537,3.4581
66.537,3.4620
66.537,3.4659
66.537,3.4698
66.539,3.4738
66.544,3.4776
66.592,3.4815
66.592,3.4853
66.592,3.4891
66.593,3.4928
66.593,3.4966
66.593,3.5002
66.593,3.5039
66.593,3.5075
66.593,3.5111
66.594,3.5146
66.599,3.5181
66.640,3.5215
66.640,3.5249
66.640,3.5282
66.640,3.5315
66.640,3.5347
66.640,3.5379
66.640,3.5410
66.640,3.5441
66.645,3.5471
66.649,3.5501
66.692,3.5529
66.693,3.5558
66.693,3.5585
66.693,3.5613
66.693,3.5638
66.693,3.5665
66.693,3.5689
66.693,3.5714
66.694,3.5738
66.699,3.5761
66.740,3.5783
66.741,3.5806
66.741,3.5827
66.741,3.5848
66.741,3.5867
66.741,3.5887
66.741,3.5905
66.741,3.5924
66.744,3.5941
66.749,3.5958
66.792,3.5974
66.793,3.5989
66.793,3.6004
66.793,3.6019
66.793,3.6032
66.793,3.6045
66.793,3.6057
66.793,3.6069
66.795,3.6080
66.799,3.6091
66.840,3.6101
66.840,3.6111
66.840,3.6119
66.840,3.6128
66.840,3.6136
66.840,3.6143
66.840,3.6150
66.840,3.6157
66.844,3.6162
66.849,3.6168
66.897,3.6173
66.897,3.6177
66.897,3.6181
66.897,3.6185
66.897,3.6188
66.897,3.6192
66.897,3.6194
66.897,3.6196
66.897,3.6198
66.900,3.6200
66.904,3.6201
66.948,3.6202
66.949,3.6203
66.949,3.6204
66.949,3.6205
66.949,3.6206
66.949,3.6206
66.949,3.6207
66.949,3.6208
66.949,3.6209
66.954,3.6210
66.997,3.6212
66.997,3.6212
66.997,3.6214
66.997,3.6216
66.997,3.6218
66.997,3.6220
66.997,3.6223
66.997,3.6225
66.999,3.6229
67.004,3.6232
67.053,3.6236
67.053,3.6240
67.053,3.6245
67.053,3.6250
67.053,3.6256
67.053,3.6261
67.053,3.6268
67.053,3.6274
67.053,3.6281
67.055,3.6289
67.059,3.6297
67.100,3.6305
67.100,3.6315
67.100,3.6324
67.100,3.6335
67.100,3.6345
67.100,3.6356
67.100,3.6367
67.100,3.6380
67.104,3.6392
67.109,3.6406
67.152,3.6419
67.152,3.6434
67.152,3.6448
67.152,3.6464
67.152,3.6479
67.152,3.6496
67.152,3.6512
67.153,3.6530
67.154,3.6547
67.159,3.6566
67.200,3.6585
67.201,3.6604
67.201,3.6624
67.201,3.6644
67.201,3.6664
67.201,3.6686
67.201,3.6707
67.201,3.6730
67.205,3.6752
67.209,3.6775
67.253,3.6798
67.253,3.6823
67.253,3.6847
67.253,3.6872
67.253,3.6897
67.253,3.6923
67.253,3.6948
67.253,3.6975
67.255,3.7001
67.259,3.7029
67.300,3.7055
67.300,3.7084
67.300,3.7111
67.300,3.7140
67.301,3.7168
67.301,3.7198
67.301,3.7227
67.301,3.7257
67.304,3.7286
67.309,3.7317
67.352,3.7347
67.352,3.7379
67.352,3.7409
67.352,3.7441
67.352,3.7472
67.352,3.7504
67.352,3.7535
67.352,3.7568
67.354,3.7599
67.360,3.7633
67.404,3.7664
67.404,3.7697
67.405,3.7729
67.405,3.7763
67.405,3.7795
67.405,3.7828
67.405,3.7861
67.405,3.7895
67.405,3.7927
67.409,3.7961
67.452,3.7994
67.453,3.8028
67.453,3.8060
67.453,3.8094
67.453,3.8127
67.453,3.8160
67.453,3.8193
67.453,3.8227
67.454,3.8260
67.459,3.8294
67.504,3.8326
67.505,3.8360
67.505,3.8392
67.505,3.8426
67.505,3.8458
67.505,3.8491
67.505,3.8523
67.505,3.8557
67.505,3.8588
67.509,3.8621
67.556,3.8653
67.556,3.8685
67.557,3.8718
67.557,3.8748
67.557,3.8779
67.557,3.8812
67.557,3.8842
67.557,3.8874
67.557,3.8904
67.560,3.8935
67.564,3.8965
67.608,3.8996
67.608,3.9025
67.608,3.9055
67.608,3.9083
67.608,3.9113
67.608,3.9141
67.608,3.9169
67.608,3.9197
67.609,3.9225
67.614,3.9251
67.656,3.9279
67.657,3.9304
67.657,3.9331
67.657,3.9356
67.657,3.9381
67.657,3.9406
67.657,3.9430
67.657,3.9454
67.659,3.9478
67.664,3.9501
67.708,3.9524
67.709,3.9546
67.709,3.9568
67.709,3.9589
67.709,3.9611
67.709,3.9631
67.709,3.9651
67.709,3.9670
67.709,3.9690
67.714,3.9708
67.756,3.9727
67.757,3.9744
67.757,3.9762
67.757,3.9779
67.757,3.9795
67.757,3.9811
67.757,3.9827
67.757,3.9841
67.760,3.9856
67.764,3.9870
67.808,3.9883
67.808,3.9896
67.809,3.9909
67.809,3.9920
67.809,3.9932
67.809,3.9943
67.809,3.9954
67.809,3.9963
67.809,3.9973
67.814,3.9982
67.856,3.9991
67.856,3.9999
67.856,4.0007
67.856,4.0014
67.856,4.0021
67.856,4.0027
67.856,4.0033
67.856,4.0038
67.859,4.0044
67.864,4.0048
67.908,4.0052
67.909,4.0055
67.909,4.0059
67.909,4.0061
67.909,4.0064
67.909,4.0066
67.909,4.0067
67.909,4.0068
67.909,4.0069
67.914,4.0069
67.956,4.0069
67.956,4.0068
67.956,4.0067
67.956,4.0066
67.956,4.0064
67.956,4.0062
67.956,4.0060
67.956,4.0056
67.959,4.0053
67.964,4.0049
68.008,4.0046
68.008,4.0041
68.008,4.0037
68.008,4.0031
68.008,4.0026
68.008,4.0020
68.008,4.0015
68.008,4.0008
68.009,4.0002
68.014,3.9994
68.057,3.9987
68.057,3.9980
68.057,3.9972
68.057,3.9964
68.057,3.9956
68.057,3.9947
68.057,3.9938
68.057,3.9929
68.059,3.9919
68.064,3.9909
68.108,3.9900
68.109,3.9890
68.109,3.9880
68.109,3.9869
68.109,3.9858
68.109,3.9847
68.109,3.9836
68.109,3.9825
68.109,3.9813
68.114,3.9801
68.156,3.9790
68.156,3.9777
68.156,3.9765
68.156,3.9753
68.156,3.9741
68.156,3.9728
68.156,3.9715
68.157,3.9702
68.159,3.9689
68.164,3.9675
68.208,3.9662
68.208,3.9648
68.208,3.9635
68.208,3.9621
68.208,3.9607
68.208,3.9593
68.208,3.9579
68.208,3.9565
68.209,3.9551
68.214,3.9536
68.256,3.9522
68.256,3.9508
68.256,3.9494
68.256,3.9479
68.256,3.9464
68.256,3.9449
68.256,3.9435
68.256,3.9420
68.259,3.9405
68.264,3.9390
68.309,3.9376
68.309,3.9360
68.309,3.9346
68.309,3.9330
68.309,3.9316
68.309,3.9300
68.309,3.9286
68.309,3.9270
68.309,3.9256
68.314,3.9240
68.361,3.9226
68.361,3.9210
68.361,3.9196
68.361,3.9181
68.361,3.9166
68.361,3.9151
68.361,3.9137
68.361,3.9123
68.361,3.9109
68.364,3.9095
68.369,3.9081
68.412,3.9067
68.412,3.9054
68.412,3.9040
68.412,3.9027
68.412,3.9014
68.412,3.9001
68.412,3.8988
68.412,3.8976
68.414,3.8964
68.419,3.8952
68.464,3.8940
68.464,3.8929
68.464,3.8917
68.464,3.8907
68.464,3.8896
68.464,3.8886
68.464,3.8875
68.465,3.8866
68.465,3.8856
68.469,3.8847
68.516,3.8838
68.517,3.8829
68.517,3.8820
68.517,3.8813
68.517,3.8805
68.517,3.8798
68.517,3.8790
68.517,3.8784
68.517,3.8777
68.519,3.8771
68.524,3.8765
68.568,3.8760
68.568,3.8754
68.568,3.8750
68.568,3.8745
68.568,3.8741
68.568,3.8737
68.568,3.8734
68.568,3.8730
68.569,3.8728
68.574,3.8725
68.621,3.8723
68.621,3.8721
68.621,3.8720
68.621,3.8718
68.621,3.8718
68.621,3.8717
68.621,3.8717
68.621,3.8717
68.621,3.8718
68.625,3.8719
68.629,3.8720
68.673,3.8721
68.673,3.8724
68.673,3.8726
68.673,3.8729
68.673,3.8731
68.673,3.8735
68.673,3.8738
68.673,3.8742
68.674,3.8746
68.679,3.8751
68.720,3.8756
68.720,3.8761
68.720,3.8766
68.720,3.8773
68.721,3.8778
68.721,3.8785
68.721,3.8792
68.721,3.8799
68.725,3.8806
68.730,3.8814
68.773,3.8822
68.773,3.8830
68.773,3.8839
68.773,3.8848
68.773,3.8857
68.773,3.8866
68.773,3.8876
68.773,3.8886
68.774,3.8896
68.780,3.8907
68.824,3.8917
68.825,3.8928
68.825,3.8939
68.825,3.8951
68.825,3.8962
68.825,3.8974
68.825,3.8986
68.825,3.8998
68.825,3.9011
68.829,3.9024
68.872,3.9036
68.873,3.9050
68.873,3.9062
68.873,3.9076
68.873,3.9089
68.873,3.9103
68.873,3.9117
68.873,3.9131
68.874,3.9145
68.879,3.9160
68.920,3.9174
68.920,3.9189
68.920,3.9203
68.920,3.9218
68.920,3.9233
68.920,3.9248
68.920,3.9263
68.920,3.9279
68.924,3.9294
68.929,3.9309
68.973,3.9324
68.973,3.9341
68.973,3.9355
68.973,3.9371
68.973,3.9386
68.973,3.9402
68.973,3.9418
68.973,3.9434
68.975,3.9449
68.979,3.9465
69.024,3.9480
69.024,3.9496
69.024,3.9511
69.024,3.9527
69.024,3.9542
69.024,3.9558
69.024,3.9572
69.024,3.9588
69.025,3.9602
69.029,3.9617
69.072,3.9632
69.073,3.9646
69.073,3.9660
69.073,3.9675
69.073,3.9688
69.073,3.9702
69.073,3.9715
69.073,3.9729
69.075,3.9741
69.079,3.9755
69.121,3.9767
69.121,3.9779
69.121,3.9791
69.121,3.9803
69.121,3.9814
69.121,3.9825
69.121,3.9836
69.121,3.9847
69.124,3.9857
69.129,3.9867
69.172,3.9876
69.173,3.9886
69.173,3.9895
69.173,3.9904
69.173,3.9912
69.173,3.9921
69.173,3.9928
69.173,3.9936
69.174,3.9943
69.179,3.9950
69.221,3.9957
69.221,3.9963
69.221,3.9969
69.221,3.9975
69.221,3.9980
69.221,3.9986
69.221,3.9990
69.221,3.9995
69.224,3.9999
69.229,4.0003
69.273,4.0006
69.273,4.0010
69.273,4.0013
69.273,4.0016
69.273,4.0018
69.273,4.0021
69.273,4.0022
69.273,4.0024
69.275,4.0025
69.279,4.0027
69.320,4.0027
69.320,4.0028
69.320,4.0028
69.320,4.0029
69.320,4.0028
69.320,4.0028
69.320,4.0027
69.320,4.0027
69.324,4.0025
69.329,4.0024
69.376,4.0022
69.377,4.0020
69.377,4.0018
69.377,4.0016
69.377,4.0013
69.377,4.0010
69.377,4.0007
69.377,4.0004
69.377,4.0000
69.379,3.9997
69.384,3.9992
69.429,3.9988
69.429,3.9984
69.429,3.9980
69.429,3.9974
69.429,3.9970
69.429,3.9964
69.429,3.9959
69.429,3.9954
69.429,3.9948
69.434,3.9942
69.477,3.9936
69.477,3.9930
69.477,3.9924
69.477,3.9917
69.477,3.9910
69.477,3.9903
69.477,3.9896
69.477,3.9889
69.479,3.9882
69.484,3.9874
69.528,3.9867
69.529,3.9859
69.529,3.9851
69.529,3.9843
69.529,3.9835
69.529,3.9826
69.529,3.9818
69.529,3.9809
69.529,3.9801
69.534,3.9792
69.576,3.9784
69.577,3.9774
69.577,3.9765
69.577,3.9756
69.577,3.9747
69.577,3.9737
69.577,3.9727
69.577,3.9717
69.579,3.9708
69.584,3.9697
69.632,3.9687
69.632,3.9677
69.632,3.9667
69.632,3.9656
69.632,3.9646
69.632,3.9634
69.632,3.9624
69.632,3.9612
69.632,3.9602
69.634,3.9590
69.639,3.9579
69.685,3.9567
69.685,3.9555
69.685,3.9543
69.685,3.9531
69.685,3.9519
69.685,3.9507
69.685,3.9494
69.685,3.9481
69.685,3.9468
69.689,3.9455
69.733,3.9442
69.733,3.9428
69.733,3.9413
69.733,3.9399
69.733,3.9383
69.733,3.9367
69.733,3.9350
69.733,3.9332
69.734,3.9313
69.739,3.9295
69.784,3.9274
69.784,3.9253
69.784,3.9232
69.784,3.9209
69.784,3.9185
69.785,3.9160
69.785,3.9134
69.785,3.9107
69.785,3.9079
69.789,3.9050
69.837,3.9020
69.837,3.8988
69.837,3.8955
69.837,3.8921
69.837,3.8886
69.837,3.8849
69.837,3.8811
69.837,3.8772
69.837,3.8731
69.840,3.8689
69.844,3.8645
69.893,3.8600
69.893,3.8553
69.893,3.8505
69.893,3.8456
69.893,3.8405
69.893,3.8352
69.893,3.8298
69.893,3.8242
69.893,3.8184
69.894,3.8125
69.899,3.8065
69.940,3.8002
69.940,3.7939
69.940,3.7873
69.940,3.7806
69.940,3.7737
69.940,3.7666
69.940,3.7594
69.940,3.7520
69.944,3.7444
69.949,3.7366
69.992,3.7287
69.992,3.7206
69.993,3.7123
69.993,3.7038
69.993,3.6952
69.993,3.6864
69.993,3.6774
69.993,3.6682
69.994,3.6589
69.999,3.6493
70.044,3.6397
70.044,3.6297
70.044,3.6197
70.044,3.6095
70.044,3.5990
70.044,3.5884
70.045,3.5776
70.045,3.5667
70.045,3.5556
70.049,3.5443
70.092,3.5328
70.092,3.5211
70.092,3.5093
70.092,3.4973
70.093,3.4851
70.093,3.4727
70.093,3.4602
70.093,3.4475
70.094,3.4346
70.099,3.4216
70.140,3.4083
70.141,3.3949
70.141,3.3814
70.141,3.3677
70.141,3.3538
70.141,3.3397
70.141,3.3255
70.141,3.3110
70.144,3.2965
70.149,3.2818
70.197,3.2669
70.197,3.2519
70.197,3.2365
70.197,3.2213
70.197,3.2059
70.197,3.1902
70.197,3.1744
70.197,3.1584
70.197,3.1423
70.200,3.1261
70.204,3.1096
70.253,3.0931
70.253,3.0763
70.253,3.0596
70.253,3.0427
70.253,3.0256
70.253,3.0084
70.253,2.9909
70.253,2.9735
70.253,2.9559
70.255,2.9382
70.259,2.9203
70.300,2.9023
70.300,2.8842
70.300,2.8660
70.300,2.8476
70.300,2.8293
70.300,2.8108
70.300,2.7922
70.300,2.7735
70.304,2.7546
70.309,2.7357
70.352,2.7166
70.353,2.6975
70.353,2.6783
70.353,2.6590
70.353,2.6396
70.353,2.6201
70.353,2.6006
70.353,2.5810
70.354,2.5613
70.359,2.5417
70.405,2.5218
70.405,2.5020
70.405,2.4821
70.405,2.4622
70.405,2.4422
70.405,2.4222
70.405,2.4023
70.405,2.3823
70.405,2.3623
70.409,2.3425
70.453,2.3226
70.453,2.3027
70.453,2.2829
70.453,2.2632
70.453,2.2434
70.453,2.2239
70.453,2.2044
70.453,2.1849
70.455,2.1654
70.459,2.1463
70.501,2.1272
70.501,2.1081
70.501,2.0890
70.501,2.0703
70.501,2.0517
70.501,2.0332
70.501,2.0149
70.501,1.9967
70.505,1.9785
70.509,1.9609
70.556,1.9433
70.556,1.9259
70.556,1.9087
70.556,1.8916
70.556,1.8749
70.556,1.8583
70.556,1.8421
70.556,1.8261
70.556,1.8103
70.559,1.7949
70.564,1.7797
70.609,1.7647
70.609,1.7501
70.609,1.7359
70.609,1.7219
70.609,1.7082
70.609,1.6948
70.609,1.6818
70.609,1.6689
70.609,1.6568
70.614,1.6448
70.656,1.6333
70.656,1.6220
70.657,1.6111
70.657,1.6008
70.657,1.5907
70.657,1.5811
70.657,1.5718
70.657,1.5629
70.660,1.5546
70.664,1.5466
70.713,1.5391
70.713,1.5319
70.713,1.5253
70.713,1.5190
70.713,1.5132
70.713,1.5079
70.713,1.5030
70.713,1.4985
70.713,1.4945
70.714,1.4910
70.719,1.4879
70.761,1.4852
70.761,1.4830
70.761,1.4813
70.761,1.4800
70.761,1.4791
70.761,1.4787
70.761,1.4787
70.761,1.4792
70.765,1.4801
70.769,1.4814
70.812,1.4831
70.813,1.4853
70.813,1.4879
70.813,1.4909
70.813,1.4942
70.813,1.4980
70.813,1.5022
70.813,1.5068
70.814,1.5116
70.819,1.5169
70.861,1.5225
70.861,1.5286
70.861,1.5349
70.861,1.5416
70.861,1.5485
70.861,1.5559
70.861,1.5635
70.861,1.5715
70.865,1.5797
70.869,1.5882
70.912,1.5970
70.912,1.6061
70.912,1.6154
70.912,1.6251
70.912,1.6349
70.912,1.6450
70.912,1.6553
70.912,1.6659
70.915,1.6767
70.919,1.6875
70.964,1.6987
70.965,1.7101
70.965,1.7216
70.965,1.7335
70.965,1.7453
70.965,1.7575
70.965,1.7698
70.965,1.7823
70.965,1.7947
70.969,1.8076
71.012,1.8203
71.012,1.8333
71.012,1.8464
71.012,1.8596
71.012,1.8730
71.012,1.8864
71.012,1.9000
71.012,1.9137
71.014,1.9275
71.019,1.9414
71.060,1.9553
71.061,1.9693
71.061,1.9834
71.061,1.9976
71.061,2.0118
71.061,2.0263
71.061,2.0406
71.061,2.0550
71.065,2.0695
71.070,2.0840
71.112,2.0985
71.112,2.1130
71.112,2.1275
71.112,2.1420
71.112,2.1565
71.112,2.1711
71.112,2.1854
71.112,2.1998
71.114,2.2141
71.119,2.2285
71.165,2.2428
71.165,2.2571
71.165,2.2712
71.165,2.2853
71.165,2.2992
71.165,2.3132
71.165,2.3271
71.165,2.3409
71.165,2.3545
71.169,2.3680
71.212,2.3815
71.212,2.3949
71.212,2.4080
71.212,2.4212
71.212,2.4342
71.212,2.4472
71.212,2.4599
71.212,2.4725
71.214,2.4850
71.219,2.4974
71.260,2.5096
71.261,2.5217
71.261,2.5336
71.261,2.5453
71.261,2.5569
71.261,2.5684
71.261,2.5796
71.261,2.5908
71.264,2.6018
71.269,2.6126
71.312,2.6232
71.312,2.6336
71.312,2.6439
71.312,2.6540
71.312,2.6638
71.313,2.6736
71.313,2.6830
71.313,2.6924
71.314,2.7015
71.319,2.7105
71.360,2.7193
71.360,2.7279
71.360,2.7362
71.360,2.7443
71.360,2.7522
71.360,2.7600
71.360,2.7675
71.360,2.7748
71.365,2.7819
71.369,2.7889
71.413,2.7955
71.413,2.8020
71.413,2.8083
71.413,2.8144
71.413,2.8203
71.413,2.8258
71.413,2.8312
71.413,2.8364
71.414,2.8414
71.419,2.8462
71.460,2.8507
71.460,2.8550
71.460,2.8591
71.460,2.8630
71.460,2.8666
71.460,2.8701
71.460,2.8732
71.460,2.8762
71.465,2.8790
71.469,2.8816
71.517,2.8838
71.517,2.8859
71.517,2.8878
71.517,2.8894
71.517,2.8909
71.517,2.8920
71.517,2.8930
71.517,2.8938
71.517,2.8943
71.520,2.8946
71.524,2.8946
71.568,2.8945
71.569,2.8941
71.569,2.8935
71.569,2.8927
71.569,2.8917
71.569,2.8905
71.569,2.8890
71.569,2.8873
71.570,2.8854
71.574,2.8833
71.617,2.8809
71.617,2.8784
71.617,2.8756
71.617,2.8727
71.617,2.8695
71.617,2.8661
71.617,2.8625
71.617,2.8587
71.620,2.8546
71.624,2.8504
71.668,2.8459
71.669,2.8414
71.669,2.8365
71.669,2.8315
71.669,2.8262
71.669,2.8208
71.669,2.8152
71.669,2.8094
71.669,2.8034
71.674,2.7972
71.720,2.7908
71.721,2.7843
71.721,2.7775
71.721,2.7706
71.721,2.7635
71.721,2.7562
71.721,2.7488
71.721,2.7411
71.721,2.7333
71.724,2.7254
71.729,2.7172
71.773,2.7089
71.773,2.7004
71.773,2.6919
71.773,2.6831
71.773,2.6742
71.773,2.6651
71.773,2.6558
71.773,2.6465
71.775,2.6369
71.779,2.6273
71.820,2.6174
71.821,2.6075
71.821,2.5974
71.821,2.5872
71.821,2.5769
71.821,2.5665
71.821,2.5559
71.821,2.5451
71.824,2.5343
71.829,2.5234
71.872,2.5123
71.873,2.5010
71.873,2.4899
71.873,2.4785
71.873,2.4670
71.873,2.4554
71.873,2.4437
71.873,2.4320
71.874,2.4203
71.879,2.4083
71.920,2.3963
71.920,2.3841
71.920,2.3721
71.920,2.3597
71.920,2.3476
71.920,2.3352
71.920,2.3229
71.920,2.3102
71.924,2.2978
71.929,2.2853
71.977,2.2728
71.977,2.2601
71.977,2.2475
71.977,2.2348
71.977,2.2221
71.977,2.2093
71.977,2.1966
71.977,2.1837
71.977,2.1710
71.979,2.1581
71.984,2.1454
72.033,2.1326
72.033,2.1199
72.033,2.1072
72.033,2.0945
72.033,2.0818
72.033,2.0692
72.033,2.0565
72.033,2.0439
72.033,2.0314
72.034,2.0190
72.039,2.0066
72.081,1.9943
72.081,1.9820
72.081,1.9699
72.081,1.9577
72.081,1.9457
72.081,1.9338
72.081,1.9221
72.081,1.9104
72.085,1.8988
72.089,1.8874
72.136,1.8761
72.136,1.8649
72.136,1.8540
72.136,1.8431
72.136,1.8324
72.136,1.8219
72.136,1.8115
72.136,1.8014
72.136,1.7914
72.140,1.7817
72.144,1.7721
72.188,1.7627
72.188,1.7536
72.188,1.7447
72.189,1.7360
72.189,1.7276
72.189,1.7195
72.189,1.7115
72.189,1.7039
72.189,1.6965
72.194,1.6894
72.236,1.6825
72.237,1.6760
72.237,1.6698
72.237,1.6639
72.237,1.6582
72.237,1.6529
72.237,1.6480
72.237,1.6433
72.240,1.6390
72.244,1.6350
72.289,1.6314
72.289,1.6281
72.289,1.6252
72.289,1.6226
72.289,1.6204
72.289,1.6186
72.289,1.6171
72.289,1.6160
72.289,1.6153
72.294,1.6149
72.336,1.6149
72.336,1.6153
72.336,1.6161
72.336,1.6172
72.336,1.6188
72.336,1.6207
72.336,1.6230
72.336,1.6256
72.339,1.6287
72.344,1.6321
72.388,1.6359
72.388,1.6401
72.388,1.6446
72.388,1.6495
72.389,1.6547
72.389,1.6604
72.389,1.6663
72.389,1.6727
72.389,1.6793
72.394,1.6863
72.437,1.6937
72.437,1.7013
72.437,1.7093
72.437,1.7176
72.437,1.7262
72.437,1.7352
72.437,1.7444
72.437,1.7539
72.440,1.7639
72.444,1.7740
72.492,1.7844
72.492,1.7951
72.493,1.8060
72.493,1.8172
72.493,1.8286
72.493,1.8404
72.493,1.8523
72.493,1.8644
72.493,1.8767
72.494,1.8893
72.499,1.9021
72.540,1.9150
72.540,1.9282
72.540,1.9416
72.540,1.9551
72.540,1.9687
72.540,1.9825
72.540,1.9964
72.540,2.0105
72.544,2.0247
72.549,2.0391
72.596,2.0535
72.597,2.0681
72.597,2.0828
72.597,2.0976
72.597,2.1124
72.597,2.1273
72.597,2.1423
72.597,2.1573
72.597,2.1724
72.599,2.1878
72.604,2.2030
72.648,2.2183
72.648,2.2336
72.648,2.2489
72.648,2.2642
72.648,2.2797
72.648,2.2952
72.648,2.3106
72.649,2.3260
72.649,2.3416
72.654,2.3569
72.696,2.3725
72.697,2.3879
72.697,2.4033
72.697,2.4187
72.697,2.4341
72.697,2.4494
72.697,2.4650
72.697,2.4800
72.699,2.4953
72.704,2.5104
72.748,2.5256
72.749,2.5408
72.749,2.5559
72.749,2.5708
72.749,2.5859
72.749,2.6008
72.749,2.6156
72.749,2.6304
72.749,2.6451
72.754,2.6597
72.796,2.6743
72.797,2.6887
72.797,2.7033
72.797,2.7176
72.797,2.7319
72.797,2.7461
72.797,2.7601
72.797,2.7741
72.800,2.7882
72.804,2.8019
72.853,2.8158
72.853,2.8294
72.853,2.8430
72.853,2.8564
72.853,2.8698
72.853,2.8831
72.853,2.8963
72.853,2.9093
72.853,2.9224
72.854,2.9352
72.859,2.9481
72.901,2.9607
72.901,2.9733
72.901,2.9858
72.901,2.9982
72.901,3.0104
72.901,3.0226
72.901,3.0346
72.901,3.0467
72.905,3.0585
72.910,3.0704
72.956,3.0819
72.957,3.0936
72.957,3.1048
72.957,3.1163
72.957,3.1274
72.957,3.1385
72.957,3.1494
72.957,3.1605
72.957,3.1712
72.959,3.1818
72.964,3.1923
73.012,3.2029
73.012,3.2132
73.012,3.2235
73.012,3.2336
73.012,3.2438
73.012,3.2537
73.012,3.2635
73.012,3.2732
73.012,3.2829
73.014,3.2924
73.019,3.3019
73.064,3.3112
73.065,3.3205
73.065,3.3296
73.065,3.3388
73.065,3.3476
73.065,3.3565
73.065,3.3651
73.065,3.3739
73.065,3.3824
73.069,3.3910
73.117,3.3993
73.117,3.4076
73.117,3.4157
73.117,3.4239
73.117,3.4318
73.117,3.4398
73.117,3.4475
73.117,3.4553
73.117,3.4628
73.119,3.4704
73.124,3.4777
73.169,3.4851
73.169,3.4923
73.169,3.4995
73.169,3.5064
73.169,3.5134
73.169,3.5202
73.169,3.5270
73.169,3.5336
73.170,3.5403
73.174,3.5467
73.216,3.5531
73.217,3.5594
73.217,3.5657
73.217,3.5717
73.217,3.5778
73.217,3.5837
73.217,3.5896
73.217,3.5953
73.219,3.6011
73.224,3.6066
73.269,3.6122
73.269,3.6176
73.269,3.6231
73.269,3.6283
73.269,3.6335
73.269,3.6386
73.269,3.6437
73.269,3.6486
73.269,3.6535
73.274,3.6583
73.316,3.6631
73.317,3.6677
73.317,3.6723
73.317,3.6769
73.317,3.6814
73.317,3.6857
73.317,3.6900
73.317,3.6942
73.319,3.6984
73.324,3.7025
73.368,3.7066
73.369,3.7105
73.369,3.7144
73.369,3.7183
73.369,3.7221
73.369,3.7258
73.369,3.7295
73.369,3.7330
73.369,3.7366
73.374,3.7401
73.421,3.7436
73.421,3.7469
73.421,3.7503
73.421,3.7535
73.421,3.7568
73.421,3.7600
73.421,3.7631
73.421,3.7662
73.421,3.7692
73.425,3.7722
73.429,3.7751
73.472,3.7780
73.472,3.7809
73.472,3.7837
73.472,3.7865
73.472,3.7892
73.472,3.7919
73.472,3.7945
73.472,3.7971
73.474,3.7997
73.479,3.8023
73.520,3.8047
73.520,3.8072
73.520,3.8096
73.520,3.8120
73.520,3.8144
73.520,3.8168
73.520,3.8190
73.520,3.8214
73.524,3.8236
73.529,3.8258
73.573,3.8280
73.573,3.8302
73.573,3.8323
73.573,3.8345
73.573,3.8366
73.573,3.8387
73.573,3.8407
73.573,3.8428
73.574,3.8448
73.579,3.8468
73.620,3.8488
73.620,3.8508
73.620,3.8527
73.620,3.8547
73.620,3.8566
73.620,3.8585
73.620,3.8603
73.620,3.8622
73.624,3.8641
73.629,3.8659
73.672,3.8678
73.672,3.8696
73.672,3.8714
73.672,3.8732
73.672,3.8750
73.672,3.8768
73.672,3.8785
73.672,3.8803
73.674,3.8820
73.679,3.8838
73.720,3.8855
73.721,3.8872
73.721,3.8889
73.721,3.8907
73.721,3.8923
73.721,3.8941
73.721,3.8957
73.721,3.8974
73.725,3.8991
73.730,3.9008
73.773,3.9025
73.773,3.9041
73.773,3.9058
73.773,3.9075
73.773,3.9091
73.773,3.9108
73.773,3.9124
73.773,3.9141
73.774,3.9157
73.779,3.9174
73.824,3.9190
73.824,3.9206
73.824,3.9222
73.824,3.9238
73.824,3.9253
73.824,3.9268
73.824,3.9282
73.824,3.9295
73.824,3.9308
73.829,3.9321
73.872,3.9333
73.873,3.9345
73.873,3.9355
73.873,3.9366
73.873,3.9375
73.873,3.9384
73.873,3.9392
73.873,3.9400
73.874,3.9406
73.879,3.9412
73.920,3.9417
73.920,3.9422
73.920,3.9425
73.920,3.9428
73.920,3.9429
73.920,3.9430
73.920,3.9429
73.920,3.9428
73.924,3.9426
73.929,3.9422
73.972,3.9418
73.972,3.9413
73.972,3.9406
73.972,3.9399
73.972,3.9390
73.972,3.9380
73.972,3.9369
73.972,3.9357
73.974,3.9344
73.979,3.9329
74.020,3.9314
74.020,3.9297
74.020,3.9279
74.020,3.9260
74.020,3.9239
74.020,3.9217
74.020,3.9194
74.020,3.9170
74.024,3.9144
74.029,3.9117
74.072,3.9089
74.073,3.9059
74.073,3.9028
74.073,3.8996
74.073,3.8963
74.073,3.8928
74.073,3.8891
74.073,3.8854
74.074,3.8815
74.079,3.8774
74.124,3.8733
74.124,3.8689
74.124,3.8645
74.124,3.8599
74.124,3.8552
74.124,3.8502
74.124,3.8452
74.124,3.8401
74.124,3.8348
74.129,3.8293
74.177,3.8238
74.177,3.8181
74.177,3.8122
74.177,3.8062
74.177,3.8001
74.177,3.7938
74.177,3.7874
74.177,3.7808
74.177,3.7740
74.179,3.7672
74.184,3.7603
74.228,3.7531
74.228,3.7459
74.228,3.7385
74.228,3.7309
74.228,3.7232
74.228,3.7154
74.228,3.7075
74.228,3.6994
74.229,3.6911
74.234,3.6828
74.280,3.6743
74.280,3.6657
74.280,3.6569
74.280,3.6480
74.280,3.6390
74.280,3.6299
74.280,3.6206
74.280,3.6112
74.280,3.6016
74.284,3.5920
74.289,3.5822
74.332,3.5723
74.332,3.5623
74.332,3.5521
74.332,3.5418
74.332,3.5314
74.332,3.5209
74.332,3.5103
74.332,3.4996
74.334,3.4887
74.339,3.4777
74.384,3.4667
74.384,3.4554
74.384,3.4441
74.384,3.4327
74.384,3.4212
74.385,3.4096
74.385,3.3979
74.385,3.3861
74.385,3.3741
74.389,3.3622
74.433,3.3500
74.433,3.3377
74.433,3.3254
74.433,3.3131
74.433,3.3007
74.433,3.2881
74.433,3.2755
74.433,3.2629
74.435,3.2502
74.439,3.2374
74.485,3.2247
74.485,3.2118
74.485,3.1989
74.485,3.1859
74.485,3.1730
74.485,3.1600
74.485,3.1469
74.485,3.1338
74.485,3.1209
74.490,3.1078
74.537,3.0946
74.537,3.0815
74.537,3.0683
74.537,3.0553
74.537,3.0421
74.537,3.0290
74.537,3.0159
74.537,3.0028
74.537,2.9899
74.540,2.9767
74.545,2.9638
74.592,2.9507
74.593,2.9378
74.593,2.9249
74.593,2.9120
74.593,2.8991
74.593,2.8863
74.593,2.8737
74.593,2.8611
74.593,2.8485
74.594,2.8359
74.599,2.8234
74.640,2.8110
74.641,2.7986
74.641,2.7863
74.641,2.7742
74.641,2.7621
74.641,2.7502
74.641,2.7383
74.641,2.7264
74.644,2.7148
74.649,2.7032
74.692,2.6917
74.693,2.6803
74.693,2.6691
74.693,2.6580
74.693,2.6470
74.693,2.6361
74.693,2.6254
74.693,2.6147
74.694,2.6043
74.699,2.5939
74.744,2.5837
74.744,2.5737
74.745,2.5638
74.745,2.5541
74.745,2.5445
74.745,2.5351
74.745,2.5258
74.745,2.5168
74.745,2.5078
74.749,2.4990
74.792,2.4905
74.792,2.4822
74.792,2.4740
74.792,2.4659
74.792,2.4581
74.792,2.4505
74.792,2.4430
74.792,2.4357
74.794,2.4287
74.799,2.4218
74.841,2.4151
74.841,2.4087
74.841,2.4024
74.841,2.3964
74.841,2.3906
74.841,2.3850
74.841,2.3796
74.841,2.3744
74.845,2.3694
74.849,2.3647
74.897,2.3601
74.897,2.3558
74.897,2.3517
74.897,2.3479
74.897,2.3442
74.897,2.3408
74.897,2.3376
74.897,2.3346
74.897,2.3318
74.900,2.3293
74.904,2.3270
74.948,2.3250
74.949,2.3231
74.949,2.3215
74.949,2.3201
74.949,2.3190
74.949,2.3180
74.949,2.3173
74.949,2.3168
74.949,2.3166
74.954,2.3165
75.000,2.3167
75.001,2.3171
75.001,2.3178
75.001,2.3186
75.001,2.3197
75.001,2.3210
75.001,2.3225
75.001,2.3242
75.001,2.3261
75.004,2.3283
75.009,2.3306
75.052,2.3332
75.052,2.3360
75.053,2.3389
75.053,2.3421
75.053,2.3454
75.053,2.3490
75.053,2.3528
75.053,2.3568
75.054,2.3609
75.060,2.3653
75.101,2.3698
75.101,2.3745
75.101,2.3793
75.101,2.3844
75.101,2.3896
75.101,2.3950
75.101,2.4006
75.101,2.4063
75.104,2.4121
75.109,2.4182
75.153,2.4243
75.153,2.4307
75.153,2.4371
75.153,2.4437
75.153,2.4504
75.153,2.4573
75.153,2.4642
75.153,2.4714
75.155,2.4786
75.159,2.4860
75.200,2.4934
75.201,2.5009
75.201,2.5086
75.201,2.5165
75.201,2.5242
75.201,2.5322
75.201,2.5402
75.201,2.5484
75.204,2.5566
75.209,2.5650
75.253,2.5733
75.253,2.5820
75.253,2.5904
75.253,2.5991
75.253,2.6078
75.253,2.6165
75.253,2.6253
75.253,2.6342
75.254,2.6431
75.259,2.6522
75.305,2.6612
75.305,2.6704
75.305,2.6795
75.305,2.6887
75.305,2.6979
75.305,2.7072
75.305,2.7165
75.305,2.7259
75.305,2.7353
75.309,2.7447
75.353,2.7541
75.353,2.7637
75.353,2.7731
75.353,2.7827
75.353,2.7921
75.353,2.8018
75.353,2.8113
75.353,2.8209
75.354,2.8304
75.360,2.8401
75.400,2.8497
75.400,2.8593
75.400,2.8689
75.400,2.8787
75.400,2.8882
75.400,2.8978
75.400,2.9074
75.400,2.9171
75.404,2.9266
75.409,2.9363
75.453,2.9459
75.453,2.9555
75.453,2.9650
75.453,2.9747
75.453,2.9842
75.453,2.9938
75.453,3.0034
75.453,3.0129
75.454,3.0223
75.459,3.0319
75.500,3.0413
75.500,3.0508
75.501,3.0602
75.501,3.0697
75.501,3.0790
75.501,3.0884
75.501,3.0977
75.501,3.1071
75.505,3.1164
75.509,3.1257
75.552,3.1349
75.553,3.1441
75.553,3.1534
75.553,3.1625
75.553,3.1716
75.553,3.1807
75.553,3.1897
75.553,3.1988
75.555,3.2077
75.559,3.2167
75.600,3.2256
75.601,3.2345
75.601,3.2433
75.601,3.2522
75.601,3.2609
75.601,3.2696
75.601,3.2783
75.601,3.2870
75.604,3.2956
75.609,3.3041
75.657,3.3127
75.657,3.3213
75.657,3.3297
75.657,3.3381
75.657,3.3464
75.657,3.3548
75.657,3.3631
75.657,3.3713
75.657,3.3795
75.659,3.3877
75.664,3.3958
75.708,3.4038
75.708,3.4119
75.708,3.4199
75.708,3.4278
75.708,3.4357
75.708,3.4435
75.708,3.4513
75.709,3.4592
75.709,3.4669
75.714,3.4745
75.756,3.4821
75.757,3.4897
75.757,3.4973
75.757,3.5047
75.757,3.5121
75.757,3.5195
75.757,3.5268
75.757,3.5341
75.759,3.5413
75.764,3.5484
75.812,3.5555
75.813,3.5625
75.813,3.5695
75.813,3.5763
75.813,3.5832
75.813,3.5900
75.813,3.5968
75.813,3.6034
75.813,3.6100
75.815,3.6165
75.819,3.6230
75.864,3.6294
75.865,3.6358
75.865,3.6420
75.865,3.6482
75.865,3.6543
75.865,3.6605
75.865,3.6664
75.865,3.6724
75.865,3.6783
75.869,3.6842
75.912,3.6899
75.912,3.6956
75.912,3.7012
75.912,3.7069
75.912,3.7123
75.912,3.7178
75.912,3.7231
75.912,3.7285
75.914,3.7337
75.919,3.7389
75.960,3.7440
75.961,3.7491
75.961,3.7541
75.961,3.7590
75.961,3.7638
75.961,3.7686
75.961,3.7733
75.961,3.7780
75.964,3.7826
75.969,3.7872
76.012,3.7916
76.013,3.7961
76.013,3.8004
76.013,3.8047
76.013,3.8089
76.013,3.8131
76.013,3.8172
76.013,3.8213
76.014,3.8252
76.019,3.8292
76.061,3.8330
76.061,3.8369
76.061,3.8406
76.061,3.8443
76.061,3.8479
76.061,3.8515
76.061,3.8550
76.061,3.8585
76.065,3.8619
76.069,3.8653
76.112,3.8685
76.113,3.8718
76.113,3.8750
76.113,3.8781
76.113,3.8812
76.113,3.8843
76.113,3.8872
76.113,3.8902
76.115,3.8930
76.119,3.8959
76.161,3.8986
76.161,3.9014
76.161,3.9040
76.161,3.9067
76.161,3.9092
76.161,3.9118
76.161,3.9142
76.161,3.9167
76.164,3.9190
76.170,3.9214
76.217,3.9237
76.217,3.9260
76.217,3.9281
76.217,3.9303
76.217,3.9324
76.217,3.9345
76.217,3.9365
76.217,3.9386
76.217,3.9405
76.220,3.9425
76.224,3.9443
76.273,3.9462
76.273,3.9479
76.273,3.9498
76.273,3.9514
76.273,3.9532
76.273,3.9548
76.273,3.9565
76.273,3.9580
76.273,3.9596
76.275,3.9611
76.279,3.9626
76.320,3.9640
76.320,3.9655
76.320,3.9669
76.320,3.9683
76.320,3.9695
76.320,3.9709
76.320,3.9721
76.320,3.9734
76.325,3.9746
76.329,3.9758
76.372,3.9769
76.373,3.9781
76.373,3.9791
76.373,3.9802
76.373,3.9812
76.373,3.9823
76.373,3.9833
76.373,3.9843
76.375,3.9852
76.379,3.9861
76.420,3.9870
76.421,3.9879
76.421,3.9887
76.421,3.9896
76.421,3.9903
76.421,3.9912
76.421,3.9919
76.421,3.9926
76.425,3.9933
76.429,3.9939
76.472,3.9945
76.473,3.9951
76.473,3.9956
76.473,3.9961
76.473,3.9965
76.473,3.9970
76.473,3.9973
76.473,3.9977
76.474,3.9979
76.479,3.9982
76.520,3.9984
76.521,3.9986
76.521,3.9986
76.521,3.9988
76.521,3.9987
76.521,3.9987
76.521,3.9986
76.521,3.9986
76.524,3.9983
76.529,3.9982
76.572,3.9979
76.573,3.9976
76.573,3.9972
76.573,3.9968
76.573,3.9963
76.573,3.9958
76.573,3.9952
76.573,3.9946
76.574,3.9939
76.579,3.9932
76.624,3.9924
76.624,3.9916
76.624,3.9906
76.624,3.9897
76.624,3.9887
76.624,3.9876
76.624,3.9865
76.624,3.9853
76.625,3.9841
76.629,3.9828
76.672,3.9815
76.672,3.9801
76.672,3.9786
76.672,3.9771
76.672,3.9755
76.672,3.9739
76.672,3.9722
76.672,3.9705
76.674,3.9687
76.679,3.9669
76.721,3.9649
76.721,3.9630
76.721,3.9610
76.721,3.9589
76.721,3.9568
76.721,3.9546
76.721,3.9524
76.721,3.9501
76.724,3.9478
76.729,3.9454
76.772,3.9430
76.772,3.9405
76.773,3.9379
76.773,3.9354
76.773,3.9327
76.773,3.9300
76.773,3.9273
76.773,3.9245
76.774,3.9217
76.779,3.9188
76.821,3.9159
76.821,3.9129
76.821,3.9099
76.821,3.9068
76.821,3.9037
76.821,3.9006
76.821,3.8974
76.821,3.8942
76.825,3.8909
76.829,3.8876
76.872,3.8843
76.873,3.8809
76.873,3.8775
76.873,3.8741
76.873,3.8706
76.873,3.8671
76.873,3.8635
76.873,3.8600
76.874,3.8563
76.879,3.8527
76.924,3.8490
76.925,3.8454
76.925,3.8417
76.925,3.8379
76.925,3.8342
76.925,3.8304
76.925,3.8266
76.925,3.8228
76.925,3.8190
76.929,3.8151
76.976,3.8113
76.977,3.8074
76.977,3.8035
76.977,3.7997
76.977,3.7957
76.977,3.7919
76.977,3.7879
76.977,3.7841
76.977,3.7801
76.980,3.7762
76.984,3.7723
77.032,3.7684
77.032,3.7645
77.032,3.7606
77.032,3.7567
77.032,3.7528
77.032,3.7489
77.032,3.7451
77.032,3.7412
77.032,3.7374
77.034,3.7336
77.039,3.7298
77.081,3.7260
77.081,3.7223
77.081,3.7185
77.081,3.7148
77.081,3.7111
77.081,3.7075
77.081,3.7038
77.081,3.7003
77.085,3.6967
77.089,3.6931
77.132,3.6896
77.133,3.6862
77.133,3.6827
77.133,3.6793
77.133,3.6758
77.133,3.6725
77.133,3.6691
77.133,3.6659
77.135,3.6626
77.140,3.6593
77.180,3.6561
77.181,3.6530
77.181,3.6499
77.181,3.6468
77.181,3.6437
77.181,3.6406
77.181,3.6376
77.181,3.6346
77.184,3.6316
77.189,3.6288
77.232,3.6258
77.232,3.6230
77.232,3.6201
77.233,3.6174
77.233,3.6145
77.233,3.6118
77.233,3.6091
77.233,3.6064
77.235,3.6037
77.239,3.6010
77.284,3.5983
77.285,3.5958
77.285,3.5931
77.285,3.5906
77.285,3.5880
77.285,3.5855
77.285,3.5829
77.285,3.5804
77.285,3.5779
77.289,3.5755
77.332,3.5730
77.332,3.5705
77.332,3.5681
77.332,3.5657
77.332,3.5632
77.332,3.5608
77.332,3.5584
77.332,3.5560
77.334,3.5536
77.339,3.5513
77.381,3.5488
77.381,3.5465
77.381,3.5441
77.381,3.5418
77.381,3.5394
77.381,3.5371
77.381,3.5347
77.381,3.5324
77.385,3.5300
77.389,3.5277
77.432,3.5253
77.433,3.5230
77.433,3.5206
77.433,3.5183
77.433,3.5159
77.433,3.5136
77.433,3.5112
77.433,3.5089
77.434,3.5065
77.439,3.5042
77.480,3.5018
77.480,3.4994
77.480,3.4970
77.480,3.4946
77.480,3.4922
77.480,3.4898
77.480,3.4873
77.481,3.4850
77.484,3.4825
77.489,3.4801
77.536,3.4776
77.537,3.4752
77.537,3.4726
77.537,3.4702
77.537,3.4677
77.537,3.4652
77.537,3.4626
77.537,3.4601
77.537,3.4575
77.539,3.4550
77.545,3.4524
77.588,3.4498
77.588,3.4471
77.588,3.4445
77.588,3.4419
77.588,3.4392
77.588,3.4365
77.588,3.4338
77.588,3.4311
77.589,3.4284
77.594,3.4256
77.636,3.4228
77.637,3.4201
77.637,3.4173
77.637,3.4144
77.637,3.4116
77.637,3.4087
77.637,3.4058
77.637,3.4029
77.640,3.4000
77.644,3.3970
77.689,3.3941
77.689,3.3911
77.689,3.3881
77.689,3.3851
77.689,3.3820
77.689,3.3789
77.689,3.3759
77.689,3.3727
77.689,3.3696
77.694,3.3665
77.740,3.3633
77.740,3.3601
77.740,3.3569
77.741,3.3537
77.741,3.3504
77.741,3.3471
77.741,3.3438
77.741,3.3405
77.741,3.3372
77.744,3.3338
77.749,3.3304
77.796,3.3270
77.796,3.3236
77.796,3.3201
77.796,3.3166
77.796,3.3131
77.796,3.3096
77.796,3.3060
77.796,3.3025
77.797,3.2989
77.799,3.2953
77.804,3.2916
77.852,3.2879
77.853,3.2842
77.853,3.2806
77.853,3.2769
77.853,3.2732
77.853,3.2695
77.853,3.2658
77.853,3.2620
77.853,3.2583
77.854,3.2546
77.859,3.2509
77.900,3.2471
77.900,3.2434
77.900,3.2397
77.900,3.2360
77.900,3.2322
77.900,3.2286
77.900,3.2249
77.900,3.2212
77.905,3.2175
77.909,3.2139
77.952,3.2102
77.953,3.2066
77.953,3.2030
77.953,3.1995
77.953,3.1959
77.953,3.1923
77.953,3.1887
77.953,3.1853
77.954,3.1818
77.959,3.1783
78.000,3.1749
78.000,3.1715
78.000,3.1681
78.000,3.1648
78.000,3.1615
78.000,3.1582
78.000,3.1549
78.000,3.1517
78.004,3.1485
78.009,3.1454
78.057,3.1423
78.057,3.1392
78.057,3.1362
78.057,3.1332
78.057,3.1303
78.057,3.1274
78.057,3.1245
78.057,3.1218
78.057,3.1190
78.059,3.1163
78.064,3.1137
78.108,3.1111
78.109,3.1085
78.109,3.1061
78.109,3.1037
78.109,3.1013
78.109,3.0990
78.109,3.0968
78.109,3.0946
78.109,3.0926
78.114,3.0905
78.157,3.0886
78.157,3.0866
78.157,3.0849
78.157,3.0831
78.157,3.0814
78.157,3.0798
78.157,3.0783
78.157,3.0769
78.159,3.0755
78.164,3.0742
78.208,3.0731
78.208,3.0719
78.208,3.0709
78.208,3.0699
78.208,3.0691
78.208,3.0683
78.208,3.0677
78.208,3.0671
78.209,3.0667
78.214,3.0662
78.260,3.0660
78.261,3.0658
78.261,3.0657
78.261,3.0657
78.261,3.0658
78.261,3.0660
78.261,3.0663
78.261,3.0667
78.261,3.0673
78.265,3.0679
78.269,3.0686
78.312,3.0695
78.313,3.0705
78.313,3.0715
78.313,3.0727
78.313,3.0739
78.313,3.0754
78.313,3.0769
78.313,3.0785
78.314,3.0802
78.319,3.0821
78.361,3.0840
78.361,3.0862
78.361,3.0883
78.361,3.0907
78.361,3.0931
78.361,3.0957
78.361,3.0983
78.361,3.1011
78.364,3.1040
78.369,3.1070
78.412,3.1101
78.412,3.1134
78.412,3.1167
78.412,3.1202
78.412,3.1238
78.412,3.1275
78.412,3.1313
78.412,3.1353
78.414,3.1393
78.419,3.1435
78.461,3.1477
78.461,3.1522
78.461,3.1566
78.461,3.1613
78.461,3.1660
78.461,3.1709
78.461,3.1758
78.461,3.1809
78.464,3.1860
78.469,3.1913
78.512,3.1966
78.513,3.2021
78.513,3.2076
78.513,3.2134
78.513,3.2191
78.513,3.2250
78.513,3.2309
78.513,3.2369
78.514,3.2429
78.520,3.2492
78.561,3.2553
78.561,3.2615
78.561,3.2678
78.561,3.2743
78.561,3.2806
78.561,3.2871
78.561,3.2935
78.561,3.3002
78.564,3.3067
78.569,3.3134
78.612,3.3199
78.613,3.3267
78.613,3.3333
78.613,3.3401
78.613,3.3468
78.613,3.3536
78.613,3.3603
78.613,3.3672
78.614,3.3739
78.620,3.3807
78.664,3.3875
78.665,3.3944
78.665,3.4011
78.665,3.4080
78.665,3.4147
78.665,3.4216
78.665,3.4283
78.665,3.4351
78.665,3.4418
78.669,3.4486
78.713,3.4553
78.713,3.4620
78.713,3.4687
78.713,3.4754
78.713,3.4820
78.713,3.4886
78.713,3.4951
78.713,3.5017
78.714,3.5082
78.719,3.5148
78.761,3.5212
78.761,3.5276
78.761,3.5340
78.761,3.5404
78.761,3.5467
78.761,3.5529
78.761,3.5591
78.761,3.5654
78.764,3.5714
78.769,3.5776
78.812,3.5836
78.813,3.5896
78.813,3.5955
78.813,3.6015
78.813,3.6073
78.813,3.6132
78.813,3.6189
78.813,3.6246
78.815,3.6302
78.819,3.6359
78.864,3.6414
78.864,3.6470
78.864,3.6524
78.864,3.6578
78.864,3.6631
78.864,3.6685
78.864,3.6737
78.864,3.6789
78.864,3.6840
78.869,3.6891
78.912,3.6940
78.913,3.6990
78.913,3.7039
78.913,3.7088
78.913,3.7135
78.913,3.7183
78.913,3.7229
78.913,3.7276
78.914,3.7321
78.919,3.7366
78.960,3.7411
78.961,3.7455
78.961,3.7498
78.961,3.7541
78.961,3.7583
78.961,3.7625
78.961,3.7665
78.961,3.7706
78.964,3.7746
78.969,3.7786
79.012,3.7825
79.012,3.7864
79.012,3.7901
79.012,3.7939
79.012,3.7976
79.013,3.8012
79.013,3.8048
79.013,3.8083
79.014,3.8118
79.019,3.8153
79.060,3.8186
79.061,3.8220
79.061,3.8252
79.061,3.8285
79.061,3.8316
79.061,3.8349
79.061,3.8379
79.061,3.8410
79.065,3.8440
79.069,3.8470
79.112,3.8499
79.112,3.8528
79.112,3.8556
79.112,3.8584
79.112,3.8612
79.112,3.8639
79.112,3.8666
79.112,3.8693
79.114,3.8718
79.119,3.8744
79.160,3.8769
79.160,3.8795
79.160,3.8819
79.161,3.8844
79.161,3.8867
79.161,3.8891
79.161,3.8914
79.161,3.8937
79.164,3.8960
79.169,3.8982
79.212,3.9004
79.213,3.9026
79.213,3.9047
79.213,3.9068
79.213,3.9089
79.213,3.9110
79.213,3.9129
79.213,3.9150
79.214,3.9169
79.219,3.9189
79.261,3.9208
79.261,3.9227
79.261,3.9246
79.261,3.9264
79.261,3.9282
79.261,3.9301
79.261,3.9318
79.261,3.9336
79.264,3.9353
79.269,3.9370
79.312,3.9387
79.313,3.9404
79.313,3.9420
79.313,3.9437
79.313,3.9452
79.313,3.9469
79.313,3.9484
79.313,3.9499
79.314,3.9514
79.319,3.9529
79.361,3.9544
79.361,3.9558
79.361,3.9572
79.361,3.9587
79.361,3.9600
79.361,3.9614
79.361,3.9627
79.361,3.9641
79.365,3.9654
79.369,3.9667
79.417,3.9679
79.417,3.9692
79.417,3.9704
79.417,3.9716
79.417,3.9728
79.417,3.9740
79.417,3.9751
79.417,3.9763
79.417,3.9773
79.419,3.9784
79.424,3.9795
79.468,3.9806
79.469,3.9815
79.469,3.9826
79.469,3.9835
79.469,3.9845
79.469,3.9854
79.469,3.9864
79.469,3.9873
79.469,3.9882
79.474,3.9890
79.517,3.9899
79.517,3.9906
79.517,3.9915
79.517,3.9922
79.517,3.9930
79.517,3.9936
79.517,3.9944
79.517,3.9950
79.519,3.9957
79.524,3.9963
79.572,3.9970
79.572,3.9975
79.572,3.9981
79.572,3.9986
79.572,3.9992
79.572,3.9996
79.573,4.0002
79.573,4.0006
79.573,4.0010
79.574,4.0014
79.579,4.0018
79.625,4.0022
79.625,4.0026
79.625,4.0028
79.625,4.0032
79.625,4.0034
79.625,4.0037
79.625,4.0039
79.625,4.0041
79.625,4.0043
79.629,4.0044
79.676,4.0046
79.676,4.0047
79.677,4.0048
79.677,4.0049
79.677,4.0049
79.677,4.0049
79.677,4.0049
79.677,4.0049
79.677,4.0048
79.679,4.0048
79.684,4.0047
79.733,4.0046
79.733,4.0044
79.733,4.0043
79.733,4.0041
79.733,4.0039
79.733,4.0036
79.733,4.0034
79.733,4.0031
79.733,4.0028
79.735,4.0024
79.740,4.0021
79.784,4.0017
79.784,4.0013
79.784,4.0009
79.784,4.0004
79.784,3.9999
79.784,3.9994
79.784,3.9989
79.784,3.9983
79.784,3.9977
79.789,3.9971
79.837,3.9965
79.837,3.9959
79.837,3.9951
79.837,3.9944
79.837,3.9937
79.837,3.9929
79.837,3.9921
79.837,3.9913
79.837,3.9905
79.839,3.9896
79.844,3.9887
79.888,3.9878
79.888,3.9868
79.888,3.9859
79.888,3.9849
79.888,3.9840
79.888,3.9830
79.888,3.9820
79.888,3.9810
79.889,3.9801
79.894,3.9791
79.936,3.9781
79.937,3.9771
79.937,3.9761
79.937,3.9751
79.937,3.9742
79.937,3.9732
79.937,3.9722
79.937,3.9712
79.939,3.9703
79.944,3.9693
79.988,3.9684
79.989,3.9675
79.989,3.9666
79.989,3.9657
79.989,3.9648
79.989,3.9639
79.989,3.9631
79.989,3.9622
79.990,3.9615
79.994,3.9606
80.036,3.9599
80.036,3.9591
80.036,3.9584
80.036,3.9577
80.036,3.9570
80.036,3.9563
80.036,3.9557
80.036,3.9550
80.039,3.9544
80.044,3.9538
80.088,3.9533
80.089,3.9528
80.089,3.9523
80.089,3.9518
80.089,3.9514
80.089,3.9510
80.089,3.9506
80.089,3.9502
80.090,3.9499
80.094,3.9496
80.136,3.9494
80.136,3.9491
80.137,3.9489
80.137,3.9487
80.137,3.9486
80.137,3.9484
80.137,3.9483
80.137,3.9482
80.140,3.9482
80.144,3.9481
80.189,3.9481
80.189,3.9481
80.189,3.9482
80.189,3.9482
80.189,3.9484
80.189,3.9485
80.189,3.9487
80.189,3.9488
80.189,3.9490
80.194,3.9492
80.237,3.9495
80.237,3.9498
80.237,3.9501
80.237,3.9504
80.237,3.9508
80.237,3.9512
80.237,3.9516
80.237,3.9520
80.240,3.9525
80.244,3.9529
80.289,3.9535
80.289,3.9540
80.289,3.9546
80.289,3.9551
80.289,3.9557
80.289,3.9563
80.289,3.9569
80.289,3.9575
80.290,3.9583
80.294,3.9589
80.341,3.9596
80.341,3.9603
80.341,3.9611
80.341,3.9618
80.341,3.9626
80.341,3.9633
80.341,3.9641
80.341,3.9649
80.341,3.9657
80.345,3.9665
80.349,3.9674
80.392,3.9682
80.393,3.9691
80.393,3.9699
80.393,3.9708
80.393,3.9716
80.393,3.9725
80.393,3.9734
80.393,3.9743
80.395,3.9751
80.399,3.9761
80.441,3.9769
80.441,3.9779
80.441,3.9787
80.441,3.9796
80.441,3.9805
80.441,3.9814
80.441,3.9823
80.441,3.9832
80.445,3.9840
80.449,3.9849
80.492,3.9857
80.492,3.9866
80.492,3.9874
80.492,3.9883
80.492,3.9891
80.492,3.9899
80.492,3.9907
80.492,3.9915
80.494,3.9922
80.499,3.9930
80.540,3.9936
80.541,3.9944
80.541,3.9950
80.541,3.9957
80.541,3.9963
80.541,3.9969
80.541,3.9974
80.541,3.9980
80.544,3.9985
80.550,3.9990
80.593,3.9995
80.593,3.9999
80.593,4.0002
80.593,4.0005
80.593,4.0007
80.593,4.0008
80.593,4.0008
80.593,4.0009
80.594,4.0007
80.599,4.0006
80.645,4.0003
80.645,4.0000
80.645,3.9996
80.645,3.9991
80.645,3.9985
80.645,3.9978
80.645,3.9970
80.645,3.9961
80.645,3.9951
80.649,3.9940
80.692,3.9927
80.693,3.9914
80.693,3.9900
80.693,3.9884
80.693,3.9867
80.693,3.9849
80.693,3.9830
80.693,3.9810
80.694,3.9788
80.699,3.9765
80.740,3.9741
80.740,3.9716
80.740,3.9689
80.740,3.9661
80.741,3.9631
80.741,3.9600
80.741,3.9568
80.741,3.9535
80.744,3.9499
80.749,3.9463
80.796,3.9425
80.796,3.9386
80.796,3.9345
80.796,3.9302
80.796,3.9259
80.796,3.9213
80.796,3.9167
80.796,3.9118
80.796,3.9068
80.799,3.9018
80.804,3.8965
80.849,3.8910
80.849,3.8855
80.849,3.8797
80.849,3.8738
80.849,3.8678
80.849,3.8616
80.849,3.8553
80.849,3.8487
80.849,3.8421
80.854,3.8353
80.900,3.8283
80.901,3.8212
80.901,3.8139
80.901,3.8065
80.901,3.7989
80.901,3.7912
80.901,3.7833
80.901,3.7753
80.901,3.7670
80.904,3.7587
80.909,3.7502
80.953,3.7416
80.953,3.7328
80.953,3.7239
80.953,3.7148
80.953,3.7056
80.953,3.6962
80.953,3.6867
80.953,3.6770
80.954,3.6673
80.959,3.6574
81.000,3.6473
81.001,3.6370
81.001,3.6267
81.001,3.6162
81.001,3.6056
81.001,3.5948
81.001,3.5840
81.001,3.5730
81.005,3.5618
81.009,3.5506
81.053,3.5392
81.053,3.5277
81.053,3.5161
81.053,3.5043
81.053,3.4925
81.053,3.4805
81.053,3.4685
81.053,3.4562
81.054,3.4440
81.059,3.4315
81.100,3.4190
81.101,3.4064
81.101,3.3937
81.101,3.3809
81.101,3.3681
81.101,3.3551
81.101,3.3420
81.101,3.3288
81.104,3.3155
81.109,3.3022
81.152,3.2889
81.152,3.2754
81.152,3.2618
81.152,3.2482
81.152,3.2346
81.152,3.2208
81.152,3.2070
81.152,3.1932
81.154,3.1792
81.159,3.1653
81.200,3.1512
81.200,3.1371
81.200,3.1230
81.200,3.1089
81.200,3.0947
81.200,3.0805
81.200,3.0662
81.200,3.0519
81.204,3.0377
81.209,3.0233
81.252,3.0091
81.252,2.9948
81.252,2.9806
81.252,2.9664
81.252,2.9522
81.252,2.9382
81.252,2.9242
81.252,2.9103
81.254,2.8964
81.259,2.8826
81.300,2.8690
81.300,2.8554
81.301,2.8419
81.301,2.8285
81.301,2.8153
81.301,2.8021
81.301,2.7891
81.301,2.7762
81.304,2.7634
81.309,2.7509
81.356,2.7385
81.356,2.7261
81.356,2.7139
81.356,2.7019
81.356,2.6900
81.356,2.6784
81.356,2.6668
81.356,2.6555
81.356,2.6443
81.359,2.6332
81.364,2.6224
81.413,2.6117
81.413,2.6012
81.413,2.5909
81.413,2.5808
81.413,2.5708
81.413,2.5610
81.413,2.5515
81.413,2.5420
81.413,2.5328
81.415,2.5237
81.419,2.5149
81.460,2.5062
81.461,2.4978
81.461,2.4894
81.461,2.4814
81.461,2.4734
81.461,2.4657
81.461,2.4581
81.461,2.4508
81.464,2.4435
81.469,2.4366
81.512,2.4297
81.512,2.4231
81.512,2.4166
81.512,2.4104
81.512,2.4042
81.512,2.3983
81.512,2.3925
81.512,2.3869
81.514,2.3814
81.519,2.3762
81.560,2.3710
81.560,2.3661
81.560,2.3612
81.560,2.3566
81.560,2.3521
81.560,2.3478
81.560,2.3435
81.560,2.3395
81.564,2.3356
81.569,2.3318
81.612,2.3282
81.612,2.3247
81.612,2.3213
81.613,2.3181
81.613,2.3150
81.613,2.3120
81.613,2.3091
81.613,2.3064
81.614,2.3038
81.619,2.3013
81.660,2.2989
81.660,2.2966
81.660,2.2944
81.660,2.2924
81.660,2.2904
81.660,2.2886
81.660,2.2868
81.660,2.2852
81.665,2.2837
81.669,2.2822
81.712,2.2809
81.713,2.2796
81.713,2.2784
81.713,2.2774
81.713,2.2764
81.713,2.2755
81.713,2.2747
81.713,2.2740
81.714,2.2733
81.719,2.2728
81.760,2.2722
81.760,2.2718
81.760,2.2715
81.760,2.2713
81.760,2.2710
81.760,2.2710
81.760,2.2709
81.760,2.2710
81.764,2.2711
81.769,2.2713
81.816,2.2715
81.816,2.2719
81.816,2.2722
81.816,2.2727
81.816,2.2732
81.816,2.2739
81.816,2.2745
81.816,2.2753
81.816,2.2761
81.819,2.2770
81.824,2.2779
81.869,2.2790
81.869,2.2800
81.869,2.2812
81.869,2.2824
81.869,2.2837
81.869,2.2851
81.869,2.2866
81.869,2.2880
81.870,2.2897
81.875,2.2912
81.916,2.2930
81.916,2.2947
81.916,2.2966
81.916,2.2985
81.916,2.3006
81.916,2.3026
81.916,2.3048
81.916,2.3070
81.919,2.3093
81.924,2.3117
81.969,2.3142
81.969,2.3166
81.969,2.3193
81.969,2.3219
81.969,2.3247
81.969,2.3275
81.969,2.3305
81.969,2.3334
81.969,2.3366
81.974,2.3397
82.016,2.3429
82.016,2.3462
82.016,2.3496
82.016,2.3530
82.016,2.3566
82.016,2.3602
82.016,2.3640
82.016,2.3677
82.019,2.3717
82.024,2.3756
82.068,2.3797
82.069,2.3838
82.069,2.3880
82.069,2.3923
82.069,2.3967
82.069,2.4012
82.069,2.4058
82.069,2.4104
82.069,2.4151
82.074,2.4199
82.116,2.4248
82.117,2.4297
82.117,2.4348
82.117,2.4399
82.117,2.4451
82.117,2.4503
82.117,2.4557
82.117,2.4612
82.119,2.4667
82.125,2.4723
82.168,2.4779
82.168,2.4836
82.168,2.4895
82.168,2.4954
82.168,2.5013
82.168,2.5073
82.168,2.5135
82.168,2.5196
82.170,2.5259
82.174,2.5321
82.216,2.5386
82.216,2.5449
82.216,2.5515
82.216,2.5580
82.216,2.5647
82.216,2.5713
82.216,2.5781
82.216,2.5848
82.219,2.5916
82.224,2.5984
82.269,2.6054
82.269,2.6124
82.269,2.6194
82.269,2.6265
82.269,2.6336
82.269,2.6407
82.269,2.6480
82.269,2.6551
82.269,2.6624
82.274,2.6697
82.321,2.6770
82.321,2.6843
82.321,2.6918
82.321,2.6991
82.321,2.7066
82.321,2.7140
82.321,2.7215
82.321,2.7290
82.321,2.7365
82.324,2.7440
82.329,2.7515
82.372,2.7590
82.373,2.7666
82.373,2.7741
82.373,2.7817
82.373,2.7891
82.373,2.7966
82.373,2.8041
82.373,2.8117
82.374,2.8191
82.379,2.8266
82.425,2.8340
82.425,2.8415
82.425,2.8489
82.425,2.8563
82.425,2.8636
82.425,2.8710
82.425,2.8782
82.425,2.8856
82.425,2.8927
82.429,2.9000
82.472,2.9070
82.472,2.9143
82.472,2.9212
82.472,2.9282
82.472,2.9352
82.473,2.9421
82.473,2.9489
82.473,2.9557
82.474,2.9624
82.479,2.9691
82.520,2.9757
82.521,2.9823
82.521,2.9887
82.521,2.9952
82.521,3.0015
82.521,3.0078
82.521,3.0139
82.521,3.0201
82.524,3.0260
82.529,3.0320
82.572,3.0378
82.573,3.0435
82.573,3.0492
82.573,3.0547
82.573,3.0602
82.573,3.0656
82.573,3.0709
82.573,3.0762
82.574,3.0813
82.579,3.0864
82.620,3.0914
82.620,3.0963
82.620,3.1010
82.620,3.1057
82.620,3.1103
82.620,3.1149
82.620,3.1192
82.620,3.1236
82.625,3.1278
82.629,3.1320
82.676,3.1361
82.676,3.1400
82.676,3.1439
82.676,3.1477
82.676,3.1514
82.676,3.1551
82.676,3.1586
82.676,3.1620
82.677,3.1654
82.679,3.1687
82.684,3.1719
82.728,3.1750
82.728,3.1780
82.729,3.1810
82.729,3.1838
82.729,3.1866
82.729,3.1893
82.729,3.1919
82.729,3.1945
82.729,3.1970
82.734,3.1993
82.776,3.2017
82.777,3.2039
82.777,3.2061
82.777,3.2082
82.777,3.2103
82.777,3.2122
82.777,3.2141
82.777,3.2160
82.779,3.2178
82.784,3.2195
82.828,3.2211
82.828,3.2227
82.828,3.2243
82.828,3.2257
82.828,3.2272
82.828,3.2286
82.828,3.2299
82.828,3.2312
82.829,3.2324
82.834,3.2336
82.876,3.2347
82.877,3.2358
82.877,3.2369
82.877,3.2379
82.877,3.2389
82.877,3.2398
82.877,3.2408
82.877,3.2416
82.879,3.2425
82.884,3.2433
82.928,3.2441
82.928,3.2448
82.928,3.2456
82.928,3.2463
82.928,3.2470
82.928,3.2477
82.928,3.2484
82.928,3.2490
82.929,3.2497
82.934,3.2503
82.976,3.2510
82.976,3.2516
82.977,3.2522
82.977,3.2528
82.977,3.2535
82.977,3.2541
82.977,3.2547
82.977,3.2553
82.980,3.2560
82.984,3.2566
83.028,3.2573
83.029,3.2580
83.029,3.2587
83.029,3.2594
83.029,3.2602
83.029,3.2609
83.029,3.2617
83.029,3.2625
83.030,3.2633
83.034,3.2641
83.076,3.2651
83.077,3.2659
83.077,3.2669
83.077,3.2679
83.077,3.2689
83.077,3.2700
83.077,3.2711
83.077,3.2722
83.079,3.2734
83.084,3.2746
83.132,3.2759
83.132,3.2772
83.132,3.2786
83.132,3.2800
83.132,3.2815
83.132,3.2829
83.132,3.2846
83.132,3.2862
83.132,3.2879
83.134,3.2896
83.139,3.2914
83.181,3.2932
83.181,3.2952
83.181,3.2971
83.181,3.2992
83.181,3.3013
83.181,3.3035
83.181,3.3057
83.181,3.3080
83.185,3.3103
83.189,3.3128
83.237,3.3153
83.237,3.3179
83.237,3.3205
83.237,3.3232
83.237,3.3260
83.237,3.3288
83.237,3.3317
83.237,3.3347
83.237,3.3377
83.239,3.3409
83.244,3.3440
83.288,3.3473
83.288,3.3506
83.288,3.3540
83.288,3.3574
83.288,3.3609
83.288,3.3645
83.288,3.3682
83.288,3.3718
83.290,3.3756
83.294,3.3793
83.336,3.3832
83.337,3.3871
83.337,3.3911
83.337,3.3950
83.337,3.3991
83.337,3.4031
83.337,3.4073
83.337,3.4113
83.339,3.4156
83.344,3.4197
83.389,3.4240
83.389,3.4282
83.389,3.4325
83.389,3.4368
83.389,3.4411
83.389,3.4454
83.389,3.4497
83.389,3.4540
83.390,3.4584
83.394,3.4627
83.437,3.4670
83.437,3.4713
83.437,3.4757
83.437,3.4800
83.437,3.4843
83.437,3.4885
83.437,3.4928
83.437,3.4971
83.439,3.5013
83.444,3.5055
83.488,3.5097
83.488,3.5138
83.488,3.5180
83.488,3.5221
83.488,3.5261
83.489,3.5302
83.489,3.5342
83.489,3.5381
83.489,3.5420
83.494,3.5459
83.541,3.5497
83.541,3.5535
83.541,3.5573
83.541,3.5609
83.541,3.5646
83.541,3.5682
83.541,3.5717
83.541,3.5752
83.541,3.5786
83.545,3.5820
83.549,3.5853
83.593,3.5885
83.593,3.5917
83.593,3.5948
83.593,3.5979
83.593,3.6008
83.593,3.6038
83.593,3.6066
83.593,3.6094
83.595,3.6121
83.599,3.6148
83.645,3.6173
83.645,3.6199
83.645,3.6223
83.645,3.6247
83.645,3.6270
83.645,3.6293
83.645,3.6314
83.645,3.6336
83.645,3.6356
83.649,3.6376
83.696,3.6395
83.697,3.6414
83.697,3.6431
83.697,3.6449
83.697,3.6465
83.697,3.6481
83.697,3.6496
83.697,3.6511
83.697,3.6524
83.700,3.6538
83.704,3.6550
83.752,3.6563
83.753,3.6574
83.753,3.6585
83.753,3.6596
83.753,3.6606
83.753,3.6615
83.753,3.6624
83.753,3.6632
83.753,3.6640
83.755,3.6646
83.759,3.6653
83.804,3.6659
83.804,3.6665
83.804,3.6670
83.804,3.6676
83.805,3.6680
83.805,3.6684
83.805,3.6687
83.805,3.6691
83.805,3.6693
83.809,3.6696
83.856,3.6698
83.857,3.6700
83.857,3.6702
83.857,3.6703
83.857,3.6704
83.857,3.6705
83.857,3.6705
83.857,3.6706
83.857,3.6706
83.859,3.6706
83.864,3.6705
83.908,3.6705
83.908,3.6704
83.908,3.6704
83.908,3.6703
83.909,3.6702
83.909,3.6701
83.909,3.6700
83.909,3.6699
83.910,3.6698
83.914,3.6696
83.956,3.6695
83.957,3.6694
83.957,3.6693
83.957,3.6692
83.957,3.6691
83.957,3.6690
83.957,3.6689
83.957,3.6688
83.959,3.6688
83.964,3.6687
84.009,3.6687
84.009,3.6686
84.009,3.6686
84.009,3.6686
84.009,3.6687
84.009,3.6687
84.009,3.6688
84.009,3.6689
84.009,3.6690
84.014,3.6691
84.056,3.6693
84.057,3.6695
84.057,3.6697
84.057,3.6700
84.057,3.6703
84.057,3.6705
84.057,3.6709
84.057,3.6712
84.059,3.6717
84.064,3.6721
84.113,3.6726
84.113,3.6730
84.113,3.6736
84.113,3.6741
84.113,3.6747
84.113,3.6753
84.113,3.6760
84.113,3.6767
84.113,3.6774
84.114,3.6781
84.119,3.6790
84.160,3.6798
84.161,3.6807
84.161,3.6815
84.161,3.6825
84.161,3.6834
84.161,3.6845
84.161,3.6855
84.161,3.6866
84.164,3.6877
84.169,3.6889
84.213,3.6900
84.213,3.6912
84.213,3.6924
84.213,3.6938
84.213,3.6950
84.213,3.6964
84.213,3.6977
84.213,3.6992
84.214,3.7006
84.219,3.7021
84.260,3.7036
84.261,3.7052
84.261,3.7067
84.261,3.7084
84.261,3.7100
84.261,3.7117
84.261,3.7134
84.261,3.7152
84.264,3.7169
84.269,3.7187
84.312,3.7205
84.313,3.7224
84.313,3.7242
84.313,3.7262
84.313,3.7281
84.313,3.7301
84.313,3.7320
84.313,3.7341
84.314,3.7361
84.319,3.7382
84.360,3.7403
84.360,3.7424
84.360,3.7445
84.360,3.7468
84.360,3.7489
84.360,3.7512
84.360,3.7534
84.360,3.7557
84.364,3.7579
84.369,3.7603
84.412,3.7626
84.412,3.7650
84.412,3.7673
84.413,3.7697
84.413,3.7721
84.413,3.7745
84.413,3.7769
84.413,3.7794
84.414,3.7819
84.419,3.7844
84.461,3.7869
84.461,3.7894
84.461,3.7919
84.461,3.7945
84.461,3.7970
84.461,3.7996
84.461,3.8022
84.461,3.8048
84.465,3.8074
84.469,3.8100
84.512,3.8126
84.512,3.8153
84.512,3.8179
84.512,3.8206
84.512,3.8232
84.512,3.8259
84.512,3.8285
84.512,3.8312
84.515,3.8338
84.519,3.8365
84.560,3.8392
84.561,3.8419
84.561,3.8445
84.561,3.8472
84.561,3.8499
84.561,3.8526
84.561,3.8552
84.561,3.8580
84.565,3.8606
84.569,3.8633
84.612,3.8659
84.612,3.8687
84.612,3.8713
84.612,3.8740
84.612,3.8766
84.612,3.8793
84.612,3.8818
84.612,3.8845
84.614,3.8870
84.619,3.8897
84.664,3.8922
84.665,3.8948
84.665,3.8973
84.665,3.8999
84.665,3.9024
84.665,3.9050
84.665,3.9074
84.665,3.9100
84.665,3.9123
84.669,3.9148
84.713,3.9171
84.713,3.9195
84.713,3.9218
84.713,3.9242
84.713,3.9265
84.713,3.9288
84.713,3.9310
84.713,3.9333
84.714,3.9354
84.719,3.9376
84.760,3.9397
84.760,3.9419
84.760,3.9439
84.760,3.9460
84.760,3.9480
84.760,3.9501
84.760,3.9520
84.761,3.9540
84.764,3.9558
84.769,3.9577
84.816,3.9595
84.817,3.9614
84.817,3.9631
84.817,3.9649
84.817,3.9666
84.817,3.9683
84.817,3.9699
84.817,3.9716
84.817,3.9731
84.819,3.9747
84.824,3.9762
84.868,3.9777
84.869,3.9790
84.869,3.9805
84.869,3.9818
84.869,3.9832
84.869,3.9844
84.869,3.9857
84.869,3.9869
84.870,3.9881
84.874,3.9892
84.916,3.9904
84.917,3.9914
84.917,3.9925
84.917,3.9934
84.917,3.9944
84.917,3.9953
84.917,3.9962
84.917,3.9970
84.919,3.9978
84.924,3.9986
84.968,3.9993
84.969,4.0000
84.969,4.0007
84.969,4.0012
84.969,4.0019
84.969,4.0024
84.969,4.0029
84.969,4.0033
84.969,4.0038
84.974,4.0041
85.020,4.0045
85.020,4.0048
85.020,4.0051
85.020,4.0053
85.020,4.0055
85.020,4.0056
85.020,4.0058
85.020,4.0058
85.020,4.0059
85.024,4.0059
85.029,4.0059
85.072,4.0058
85.072,4.0058
85.072,4.0056
85.072,4.0055
85.072,4.0052
85.072,4.0050
85.072,4.0047
85.072,4.0044
85.074,4.0041
85.079,4.0037
85.120,4.0033
85.120,4.0029
85.120,4.0023
85.120,4.0019
85.120,4.0013
85.120,4.0007
85.120,4.0001
85.120,3.9994
85.124,3.9987
85.129,3.9980
85.172,3.9973
85.173,3.9965
85.173,3.9956
85.173,3.9948
85.173,3.9939
85.173,3.9930
85.173,3.9920
85.173,3.9911
85.174,3.9900
85.179,3.9890
85.220,3.9879
85.220,3.9868
85.220,3.9856
85.220,3.9845
85.220,3.9832
85.220,3.9820
85.220,3.9807
85.220,3.9794
85.224,3.9780
85.229,3.9767
85.273,3.9752
85.273,3.9738
85.273,3.9723
85.273,3.9708
85.273,3.9692
85.273,3.9677
85.273,3.9660
85.273,3.9644
85.274,3.9627
85.279,3.9610
85.320,3.9591
85.320,3.9572
85.320,3.9553
85.320,3.9532
85.320,3.9511
85.320,3.9490
85.321,3.9467
85.321,3.9444
85.324,3.9420
85.329,3.9395
85.372,3.9369
85.372,3.9343
85.372,3.9315
85.373,3.9287
85.373,3.9257
85.373,3.9227
85.373,3.9195
85.373,3.9163
85.374,3.9130
85.379,3.9095
85.421,3.9060
85.421,3.9023
85.421,3.8986
85.421,3.8947
85.421,3.8907
85.421,3.8866
85.421,3.8823
85.421,3.8780
85.424,3.8735
85.429,3.8689
85.476,3.8642
85.476,3.8594
85.476,3.8545
85.476,3.8494
85.476,3.8442
85.477,3.8389
85.477,3.8334
85.477,3.8278
85.477,3.8221
85.480,3.8163
85.484,3.8103
85.528,3.8043
85.528,3.7980
85.529,3.7916
85.529,3.7852
85.529,3.7785
85.529,3.7718
85.529,3.7649
85.529,3.7579
85.529,3.7508
85.534,3.7435
85.576,3.7360
85.577,3.7285
85.577,3.7208
85.577,3.7130
85.577,3.7050
85.577,3.6970
85.577,3.6887
85.577,3.6804
85.579,3.6719
85.584,3.6633
85.628,3.6545
85.628,3.6457
85.628,3.6367
85.628,3.6276
85.628,3.6183
85.628,3.6089
85.628,3.5993
85.628,3.5897
85.629,3.5799
85.634,3.5701
85.676,3.5601
85.676,3.5500
85.676,3.5396
85.676,3.5293
85.676,3.5188
85.677,3.5082
85.677,3.4973
85.677,3.4865
85.679,3.4755
85.684,3.4645
85.729,3.4532
85.729,3.4419
85.729,3.4304
85.729,3.4190
85.729,3.4073
85.729,3.3956
85.729,3.3837
85.729,3.3717
85.729,3.3596
85.734,3.3474
85.776,3.3351
85.776,3.3228
85.776,3.3103
85.776,3.2978
85.777,3.2851
85.777,3.2724
85.777,3.2595
85.777,3.2466
85.779,3.2336
85.785,3.2204
85.828,3.2073
85.828,3.1941
85.828,3.1807
85.828,3.1674
85.828,3.1539
85.828,3.1404
85.828,3.1267
85.828,3.1131
85.829,3.0992
85.834,3.0855
85.880,3.0717
85.880,3.0579
85.880,3.0439
85.880,3.0298
85.880,3.0158
85.880,3.0017
85.880,2.9876
85.880,2.9734
85.880,2.9592
85.884,2.9450
85.889,2.9306
85.933,2.9164
85.933,2.9020
85.933,2.8877
85.933,2.8732
85.933,2.8589
85.933,2.8444
85.933,2.8301
85.933,2.8157
85.934,2.8013
85.939,2.7869
85.984,2.7726
85.985,2.7581
85.985,2.7437
85.985,2.7293
85.985,2.7149
85.985,2.7007
85.985,2.6865
85.985,2.6723
85.985,2.6581
85.989,2.6440
86.032,2.6300
86.032,2.6161
86.032,2.6024
86.032,2.5887
86.032,2.5751
86.032,2.5617
86.033,2.5483
86.033,2.5351
86.034,2.5219
86.039,2.5089
86.081,2.4961
86.081,2.4833
86.081,2.4708
86.081,2.4584
86.081,2.4463
86.081,2.4342
86.081,2.4222
86.081,2.4105
86.085,2.3990
86.089,2.3876
86.137,2.3763
