elapsed_time_s,tracking_error_m
0.039,0.0000
0.044,0.0000
0.049,0.0000
0.054,0.0000
0.060,0.0000
0.064,0.0000
0.070,0.0000
0.075,0.0000
0.079,0.0000
0.084,0.0000
0.089,0.0001
0.094,0.0001
0.099,0.0001
0.104,0.0001
0.109,0.0001
0.114,0.0001
0.119,0.0001
0.124,0.0001
0.129,0.0002
0.134,0.0001
0.139,0.0002
0.144,0.0001
0.149,0.0003
0.154,0.0002
0.159,0.0003
0.164,0.0002
0.169,0.0004
0.174,0.0002
0.179,0.0004
0.184,0.0003
0.189,0.0005
0.194,0.0003
0.199,0.0005
0.204,0.0003
0.209,0.0006
0.214,0.0004
0.219,0.0007
0.224,0.0004
0.229,0.0007
0.234,0.0004
0.239,0.0008
0.244,0.0005
0.249,0.0009
0.254,0.0005
0.259,0.0010
0.264,0.0005
0.269,0.0011
0.274,0.0006
0.279,0.0012
0.284,0.0006
0.289,0.0013
0.294,0.0007
0.299,0.0014
0.304,0.0007
0.309,0.0015
0.314,0.0008
0.319,0.0016
0.324,0.0008
0.329,0.0017
0.334,0.0008
0.340,0.0018
0.344,0.0009
0.349,0.0019
0.354,0.0009
0.359,0.0020
0.364,0.0010
0.369,0.0022
0.374,0.0010
0.379,0.0023
0.384,0.0010
0.389,0.0024
0.394,0.0011
0.399,0.0025
0.404,0.0011
0.409,0.0027
0.415,0.0012
0.419,0.0028
0.424,0.0012
0.430,0.0029
0.434,0.0012
0.439,0.0031
0.444,0.0013
0.449,0.0032
0.454,0.0013
0.459,0.0034
0.464,0.0014
0.469,0.0035
0.474,0.0014
0.479,0.0036
0.485,0.0014
0.489,0.0038
0.494,0.0015
0.499,0.0039
0.504,0.0015
0.509,0.0041
0.514,0.0015
0.519,0.0042
0.524,0.0016
0.529,0.0044
0.534,0.0016
0.539,0.0045
0.544,0.0016
0.549,0.0046
0.554,0.0016
0.559,0.0048
0.564,0.0016
0.569,0.0050
0.574,0.0017
0.579,0.0051
0.584,0.0017
0.589,0.0053
0.594,0.0017
0.599,0.0054
0.604,0.0017
0.609,0.0056
0.614,0.0018
0.619,0.0057
0.624,0.0018
0.629,0.0058
0.634,0.0018
0.639,0.0060
0.644,0.0018
0.649,0.0061
0.654,0.0017
0.659,0.0063
0.664,0.0018
0.669,0.0065
0.674,0.0018
0.679,0.0066
0.684,0.0018
0.689,0.0067
0.695,0.0017
0.699,0.0069
0.704,0.0018
0.709,0.0070
0.714,0.0018
0.719,0.0071
0.724,0.0018
0.729,0.0073
0.734,0.0018
0.739,0.0074
0.744,0.0017
0.749,0.0075
0.754,0.0018
0.759,0.0076
0.764,0.0017
0.769,0.0078
0.774,0.0017
0.779,0.0079
0.785,0.0017
0.790,0.0080
0.794,0.0017
0.799,0.0081
0.804,0.0017
0.809,0.0083
0.814,0.0016
0.819,0.0084
0.824,0.0015
0.829,0.0085
0.834,0.0016
0.839,0.0086
0.844,0.0015
0.849,0.0087
0.854,0.0015
0.859,0.0088
0.864,0.0015
0.869,0.0090
0.874,0.0015
0.879,0.0090
0.884,0.0014
0.889,0.0091
0.894,0.0014
0.899,0.0092
0.904,0.0014
0.909,0.0093
0.914,0.0013
0.919,0.0094
0.924,0.0013
0.929,0.0095
0.934,0.0013
0.939,0.0096
0.944,0.0013
0.949,0.0096
0.954,0.0012
0.960,0.0098
0.964,0.0012
0.969,0.0098
0.974,0.0012
0.979,0.0099
0.984,0.0011
0.989,0.0099
0.994,0.0011
0.999,0.0100
1.004,0.0011
1.009,0.0101
1.014,0.0011
1.019,0.0101
1.024,0.0010
1.029,0.0101
1.034,0.0010
1.039,0.0102
1.044,0.0011
1.049,0.0103
1.054,0.0010
1.059,0.0103
1.064,0.0010
1.069,0.0104
1.074,0.0010
1.079,0.0104
1.084,0.0010
1.089,0.0104
1.094,0.0011
1.099,0.0104
1.104,0.0011
1.109,0.0106
1.114,0.0011
1.119,0.0107
1.124,0.0012
1.129,0.0106
1.134,0.0012
1.140,0.0106
1.144,0.0012
1.149,0.0107
1.154,0.0013
1.159,0.0108
1.164,0.0013
1.169,0.0108
1.174,0.0014
1.179,0.0108
1.184,0.0014
1.189,0.0109
1.194,0.0015
1.199,0.0108
1.204,0.0016
1.209,0.0109
1.214,0.0016
1.219,0.0109
1.224,0.0017
1.229,0.0110
1.234,0.0018
1.239,0.0110
1.244,0.0018
1.249,0.0110
1.254,0.0019
1.259,0.0111
1.264,0.0020
1.269,0.0111
1.274,0.0020
1.279,0.0112
1.284,0.0021
1.289,0.0111
1.294,0.0022
1.299,0.0113
1.304,0.0023
1.309,0.0113
1.314,0.0023
1.319,0.0113
1.324,0.0024
1.329,0.0113
1.334,0.0025
1.339,0.0114
1.344,0.0026
1.349,0.0113
1.354,0.0027
1.359,0.0115
1.364,0.0027
1.369,0.0115
1.374,0.0028
1.379,0.0116
1.384,0.0029
1.389,0.0116
1.394,0.0029
1.399,0.0117
1.404,0.0030
1.409,0.0117
1.414,0.0031
1.419,0.0118
1.424,0.0032
1.429,0.0117
1.434,0.0033
1.440,0.0118
1.444,0.0034
1.449,0.0119
1.454,0.0034
1.459,0.0119
1.464,0.0034
1.469,0.0119
1.474,0.0036
1.479,0.0119
1.484,0.0036
1.489,0.0120
1.494,0.0037
1.499,0.0120
1.504,0.0037
1.509,0.0121
1.514,0.0037
1.519,0.0121
1.524,0.0038
1.529,0.0121
1.534,0.0038
1.539,0.0121
1.544,0.0039
1.549,0.0121
1.554,0.0039
1.559,0.0122
1.564,0.0039
1.569,0.0122
1.574,0.0040
1.579,0.0122
1.584,0.0040
1.589,0.0122
1.594,0.0040
1.599,0.0122
1.605,0.0041
1.609,0.0121
1.614,0.0041
1.619,0.0122
1.624,0.0041
1.629,0.0122
1.634,0.0041
1.639,0.0120
1.644,0.0042
1.649,0.0121
1.654,0.0042
1.659,0.0120
1.664,0.0042
1.669,0.0119
1.674,0.0042
1.679,0.0118
1.684,0.0043
1.689,0.0117
1.694,0.0043
1.699,0.0118
1.704,0.0043
1.709,0.0117
1.714,0.0043
1.719,0.0115
1.724,0.0044
1.730,0.0114
1.734,0.0044
1.739,0.0113
1.744,0.0044
1.749,0.0111
1.754,0.0044
1.759,0.0111
1.764,0.0044
1.769,0.0110
1.774,0.0044
1.779,0.0108
1.784,0.0045
1.789,0.0107
1.794,0.0045
1.799,0.0105
1.804,0.0045
1.809,0.0104
1.814,0.0045
1.819,0.0103
1.824,0.0045
1.829,0.0101
1.834,0.0045
1.839,0.0099
1.844,0.0046
1.849,0.0097
1.854,0.0046
1.859,0.0096
1.864,0.0045
1.869,0.0094
1.874,0.0046
1.879,0.0092
1.884,0.0046
1.889,0.0090
1.894,0.0046
1.899,0.0088
1.905,0.0047
1.909,0.0087
1.914,0.0045
1.919,0.0084
1.924,0.0047
1.929,0.0082
1.934,0.0046
1.939,0.0080
1.944,0.0047
1.949,0.0078
1.954,0.0047
1.959,0.0076
1.964,0.0047
1.969,0.0074
1.974,0.0047
1.979,0.0071
1.984,0.0047
1.989,0.0070
1.994,0.0048
1.999,0.0068
2.004,0.0047
2.009,0.0066
2.014,0.0047
2.019,0.0063
2.024,0.0048
2.029,0.0062
2.034,0.0048
2.039,0.0060
2.044,0.0048
2.049,0.0058
2.054,0.0048
2.059,0.0056
2.064,0.0049
2.069,0.0054
2.074,0.0049
2.079,0.0053
2.084,0.0050
2.089,0.0051
2.094,0.0050
2.099,0.0049
2.104,0.0050
2.109,0.0048
2.114,0.0050
2.119,0.0047
2.124,0.0050
2.129,0.0045
2.134,0.0051
2.139,0.0044
2.144,0.0051
2.149,0.0043
2.154,0.0052
2.159,0.0043
2.164,0.0052
2.169,0.0043
2.174,0.0052
2.179,0.0042
2.184,0.0053
2.189,0.0042
2.194,0.0054
2.199,0.0042
2.204,0.0053
2.209,0.0042
2.214,0.0054
2.219,0.0043
2.224,0.0054
2.229,0.0043
2.234,0.0055
2.239,0.0044
2.244,0.0055
2.249,0.0045
2.254,0.0055
2.259,0.0046
2.264,0.0056
2.269,0.0048
2.274,0.0056
2.280,0.0048
2.285,0.0057
2.289,0.0050
2.294,0.0057
2.299,0.0052
2.304,0.0057
2.309,0.0053
2.315,0.0058
2.319,0.0055
2.324,0.0058
2.329,0.0056
2.334,0.0058
2.339,0.0058
2.344,0.0058
2.349,0.0060
2.354,0.0059
2.359,0.0062
2.364,0.0059
2.369,0.0063
2.374,0.0059
2.380,0.0065
2.384,0.0059
2.390,0.0067
2.394,0.0059
2.399,0.0069
2.404,0.0060
2.409,0.0070
2.414,0.0060
2.419,0.0072
2.424,0.0060
2.429,0.0074
2.434,0.0060
2.439,0.0076
2.444,0.0060
2.449,0.0077
2.454,0.0060
2.459,0.0079
2.464,0.0060
2.469,0.0081
2.474,0.0060
2.479,0.0082
2.485,0.0059
2.489,0.0084
2.494,0.0059
2.499,0.0085
2.504,0.0059
2.509,0.0087
2.514,0.0059
2.519,0.0088
2.524,0.0059
2.529,0.0090
2.534,0.0059
2.540,0.0090
2.544,0.0058
2.549,0.0092
2.554,0.0058
2.559,0.0094
2.564,0.0058
2.569,0.0095
2.574,0.0057
2.579,0.0096
2.585,0.0057
2.589,0.0097
2.594,0.0057
2.599,0.0098
2.604,0.0056
2.610,0.0099
2.614,0.0056
2.619,0.0100
2.624,0.0055
2.629,0.0101
2.634,0.0055
2.639,0.0102
2.645,0.0054
2.649,0.0102
2.654,0.0054
2.660,0.0103
2.664,0.0053
2.669,0.0104
2.674,0.0052
2.679,0.0104
2.684,0.0052
2.689,0.0105
2.695,0.0051
2.700,0.0106
2.705,0.0050
2.709,0.0106
2.714,0.0050
2.719,0.0107
2.724,0.0049
2.729,0.0107
2.734,0.0048
2.739,0.0107
2.744,0.0047
2.749,0.0108
2.754,0.0047
2.759,0.0108
2.764,0.0046
2.769,0.0108
2.774,0.0045
2.779,0.0108
2.784,0.0044
2.789,0.0109
2.794,0.0043
2.800,0.0108
2.804,0.0043
2.809,0.0109
2.815,0.0042
2.819,0.0108
2.824,0.0041
2.829,0.0109
2.834,0.0041
2.839,0.0108
2.844,0.0039
2.849,0.0108
2.855,0.0039
2.859,0.0108
2.864,0.0038
2.869,0.0107
2.874,0.0037
2.879,0.0107
2.884,0.0036
2.889,0.0107
2.894,0.0035
2.899,0.0106
2.904,0.0035
2.910,0.0106
2.914,0.0034
2.919,0.0106
2.924,0.0033
2.929,0.0104
2.934,0.0032
2.939,0.0105
2.944,0.0031
2.949,0.0104
2.954,0.0031
2.959,0.0103
2.964,0.0030
2.969,0.0103
2.974,0.0030
2.980,0.0101
2.984,0.0029
2.989,0.0102
2.994,0.0029
2.999,0.0100
3.004,0.0027
3.009,0.0100
3.014,0.0027
3.019,0.0099
3.024,0.0026
3.029,0.0098
3.034,0.0025
3.039,0.0098
3.044,0.0025
3.049,0.0097
3.054,0.0025
3.060,0.0096
3.064,0.0024
3.069,0.0095
3.074,0.0024
3.079,0.0094
3.084,0.0023
3.089,0.0093
3.094,0.0023
3.099,0.0092
3.104,0.0022
3.109,0.0091
3.114,0.0022
3.119,0.0091
3.125,0.0022
3.129,0.0089
3.134,0.0022
3.139,0.0089
3.144,0.0021
3.149,0.0087
3.154,0.0021
3.159,0.0086
3.164,0.0021
3.169,0.0085
3.174,0.0021
3.179,0.0084
3.184,0.0021
3.190,0.0084
3.194,0.0021
3.199,0.0083
3.204,0.0021
3.209,0.0081
3.214,0.0021
3.219,0.0081
3.224,0.0021
3.229,0.0080
3.234,0.0021
3.239,0.0078
3.244,0.0022
3.249,0.0078
3.254,0.0022
3.259,0.0077
3.264,0.0022
3.269,0.0076
3.274,0.0023
3.279,0.0075
3.284,0.0023
3.289,0.0074
3.294,0.0023
3.299,0.0074
3.304,0.0023
3.309,0.0073
3.314,0.0024
3.320,0.0071
3.324,0.0024
3.329,0.0071
3.334,0.0024
3.339,0.0070
3.344,0.0025
3.349,0.0069
3.354,0.0025
3.359,0.0068
3.364,0.0025
3.369,0.0068
3.374,0.0026
3.379,0.0067
3.384,0.0026
3.389,0.0067
3.394,0.0027
3.400,0.0066
3.404,0.0027
3.409,0.0065
3.414,0.0027
3.419,0.0065
3.424,0.0028
3.429,0.0064
3.434,0.0028
3.439,0.0063
3.444,0.0028
3.449,0.0063
3.454,0.0029
3.459,0.0063
3.464,0.0029
3.469,0.0062
3.474,0.0030
3.479,0.0061
3.484,0.0030
3.489,0.0061
3.494,0.0030
3.499,0.0061
3.504,0.0031
3.509,0.0060
3.514,0.0030
3.519,0.0061
3.524,0.0031
3.529,0.0060
3.534,0.0032
3.539,0.0060
3.544,0.0032
3.549,0.0060
3.554,0.0032
3.559,0.0060
3.564,0.0032
3.570,0.0059
3.574,0.0033
3.579,0.0059
3.584,0.0033
3.589,0.0059
3.594,0.0033
3.599,0.0058
3.604,0.0034
3.609,0.0058
3.614,0.0034
3.619,0.0058
3.624,0.0034
3.629,0.0058
3.634,0.0034
3.639,0.0058
3.644,0.0034
3.649,0.0058
3.654,0.0035
3.659,0.0058
3.664,0.0035
3.669,0.0058
3.674,0.0035
3.679,0.0058
3.684,0.0035
3.689,0.0058
3.694,0.0036
3.699,0.0058
3.704,0.0036
3.709,0.0058
3.714,0.0036
3.719,0.0058
3.724,0.0037
3.730,0.0058
3.734,0.0037
3.740,0.0058
3.744,0.0037
3.749,0.0058
3.754,0.0037
3.759,0.0058
3.765,0.0037
3.769,0.0058
3.774,0.0037
3.779,0.0058
3.784,0.0037
3.789,0.0059
3.794,0.0037
3.799,0.0059
3.804,0.0038
3.809,0.0059
3.815,0.0038
3.819,0.0058
3.824,0.0038
3.829,0.0059
3.834,0.0038
3.839,0.0059
3.844,0.0038
3.849,0.0059
3.854,0.0038
3.859,0.0059
3.864,0.0039
3.870,0.0059
3.874,0.0039
3.879,0.0059
3.884,0.0039
3.889,0.0059
3.894,0.0039
3.899,0.0059
3.904,0.0039
3.909,0.0059
3.914,0.0039
3.919,0.0059
3.924,0.0039
3.929,0.0059
3.934,0.0040
3.939,0.0059
3.944,0.0040
3.949,0.0059
3.954,0.0040
3.959,0.0059
3.964,0.0040
3.969,0.0059
3.975,0.0040
3.979,0.0059
3.984,0.0041
3.989,0.0059
3.995,0.0041
3.999,0.0058
4.004,0.0041
4.009,0.0059
4.014,0.0041
4.019,0.0059
4.024,0.0041
4.029,0.0059
4.034,0.0041
4.039,0.0059
4.044,0.0041
4.049,0.0059
4.054,0.0042
4.059,0.0059
4.064,0.0042
4.069,0.0059
4.074,0.0042
4.079,0.0059
4.084,0.0042
4.089,0.0058
4.095,0.0042
4.099,0.0058
4.104,0.0042
4.109,0.0058
4.114,0.0043
4.119,0.0058
4.124,0.0043
4.129,0.0058
4.134,0.0043
4.139,0.0058
4.144,0.0043
4.149,0.0057
4.154,0.0043
4.159,0.0057
4.164,0.0044
4.169,0.0057
4.174,0.0044
4.179,0.0056
4.184,0.0043
4.189,0.0056
4.194,0.0044
4.199,0.0056
4.204,0.0044
4.209,0.0055
4.214,0.0044
4.219,0.0055
4.224,0.0044
4.229,0.0054
4.234,0.0045
4.239,0.0054
4.244,0.0045
4.249,0.0054
4.254,0.0045
4.259,0.0053
4.264,0.0045
4.269,0.0052
4.274,0.0045
4.279,0.0052
4.284,0.0045
4.289,0.0051
4.294,0.0046
4.299,0.0051
4.304,0.0045
4.309,0.0050
4.314,0.0046
4.319,0.0050
4.324,0.0046
4.329,0.0049
4.334,0.0046
4.339,0.0049
4.344,0.0046
4.349,0.0048
4.354,0.0046
4.359,0.0047
4.364,0.0046
4.369,0.0047
4.374,0.0047
4.379,0.0046
4.384,0.0047
4.389,0.0046
4.394,0.0047
4.399,0.0045
4.404,0.0047
4.409,0.0044
4.414,0.0047
4.419,0.0043
4.424,0.0047
4.429,0.0043
4.434,0.0047
4.439,0.0043
4.444,0.0047
4.449,0.0042
4.454,0.0048
4.459,0.0042
4.464,0.0048
4.470,0.0041
4.474,0.0048
4.479,0.0041
4.484,0.0048
4.489,0.0040
4.494,0.0048
4.499,0.0040
4.504,0.0048
4.509,0.0040
4.514,0.0048
4.519,0.0039
4.524,0.0049
4.529,0.0039
4.534,0.0049
4.539,0.0039
4.544,0.0049
4.549,0.0039
4.554,0.0049
4.559,0.0039
4.564,0.0049
4.569,0.0039
4.574,0.0049
4.579,0.0039
4.584,0.0050
4.589,0.0039
4.594,0.0049
4.599,0.0039
4.604,0.0049
4.609,0.0039
4.614,0.0050
4.619,0.0040
4.625,0.0050
4.629,0.0040
4.634,0.0050
4.639,0.0040
4.644,0.0050
4.649,0.0041
4.654,0.0050
4.659,0.0041
4.664,0.0050
4.669,0.0042
4.674,0.0050
4.679,0.0042
4.684,0.0050
4.689,0.0043
4.694,0.0050
4.699,0.0043
4.704,0.0050
4.709,0.0044
4.714,0.0049
4.719,0.0045
4.724,0.0050
4.729,0.0046
4.734,0.0049
4.739,0.0046
4.744,0.0049
4.749,0.0047
4.754,0.0049
4.759,0.0048
4.764,0.0049
4.769,0.0049
4.774,0.0049
4.779,0.0050
4.784,0.0049
4.789,0.0050
4.795,0.0049
4.799,0.0051
4.804,0.0048
4.809,0.0052
4.814,0.0048
4.819,0.0053
4.824,0.0048
4.829,0.0053
4.834,0.0047
4.839,0.0054
4.844,0.0047
4.849,0.0055
4.854,0.0047
4.859,0.0055
4.864,0.0046
4.869,0.0056
4.874,0.0046
4.880,0.0056
4.885,0.0045
4.889,0.0057
4.894,0.0045
4.899,0.0057
4.904,0.0044
4.909,0.0057
4.914,0.0043
4.919,0.0058
4.924,0.0043
4.929,0.0058
4.934,0.0042
4.939,0.0058
4.944,0.0041
4.950,0.0058
4.955,0.0040
4.959,0.0058
4.964,0.0040
4.969,0.0058
4.974,0.0039
4.979,0.0058
4.984,0.0038
4.990,0.0058
4.994,0.0037
4.999,0.0057
5.004,0.0036
5.009,0.0057
5.014,0.0036
5.019,0.0057
5.024,0.0035
5.030,0.0056
5.034,0.0034
5.039,0.0056
5.044,0.0033
5.049,0.0055
5.054,0.0032
5.059,0.0054
5.064,0.0031
5.069,0.0054
5.074,0.0030
5.079,0.0053
5.084,0.0029
5.089,0.0052
5.094,0.0029
5.099,0.0051
5.104,0.0028
5.109,0.0051
5.114,0.0027
5.119,0.0050
5.124,0.0026
5.129,0.0049
5.135,0.0025
5.139,0.0048
5.144,0.0024
5.149,0.0047
5.154,0.0024
5.159,0.0046
5.164,0.0023
5.170,0.0045
5.174,0.0022
5.179,0.0044
5.184,0.0022
5.189,0.0043
5.194,0.0021
5.199,0.0042
5.204,0.0020
5.209,0.0041
5.214,0.0020
5.219,0.0040
5.224,0.0020
5.229,0.0039
5.234,0.0019
5.239,0.0038
5.244,0.0019
5.249,0.0037
5.254,0.0018
5.259,0.0036
5.264,0.0018
5.269,0.0035
5.274,0.0018
5.279,0.0034
5.284,0.0018
5.289,0.0034
5.294,0.0018
5.299,0.0033
5.304,0.0018
5.309,0.0033
5.314,0.0018
5.320,0.0032
5.324,0.0019
5.329,0.0032
5.334,0.0019
5.340,0.0032
5.344,0.0019
5.349,0.0032
5.354,0.0019
5.359,0.0032
5.364,0.0020
5.369,0.0033
5.374,0.0020
5.379,0.0033
5.384,0.0020
5.389,0.0034
5.394,0.0021
5.400,0.0034
5.404,0.0021
5.409,0.0035
5.414,0.0022
5.419,0.0036
5.424,0.0022
5.429,0.0037
5.434,0.0023
5.439,0.0038
5.445,0.0023
5.449,0.0039
5.454,0.0024
5.460,0.0040
5.465,0.0024
5.469,0.0042
5.474,0.0025
5.480,0.0043
5.484,0.0025
5.489,0.0045
5.495,0.0025
5.500,0.0046
5.504,0.0026
5.509,0.0048
5.514,0.0026
5.519,0.0050
5.524,0.0027
5.529,0.0051
5.534,0.0027
5.539,0.0053
5.544,0.0028
5.549,0.0054
5.554,0.0028
5.559,0.0056
5.564,0.0028
5.569,0.0058
5.574,0.0028
5.579,0.0059
5.584,0.0029
5.589,0.0061
5.594,0.0029
5.599,0.0063
5.604,0.0029
5.609,0.0065
5.615,0.0030
5.619,0.0066
5.624,0.0030
5.629,0.0068
5.635,0.0029
5.639,0.0070
5.644,0.0030
5.649,0.0071
5.654,0.0030
5.659,0.0073
5.664,0.0031
5.669,0.0075
5.674,0.0031
5.679,0.0077
5.684,0.0031
5.689,0.0078
5.694,0.0030
5.699,0.0080
5.704,0.0031
5.709,0.0082
5.714,0.0031
5.719,0.0083
5.724,0.0031
5.729,0.0085
5.734,0.0030
5.739,0.0086
5.744,0.0031
5.749,0.0088
5.754,0.0031
5.759,0.0090
5.764,0.0031
5.769,0.0091
5.774,0.0031
5.779,0.0093
5.784,0.0031
5.789,0.0094
5.794,0.0030
5.799,0.0096
5.804,0.0031
5.809,0.0098
5.814,0.0030
5.819,0.0099
5.824,0.0030
5.829,0.0100
5.834,0.0030
5.839,0.0102
5.844,0.0030
5.849,0.0103
5.854,0.0029
5.859,0.0104
5.864,0.0029
5.869,0.0106
5.874,0.0028
5.879,0.0107
5.884,0.0029
5.889,0.0108
5.894,0.0028
5.899,0.0110
5.904,0.0027
5.909,0.0111
5.914,0.0028
5.919,0.0112
5.924,0.0027
5.929,0.0114
5.934,0.0027
5.939,0.0115
5.944,0.0027
5.949,0.0116
5.954,0.0026
5.959,0.0117
5.964,0.0025
5.969,0.0118
5.974,0.0025
5.979,0.0120
5.984,0.0026
5.989,0.0121
5.994,0.0025
5.999,0.0122
6.004,0.0024
6.009,0.0123
6.014,0.0024
6.019,0.0124
6.024,0.0023
6.029,0.0124
6.034,0.0022
6.039,0.0126
6.044,0.0022
6.049,0.0127
6.054,0.0022
6.059,0.0128
6.065,0.0021
6.069,0.0128
6.074,0.0021
6.079,0.0129
6.084,0.0020
6.089,0.0129
6.094,0.0020
6.099,0.0131
6.104,0.0019
6.109,0.0132
6.114,0.0019
6.119,0.0132
6.124,0.0018
6.129,0.0133
6.134,0.0018
6.139,0.0132
6.144,0.0017
6.149,0.0135
6.154,0.0017
6.159,0.0135
6.164,0.0016
6.170,0.0136
6.174,0.0016
6.179,0.0135
6.184,0.0015
6.189,0.0138
6.194,0.0015
6.199,0.0138
6.204,0.0015
6.209,0.0138
6.214,0.0014
6.219,0.0139
6.224,0.0014
6.229,0.0140
6.234,0.0014
6.239,0.0140
6.244,0.0014
6.250,0.0138
6.254,0.0013
6.259,0.0141
6.264,0.0013
6.269,0.0142
6.274,0.0013
6.279,0.0142
6.284,0.0013
6.289,0.0142
6.294,0.0013
6.299,0.0142
6.304,0.0013
6.309,0.0144
6.314,0.0013
6.319,0.0143
6.324,0.0013
6.329,0.0143
6.334,0.0014
6.339,0.0144
6.344,0.0014
6.349,0.0144
6.354,0.0014
6.359,0.0144
6.364,0.0014
6.369,0.0145
6.374,0.0015
6.379,0.0145
6.384,0.0015
6.389,0.0145
6.394,0.0016
6.400,0.0146
6.404,0.0017
6.409,0.0146
6.414,0.0016
6.419,0.0146
6.424,0.0017
6.429,0.0146
6.434,0.0018
6.439,0.0147
6.444,0.0018
6.449,0.0147
6.454,0.0019
6.460,0.0146
6.465,0.0020
6.469,0.0148
6.474,0.0019
6.479,0.0147
6.484,0.0021
6.489,0.0148
6.494,0.0021
6.499,0.0147
6.504,0.0022
6.509,0.0147
6.514,0.0022
6.519,0.0147
6.524,0.0023
6.529,0.0147
6.534,0.0024
6.539,0.0147
6.544,0.0026
6.549,0.0148
6.554,0.0025
6.559,0.0147
6.564,0.0026
6.569,0.0148
6.574,0.0027
6.579,0.0147
6.584,0.0027
6.589,0.0148
6.594,0.0029
6.599,0.0147
6.604,0.0029
6.609,0.0147
6.614,0.0030
6.619,0.0147
6.624,0.0030
6.629,0.0147
6.634,0.0032
6.639,0.0147
6.644,0.0032
6.649,0.0146
6.654,0.0032
6.659,0.0147
6.664,0.0035
6.670,0.0145
6.674,0.0034
6.679,0.0146
6.684,0.0035
6.689,0.0147
6.694,0.0035
6.699,0.0146
6.704,0.0037
6.710,0.0145
6.714,0.0037
6.719,0.0147
6.724,0.0037
6.730,0.0144
6.734,0.0040
6.740,0.0144
6.745,0.0041
6.749,0.0145
6.754,0.0041
6.759,0.0145
6.764,0.0041
6.769,0.0143
6.774,0.0043
6.779,0.0144
6.784,0.0042
6.789,0.0143
6.794,0.0044
6.799,0.0143
6.804,0.0045
6.809,0.0143
6.815,0.0045
6.819,0.0143
6.824,0.0045
6.830,0.0142
6.835,0.0048
6.840,0.0141
6.844,0.0048
6.849,0.0142
6.854,0.0048
6.859,0.0141
6.864,0.0050
6.870,0.0141
6.874,0.0049
6.879,0.0142
6.884,0.0050
6.889,0.0140
6.895,0.0052
6.899,0.0140
6.904,0.0052
6.909,0.0140
6.914,0.0052
6.919,0.0140
6.924,0.0053
6.929,0.0140
6.934,0.0054
6.939,0.0139
6.944,0.0056
6.950,0.0136
6.954,0.0055
6.959,0.0137
6.964,0.0056
6.969,0.0138
6.974,0.0056
6.979,0.0138
6.984,0.0057
6.989,0.0136
6.994,0.0058
6.999,0.0137
7.004,0.0058
7.009,0.0136
7.014,0.0059
7.019,0.0135
7.024,0.0060
7.029,0.0135
7.034,0.0060
7.039,0.0134
7.044,0.0061
7.049,0.0134
7.054,0.0063
7.059,0.0133
7.065,0.0064
7.069,0.0133
7.074,0.0063
7.079,0.0133
7.084,0.0065
7.089,0.0134
7.094,0.0063
7.099,0.0133
7.104,0.0065
7.109,0.0133
7.114,0.0065
7.120,0.0132
7.124,0.0066
7.129,0.0131
7.134,0.0067
7.139,0.0130
7.144,0.0068
7.149,0.0130
7.154,0.0068
7.160,0.0130
7.164,0.0068
7.169,0.0129
7.174,0.0069
7.179,0.0129
7.184,0.0070
7.189,0.0128
7.194,0.0071
7.199,0.0128
7.204,0.0071
7.209,0.0127
7.214,0.0072
7.219,0.0127
7.224,0.0072
7.229,0.0127
7.234,0.0072
7.239,0.0126
7.244,0.0073
7.249,0.0125
7.254,0.0074
7.259,0.0125
7.264,0.0074
7.269,0.0126
7.274,0.0074
7.279,0.0125
7.284,0.0075
7.289,0.0125
7.294,0.0076
7.299,0.0124
7.304,0.0077
7.309,0.0124
7.315,0.0078
7.319,0.0123
7.324,0.0077
7.329,0.0123
7.334,0.0077
7.339,0.0124
7.344,0.0076
7.349,0.0122
7.354,0.0078
7.359,0.0121
7.364,0.0078
7.369,0.0122
7.374,0.0079
7.379,0.0120
7.384,0.0080
7.389,0.0118
7.394,0.0080
7.399,0.0120
7.404,0.0080
7.409,0.0119
7.415,0.0083
7.419,0.0118
7.424,0.0083
7.429,0.0118
7.434,0.0083
7.439,0.0117
7.444,0.0083
7.449,0.0117
7.454,0.0084
7.460,0.0115
7.464,0.0086
7.469,0.0116
7.474,0.0084
7.479,0.0115
7.484,0.0085
7.489,0.0114
7.494,0.0087
7.499,0.0112
7.504,0.0088
7.509,0.0112
7.514,0.0087
7.519,0.0111
7.524,0.0089
7.529,0.0109
7.535,0.0091
7.539,0.0109
7.544,0.0089
7.549,0.0108
7.554,0.0091
7.559,0.0107
7.564,0.0093
7.569,0.0106
7.574,0.0092
7.579,0.0105
7.584,0.0092
7.589,0.0103
7.594,0.0093
7.599,0.0102
7.604,0.0094
7.609,0.0102
7.614,0.0095
7.619,0.0100
7.624,0.0094
7.629,0.0101
7.634,0.0094
7.639,0.0100
7.644,0.0095
7.649,0.0098
7.654,0.0095
7.659,0.0097
7.664,0.0097
7.669,0.0095
7.674,0.0097
7.679,0.0095
7.684,0.0098
7.689,0.0093
7.694,0.0097
7.699,0.0092
7.704,0.0098
7.709,0.0090
7.714,0.0099
7.719,0.0089
7.724,0.0099
7.729,0.0088
7.734,0.0100
7.739,0.0086
7.744,0.0100
7.749,0.0086
7.754,0.0100
7.759,0.0085
7.764,0.0101
7.769,0.0083
7.774,0.0102
7.779,0.0081
7.784,0.0102
7.789,0.0080
7.794,0.0103
7.799,0.0078
7.804,0.0103
7.809,0.0077
7.814,0.0103
7.819,0.0076
7.824,0.0104
7.829,0.0074
7.834,0.0104
7.839,0.0073
7.844,0.0105
7.849,0.0071
7.854,0.0105
7.859,0.0071
7.864,0.0105
7.869,0.0069
7.874,0.0106
7.879,0.0068
7.884,0.0106
7.889,0.0065
7.894,0.0106
7.899,0.0065
7.904,0.0107
7.909,0.0063
7.914,0.0107
7.919,0.0062
7.924,0.0107
7.929,0.0060
7.934,0.0108
7.939,0.0058
7.944,0.0107
7.949,0.0056
7.954,0.0108
7.959,0.0056
7.964,0.0106
7.969,0.0054
7.974,0.0108
7.979,0.0054
7.985,0.0109
7.989,0.0052
7.994,0.0108
7.999,0.0051
8.004,0.0109
8.009,0.0048
8.014,0.0111
8.019,0.0047
8.024,0.0110
8.029,0.0046
8.034,0.0109
8.039,0.0046
8.044,0.0110
8.049,0.0043
8.054,0.0111
8.059,0.0041
8.064,0.0111
8.070,0.0040
8.074,0.0111
8.080,0.0039
8.084,0.0111
8.089,0.0038
8.094,0.0111
8.099,0.0037
8.104,0.0111
8.109,0.0036
8.114,0.0111
8.120,0.0035
8.124,0.0111
8.129,0.0035
8.135,0.0112
8.139,0.0034
8.144,0.0111
8.149,0.0033
8.155,0.0112
8.159,0.0033
8.164,0.0111
8.169,0.0032
8.174,0.0111
8.179,0.0032
8.184,0.0112
8.189,0.0031
8.194,0.0112
8.199,0.0032
8.204,0.0111
8.209,0.0031
8.214,0.0113
8.219,0.0032
8.224,0.0112
8.229,0.0032
8.234,0.0112
8.239,0.0033
8.244,0.0112
8.249,0.0033
8.254,0.0112
8.259,0.0034
8.264,0.0112
8.269,0.0035
8.274,0.0112
8.279,0.0035
8.284,0.0112
8.289,0.0036
8.294,0.0111
8.299,0.0037
8.304,0.0112
8.309,0.0038
8.314,0.0111
8.319,0.0040
8.324,0.0111
8.329,0.0041
8.335,0.0114
8.339,0.0042
8.344,0.0112
8.349,0.0043
8.354,0.0111
8.359,0.0045
8.364,0.0111
8.369,0.0046
8.374,0.0111
8.379,0.0048
8.384,0.0111
8.389,0.0049
8.394,0.0110
8.399,0.0050
8.404,0.0110
8.409,0.0052
8.414,0.0110
8.419,0.0054
8.424,0.0110
8.429,0.0055
8.434,0.0109
8.439,0.0057
8.444,0.0109
8.449,0.0058
8.454,0.0110
8.459,0.0060
8.464,0.0109
8.469,0.0062
8.474,0.0108
8.479,0.0063
8.484,0.0108
8.489,0.0065
8.494,0.0108
8.499,0.0066
8.504,0.0108
8.509,0.0068
8.514,0.0108
8.519,0.0070
8.524,0.0107
8.529,0.0071
8.534,0.0107
8.539,0.0073
8.544,0.0106
8.549,0.0074
8.554,0.0106
8.559,0.0076
8.564,0.0105
8.569,0.0078
8.574,0.0105
8.579,0.0079
8.584,0.0105
8.589,0.0081
8.594,0.0104
8.599,0.0083
8.604,0.0104
8.609,0.0084
8.614,0.0103
8.619,0.0086
8.624,0.0103
8.629,0.0087
8.634,0.0102
8.639,0.0089
8.644,0.0102
8.649,0.0091
8.654,0.0101
8.659,0.0092
8.664,0.0101
8.669,0.0094
8.674,0.0100
8.679,0.0095
8.684,0.0099
8.690,0.0097
8.694,0.0099
8.699,0.0098
8.704,0.0098
8.709,0.0100
8.714,0.0097
8.719,0.0101
8.724,0.0097
8.729,0.0103
8.734,0.0096
8.739,0.0104
8.744,0.0095
8.749,0.0106
8.754,0.0095
8.759,0.0107
8.764,0.0094
8.769,0.0109
8.774,0.0093
8.779,0.0110
8.784,0.0092
8.789,0.0111
8.794,0.0092
8.799,0.0113
8.804,0.0091
8.809,0.0114
8.815,0.0090
8.819,0.0115
8.824,0.0089
8.829,0.0116
8.834,0.0088
8.839,0.0118
8.844,0.0087
8.849,0.0119
8.854,0.0087
8.859,0.0120
8.864,0.0086
8.869,0.0121
8.874,0.0085
8.879,0.0122
8.885,0.0084
8.890,0.0123
8.894,0.0083
8.899,0.0125
8.904,0.0082
8.909,0.0126
8.914,0.0081
8.919,0.0127
8.924,0.0080
8.929,0.0128
8.934,0.0079
8.939,0.0129
8.944,0.0078
8.949,0.0130
8.954,0.0077
8.959,0.0131
8.964,0.0076
8.969,0.0132
8.974,0.0075
8.979,0.0132
8.984,0.0074
8.989,0.0134
8.994,0.0073
8.999,0.0134
9.004,0.0072
9.009,0.0135
9.014,0.0071
9.020,0.0136
9.024,0.0070
9.029,0.0137
9.034,0.0069
9.039,0.0138
9.044,0.0068
9.049,0.0139
9.054,0.0067
9.059,0.0139
9.065,0.0065
9.069,0.0140
9.074,0.0064
9.079,0.0141
9.085,0.0064
9.089,0.0142
9.094,0.0062
9.099,0.0142
9.104,0.0061
9.109,0.0143
9.114,0.0060
9.119,0.0143
9.124,0.0058
9.129,0.0144
9.134,0.0057
9.139,0.0144
9.144,0.0056
9.149,0.0145
9.154,0.0055
9.159,0.0146
9.164,0.0054
9.169,0.0146
9.174,0.0053
9.179,0.0147
9.184,0.0052
9.189,0.0147
9.194,0.0051
9.199,0.0147
9.204,0.0049
9.209,0.0148
9.214,0.0048
9.219,0.0148
9.224,0.0047
9.229,0.0149
9.234,0.0046
9.239,0.0149
9.244,0.0045
9.249,0.0150
9.254,0.0044
9.259,0.0150
9.264,0.0043
9.269,0.0148
9.275,0.0040
9.279,0.0151
9.284,0.0041
9.289,0.0151
9.294,0.0039
9.299,0.0151
9.304,0.0038
9.309,0.0151
9.314,0.0036
9.319,0.0152
9.324,0.0036
9.329,0.0151
9.334,0.0034
9.339,0.0152
9.344,0.0034
9.349,0.0151
9.355,0.0031
9.359,0.0152
9.365,0.0029
9.369,0.0152
9.374,0.0030
9.379,0.0153
9.385,0.0028
9.389,0.0153
9.394,0.0028
9.399,0.0152
9.404,0.0026
9.409,0.0152
9.415,0.0024
9.419,0.0153
9.424,0.0024
9.429,0.0152
9.434,0.0023
9.439,0.0153
9.444,0.0021
9.449,0.0152
9.454,0.0020
9.459,0.0152
9.464,0.0019
9.469,0.0153
9.474,0.0018
9.479,0.0153
9.484,0.0017
9.489,0.0152
9.494,0.0016
9.499,0.0152
9.504,0.0014
9.509,0.0152
9.514,0.0013
9.519,0.0152
9.524,0.0012
9.529,0.0152
9.534,0.0011
9.539,0.0152
9.544,0.0010
9.549,0.0151
9.554,0.0009
9.559,0.0152
9.564,0.0008
9.569,0.0151
9.574,0.0007
9.579,0.0151
9.584,0.0006
9.590,0.0151
9.594,0.0005
9.599,0.0151
9.604,0.0005
9.609,0.0151
9.614,0.0005
9.619,0.0150
9.624,0.0004
9.629,0.0151
9.634,0.0005
9.639,0.0149
9.644,0.0005
9.649,0.0151
9.654,0.0005
9.659,0.0150
9.664,0.0007
9.669,0.0149
9.674,0.0007
9.679,0.0149
9.684,0.0009
9.689,0.0150
9.694,0.0008
9.699,0.0151
9.704,0.0009
9.709,0.0149
9.714,0.0011
9.719,0.0149
9.724,0.0011
9.729,0.0148
9.734,0.0012
9.739,0.0148
9.744,0.0014
9.749,0.0148
9.754,0.0014
9.759,0.0148
9.764,0.0015
9.769,0.0148
9.774,0.0016
9.779,0.0147
9.784,0.0018
9.789,0.0146
9.794,0.0019
9.799,0.0146
9.804,0.0020
9.809,0.0145
9.814,0.0021
9.819,0.0146
9.824,0.0021
9.829,0.0146
9.834,0.0022
9.839,0.0145
9.844,0.0023
9.849,0.0145
9.854,0.0024
9.859,0.0145
9.864,0.0024
9.870,0.0144
9.874,0.0026
9.879,0.0144
9.884,0.0026
9.889,0.0144
9.894,0.0029
9.899,0.0143
9.904,0.0028
9.909,0.0143
9.914,0.0030
9.919,0.0143
9.924,0.0030
9.929,0.0142
9.934,0.0032
9.940,0.0141
9.944,0.0034
9.949,0.0141
9.954,0.0034
9.959,0.0141
9.964,0.0034
9.970,0.0141
9.974,0.0035
9.979,0.0141
9.984,0.0036
9.990,0.0139
9.994,0.0037
9.999,0.0140
10.004,0.0038
10.009,0.0140
10.014,0.0038
10.019,0.0140
10.024,0.0039
10.029,0.0138
10.034,0.0041
10.039,0.0139
10.044,0.0041
10.049,0.0139
10.054,0.0042
10.059,0.0138
10.064,0.0043
10.069,0.0138
10.074,0.0043
10.079,0.0137
10.084,0.0045
10.089,0.0137
10.094,0.0044
10.100,0.0136
10.104,0.0046
10.109,0.0137
10.114,0.0046
10.119,0.0137
10.124,0.0047
10.129,0.0137
10.134,0.0048
10.139,0.0137
10.144,0.0048
10.149,0.0136
10.155,0.0051
10.159,0.0134
10.164,0.0049
10.169,0.0136
10.174,0.0050
10.179,0.0135
10.184,0.0051
10.189,0.0134
10.194,0.0052
10.199,0.0134
10.204,0.0053
10.209,0.0134
10.214,0.0054
10.219,0.0135
10.224,0.0053
10.229,0.0134
10.234,0.0055
10.239,0.0133
10.244,0.0056
10.249,0.0133
10.254,0.0056
10.259,0.0133
10.264,0.0057
10.269,0.0132
10.274,0.0057
10.279,0.0133
10.284,0.0058
10.289,0.0131
10.294,0.0060
10.299,0.0132
10.304,0.0059
10.309,0.0131
10.314,0.0058
10.319,0.0132
10.324,0.0059
10.329,0.0132
10.334,0.0061
10.339,0.0131
10.344,0.0062
10.349,0.0130
10.354,0.0062
10.359,0.0130
10.364,0.0062
10.369,0.0130
10.374,0.0063
10.379,0.0130
10.384,0.0063
10.389,0.0129
10.394,0.0065
10.399,0.0129
10.404,0.0064
10.409,0.0128
10.414,0.0065
10.419,0.0129
10.424,0.0065
10.429,0.0128
10.434,0.0068
10.439,0.0127
10.444,0.0067
10.449,0.0127
10.454,0.0069
10.459,0.0126
10.464,0.0067
10.470,0.0127
10.474,0.0068
10.479,0.0127
10.484,0.0069
10.489,0.0126
10.494,0.0069
10.499,0.0127
10.504,0.0069
10.510,0.0126
10.514,0.0071
10.520,0.0125
10.525,0.0071
10.529,0.0126
10.534,0.0070
10.539,0.0126
10.544,0.0071
10.549,0.0124
10.554,0.0072
10.559,0.0125
10.564,0.0072
10.569,0.0125
10.574,0.0073
10.579,0.0123
10.584,0.0074
10.590,0.0123
10.594,0.0075
10.599,0.0122
10.604,0.0075
10.609,0.0123
10.614,0.0075
10.619,0.0123
10.624,0.0076
10.629,0.0122
10.634,0.0077
10.639,0.0122
10.644,0.0076
10.649,0.0122
10.654,0.0076
10.659,0.0122
10.664,0.0077
10.670,0.0122
10.674,0.0078
10.679,0.0120
10.684,0.0079
10.689,0.0120
10.694,0.0079
10.699,0.0118
10.704,0.0079
10.709,0.0120
10.714,0.0079
10.719,0.0119
10.724,0.0080
10.729,0.0119
10.734,0.0080
10.739,0.0119
10.744,0.0082
10.749,0.0119
10.754,0.0080
10.759,0.0118
10.764,0.0081
10.769,0.0119
10.774,0.0082
10.780,0.0116
10.784,0.0081
10.789,0.0117
10.794,0.0082
10.799,0.0117
10.804,0.0083
10.809,0.0116
10.814,0.0084
10.819,0.0116
10.824,0.0084
10.829,0.0116
10.834,0.0084
10.839,0.0115
10.844,0.0085
10.849,0.0115
10.854,0.0085
10.859,0.0114
10.864,0.0085
10.869,0.0116
10.874,0.0084
10.879,0.0114
10.884,0.0085
10.889,0.0114
10.894,0.0086
10.899,0.0114
10.904,0.0086
10.909,0.0114
10.914,0.0086
10.919,0.0114
10.924,0.0086
10.929,0.0113
10.934,0.0087
10.939,0.0113
10.944,0.0087
10.949,0.0112
10.955,0.0088
10.959,0.0111
10.964,0.0088
10.969,0.0113
10.974,0.0087
10.979,0.0112
10.984,0.0087
10.989,0.0112
10.994,0.0089
10.999,0.0111
11.004,0.0089
11.009,0.0112
11.014,0.0089
11.019,0.0111
11.024,0.0089
11.029,0.0111
11.034,0.0089
11.039,0.0111
11.044,0.0089
11.049,0.0111
11.054,0.0089
11.059,0.0110
11.064,0.0090
11.069,0.0110
11.074,0.0090
11.079,0.0110
11.084,0.0090
11.090,0.0110
11.094,0.0091
11.099,0.0109
11.104,0.0092
11.109,0.0109
11.114,0.0091
11.119,0.0109
11.124,0.0091
11.129,0.0109
11.134,0.0091
11.139,0.0109
11.144,0.0091
11.149,0.0109
11.154,0.0092
11.159,0.0108
11.164,0.0092
11.169,0.0108
11.174,0.0092
11.179,0.0108
11.184,0.0092
11.189,0.0108
11.194,0.0092
11.199,0.0108
11.204,0.0092
11.209,0.0107
11.215,0.0093
11.219,0.0106
11.224,0.0093
11.229,0.0107
11.234,0.0092
11.239,0.0108
11.244,0.0092
11.249,0.0108
11.254,0.0092
11.260,0.0107
11.264,0.0093
11.269,0.0105
11.274,0.0093
11.279,0.0106
11.284,0.0093
11.289,0.0106
11.294,0.0094
11.299,0.0105
11.304,0.0094
11.309,0.0106
11.314,0.0094
11.320,0.0103
11.324,0.0095
11.329,0.0106
11.334,0.0094
11.339,0.0105
11.345,0.0095
11.349,0.0104
11.354,0.0095
11.359,0.0105
11.364,0.0095
11.369,0.0105
11.374,0.0095
11.380,0.0105
11.384,0.0095
11.389,0.0104
11.394,0.0095
11.400,0.0104
11.404,0.0096
11.409,0.0104
11.414,0.0096
11.419,0.0105
11.424,0.0095
11.429,0.0104
11.434,0.0095
11.439,0.0104
11.444,0.0095
11.449,0.0104
11.455,0.0098
11.459,0.0105
11.464,0.0096
11.470,0.0104
11.474,0.0095
11.479,0.0105
11.484,0.0095
11.489,0.0105
11.494,0.0096
11.499,0.0104
11.504,0.0096
11.509,0.0104
11.514,0.0096
11.519,0.0105
11.524,0.0096
11.529,0.0105
11.534,0.0096
11.539,0.0104
11.544,0.0096
11.549,0.0105
11.554,0.0096
11.559,0.0104
11.564,0.0096
11.569,0.0104
11.574,0.0096
11.579,0.0105
11.584,0.0096
11.589,0.0105
11.594,0.0096
11.599,0.0105
11.604,0.0096
11.609,0.0104
11.614,0.0097
11.620,0.0105
11.624,0.0097
11.629,0.0105
11.634,0.0097
11.640,0.0104
11.644,0.0098
11.649,0.0106
11.655,0.0097
11.659,0.0106
11.664,0.0094
11.669,0.0107
11.674,0.0096
11.679,0.0106
11.684,0.0097
11.689,0.0106
11.694,0.0097
11.699,0.0106
11.704,0.0097
11.709,0.0106
11.715,0.0098
11.719,0.0106
11.724,0.0097
11.730,0.0105
11.734,0.0097
11.739,0.0106
11.744,0.0097
11.749,0.0107
11.754,0.0096
11.760,0.0105
11.764,0.0098
11.769,0.0105
11.774,0.0098
11.779,0.0107
11.784,0.0097
11.789,0.0105
11.794,0.0097
11.799,0.0105
11.804,0.0098
11.809,0.0107
11.814,0.0097
11.819,0.0106
11.824,0.0097
11.829,0.0106
11.834,0.0098
11.839,0.0107
11.844,0.0097
11.849,0.0106
11.854,0.0098
11.859,0.0107
11.864,0.0099
11.869,0.0107
11.874,0.0099
11.879,0.0105
11.884,0.0098
11.889,0.0108
11.894,0.0097
11.899,0.0107
11.904,0.0097
11.909,0.0107
11.914,0.0100
11.919,0.0107
11.924,0.0098
11.929,0.0105
11.934,0.0097
11.940,0.0107
11.944,0.0098
11.949,0.0106
11.954,0.0098
11.960,0.0105
11.964,0.0099
11.970,0.0105
11.974,0.0099
11.979,0.0107
11.984,0.0098
11.989,0.0104
11.994,0.0101
11.999,0.0105
12.004,0.0099
12.009,0.0105
12.014,0.0100
12.019,0.0103
12.024,0.0100
12.029,0.0106
12.034,0.0100
12.039,0.0105
12.044,0.0100
12.049,0.0104
12.054,0.0101
12.059,0.0104
12.064,0.0100
12.069,0.0103
12.074,0.0100
12.079,0.0104
12.084,0.0101
12.089,0.0103
12.094,0.0101
12.100,0.0103
12.104,0.0101
12.109,0.0102
12.114,0.0102
12.119,0.0101
12.124,0.0102
12.129,0.0101
12.134,0.0103
12.139,0.0101
12.144,0.0102
12.150,0.0101
12.154,0.0102
12.159,0.0101
12.164,0.0101
12.169,0.0100
12.175,0.0102
12.179,0.0099
12.185,0.0103
12.189,0.0098
12.194,0.0103
12.199,0.0097
12.204,0.0104
12.209,0.0097
12.214,0.0104
12.220,0.0095
12.224,0.0104
12.229,0.0095
12.234,0.0104
12.239,0.0094
12.244,0.0105
12.249,0.0095
12.254,0.0103
12.259,0.0095
12.264,0.0103
12.269,0.0093
12.274,0.0104
12.279,0.0092
12.284,0.0105
12.289,0.0091
12.294,0.0105
12.299,0.0091
12.304,0.0106
12.309,0.0089
12.314,0.0105
12.319,0.0088
12.324,0.0107
12.329,0.0088
12.334,0.0107
12.339,0.0086
12.344,0.0106
12.349,0.0086
12.354,0.0107
12.359,0.0085
12.364,0.0107
12.370,0.0083
12.374,0.0108
12.379,0.0083
12.384,0.0108
12.390,0.0081
12.394,0.0108
12.399,0.0081
12.404,0.0109
12.409,0.0079
12.414,0.0108
12.419,0.0079
12.424,0.0110
12.429,0.0078
12.434,0.0109
12.439,0.0076
12.444,0.0109
12.449,0.0076
12.454,0.0108
12.459,0.0074
12.464,0.0108
12.470,0.0072
12.474,0.0110
12.479,0.0072
12.484,0.0111
12.489,0.0071
12.494,0.0110
12.499,0.0069
12.504,0.0110
12.509,0.0069
12.514,0.0110
12.519,0.0066
12.524,0.0112
12.529,0.0065
12.535,0.0112
12.539,0.0063
12.544,0.0111
12.550,0.0063
12.554,0.0111
12.559,0.0061
12.564,0.0112
12.569,0.0060
12.574,0.0112
12.579,0.0059
12.584,0.0112
12.589,0.0057
12.594,0.0113
12.599,0.0055
12.604,0.0113
12.609,0.0054
12.614,0.0113
12.619,0.0052
12.624,0.0114
12.629,0.0051
12.634,0.0114
12.639,0.0049
12.644,0.0114
12.650,0.0048
12.654,0.0115
12.660,0.0047
12.664,0.0113
12.669,0.0045
12.674,0.0114
12.680,0.0044
12.684,0.0114
12.690,0.0042
12.694,0.0114
12.700,0.0041
12.704,0.0114
12.709,0.0041
12.715,0.0114
12.719,0.0040
12.724,0.0114
12.730,0.0038
12.734,0.0114
12.740,0.0037
12.744,0.0114
12.750,0.0037
12.754,0.0113
12.760,0.0036
12.764,0.0112
12.769,0.0036
12.774,0.0112
12.779,0.0034
12.784,0.0112
12.789,0.0034
12.794,0.0112
12.799,0.0034
12.804,0.0111
12.809,0.0034
12.814,0.0111
12.820,0.0033
12.824,0.0111
12.829,0.0034
12.834,0.0110
12.839,0.0033
12.844,0.0110
12.849,0.0033
12.855,0.0109
12.859,0.0033
12.864,0.0109
12.870,0.0033
12.874,0.0109
12.879,0.0033
12.884,0.0108
12.890,0.0033
12.894,0.0108
12.899,0.0034
12.904,0.0107
12.909,0.0034
12.914,0.0106
12.920,0.0034
12.924,0.0107
12.929,0.0035
12.934,0.0105
12.939,0.0035
12.944,0.0104
12.949,0.0036
12.954,0.0103
12.960,0.0037
12.964,0.0103
12.970,0.0037
12.974,0.0103
12.980,0.0037
12.984,0.0102
12.990,0.0038
12.994,0.0101
12.999,0.0039
13.004,0.0100
13.009,0.0040
13.014,0.0099
13.019,0.0041
13.024,0.0099
13.029,0.0042
13.034,0.0098
13.040,0.0042
13.044,0.0097
13.049,0.0044
13.054,0.0096
13.059,0.0045
13.065,0.0096
13.069,0.0046
13.074,0.0095
13.080,0.0047
13.084,0.0093
13.090,0.0047
13.094,0.0093
13.100,0.0049
13.104,0.0091
13.109,0.0050
13.114,0.0091
13.119,0.0050
13.124,0.0090
13.129,0.0052
13.134,0.0089
13.140,0.0053
13.144,0.0088
13.150,0.0054
13.154,0.0087
13.159,0.0055
13.164,0.0086
13.170,0.0056
13.174,0.0086
13.180,0.0058
13.184,0.0084
13.190,0.0059
13.194,0.0083
13.199,0.0060
13.205,0.0083
13.209,0.0062
13.214,0.0081
13.219,0.0063
13.224,0.0080
13.230,0.0064
13.234,0.0079
13.239,0.0066
13.244,0.0078
13.249,0.0067
13.254,0.0078
13.260,0.0068
13.264,0.0077
13.269,0.0069
13.274,0.0076
13.279,0.0071
13.284,0.0075
13.290,0.0072
13.294,0.0074
13.300,0.0072
13.304,0.0074
13.309,0.0074
13.314,0.0072
13.319,0.0076
13.324,0.0071
13.329,0.0077
13.334,0.0070
13.339,0.0078
13.344,0.0069
13.349,0.0079
13.354,0.0068
13.359,0.0081
13.364,0.0067
13.369,0.0083
13.374,0.0066
13.379,0.0084
13.384,0.0066
13.389,0.0086
13.395,0.0065
13.399,0.0086
13.404,0.0064
13.409,0.0088
13.414,0.0063
13.419,0.0089
13.424,0.0062
13.429,0.0090
13.434,0.0061
13.439,0.0092
13.444,0.0060
13.449,0.0093
13.454,0.0060
13.459,0.0094
13.464,0.0058
13.469,0.0095
13.474,0.0058
13.479,0.0097
13.484,0.0057
13.489,0.0098
13.494,0.0056
13.500,0.0099
13.504,0.0055
13.509,0.0100
13.514,0.0055
13.519,0.0102
13.524,0.0054
13.529,0.0103
13.534,0.0053
13.539,0.0103
13.544,0.0053
13.549,0.0105
13.554,0.0053
13.559,0.0106
13.564,0.0051
13.569,0.0107
13.574,0.0050
13.579,0.0109
13.584,0.0050
13.589,0.0110
13.594,0.0049
13.599,0.0111
13.604,0.0049
13.609,0.0112
13.614,0.0048
13.619,0.0112
13.624,0.0048
13.629,0.0114
13.634,0.0048
13.639,0.0115
13.644,0.0047
13.649,0.0116
13.654,0.0046
13.659,0.0117
13.664,0.0046
13.669,0.0119
13.674,0.0046
13.679,0.0120
13.684,0.0046
13.689,0.0120
13.694,0.0045
13.699,0.0122
13.704,0.0044
13.709,0.0123
13.714,0.0044
13.719,0.0123
13.724,0.0044
13.729,0.0124
13.735,0.0043
13.740,0.0125
13.744,0.0045
13.749,0.0126
13.754,0.0045
13.759,0.0126
13.764,0.0044
13.769,0.0128
13.774,0.0044
13.780,0.0128
13.784,0.0044
13.789,0.0129
13.794,0.0044
13.799,0.0130
13.804,0.0044
13.809,0.0131
13.814,0.0044
13.819,0.0132
13.824,0.0044
13.829,0.0131
13.834,0.0044
13.839,0.0133
13.844,0.0044
13.849,0.0133
13.854,0.0044
13.859,0.0135
13.864,0.0045
13.869,0.0134
13.874,0.0046
13.879,0.0135
13.885,0.0046
13.889,0.0136
13.894,0.0044
13.899,0.0137
13.904,0.0045
13.909,0.0137
13.914,0.0045
13.919,0.0138
13.924,0.0045
13.929,0.0139
13.934,0.0045
13.939,0.0139
13.944,0.0048
13.949,0.0138
13.954,0.0048
13.959,0.0138
13.964,0.0049
13.969,0.0139
13.974,0.0049
13.979,0.0139
13.985,0.0049
13.989,0.0140
13.994,0.0049
13.999,0.0139
14.004,0.0051
14.009,0.0139
14.014,0.0051
14.019,0.0140
14.024,0.0051
14.029,0.0140
14.034,0.0053
14.040,0.0140
14.044,0.0053
14.049,0.0139
14.054,0.0054
14.059,0.0140
14.065,0.0055
14.069,0.0140
14.074,0.0056
14.079,0.0139
14.084,0.0056
14.089,0.0139
14.094,0.0057
14.099,0.0139
14.104,0.0058
14.109,0.0140
14.114,0.0057
14.119,0.0138
14.124,0.0060
14.129,0.0138
14.134,0.0060
14.139,0.0137
14.144,0.0061
14.149,0.0137
14.154,0.0060
14.159,0.0138
14.164,0.0062
14.169,0.0137
14.174,0.0064
14.179,0.0136
14.184,0.0063
14.190,0.0137
14.195,0.0064
14.199,0.0136
14.204,0.0065
14.209,0.0135
14.214,0.0065
14.219,0.0135
14.224,0.0066
14.229,0.0134
14.234,0.0067
14.239,0.0134
14.244,0.0067
14.249,0.0135
14.254,0.0068
14.259,0.0132
14.264,0.0069
14.269,0.0133
14.274,0.0070
14.279,0.0133
14.284,0.0070
14.289,0.0132
14.294,0.0071
14.299,0.0130
14.304,0.0073
14.309,0.0131
14.314,0.0073
14.319,0.0130
14.325,0.0074
14.329,0.0131
14.334,0.0073
14.339,0.0129
14.344,0.0075
14.349,0.0130
14.354,0.0075
14.359,0.0128
14.365,0.0076
14.369,0.0127
14.374,0.0077
14.379,0.0127
14.384,0.0077
14.389,0.0125
14.394,0.0077
14.399,0.0126
14.404,0.0078
14.409,0.0125
14.414,0.0078
14.419,0.0125
14.424,0.0079
14.429,0.0124
14.435,0.0080
14.439,0.0124
14.444,0.0080
14.449,0.0124
14.455,0.0080
14.459,0.0122
14.464,0.0081
14.469,0.0122
14.474,0.0081
14.479,0.0121
14.484,0.0082
14.489,0.0121
14.494,0.0082
14.499,0.0120
14.504,0.0083
14.509,0.0120
14.514,0.0081
14.519,0.0119
14.524,0.0084
14.529,0.0118
14.534,0.0084
14.540,0.0117
14.544,0.0083
14.549,0.0118
14.554,0.0084
14.559,0.0117
14.564,0.0085
14.569,0.0117
14.574,0.0085
14.579,0.0118
14.584,0.0084
14.589,0.0116
14.594,0.0086
14.599,0.0114
14.605,0.0087
14.609,0.0115
14.615,0.0088
14.619,0.0113
14.624,0.0088
14.629,0.0112
14.634,0.0088
14.639,0.0111
14.644,0.0089
14.649,0.0112
14.654,0.0088
14.659,0.0109
14.664,0.0090
14.669,0.0110
14.674,0.0090
14.679,0.0109
14.684,0.0090
14.689,0.0108
14.694,0.0091
14.700,0.0106
14.704,0.0092
14.709,0.0107
14.714,0.0091
14.719,0.0106
14.724,0.0092
14.729,0.0105
14.734,0.0093
14.739,0.0104
14.744,0.0093
14.749,0.0103
14.754,0.0093
14.759,0.0102
14.764,0.0094
14.769,0.0101
14.774,0.0094
14.779,0.0100
14.784,0.0095
14.789,0.0099
14.794,0.0095
14.799,0.0099
14.804,0.0095
14.809,0.0098
14.814,0.0096
14.819,0.0096
14.824,0.0096
14.829,0.0096
14.835,0.0096
14.840,0.0094
14.844,0.0097
14.849,0.0093
14.854,0.0098
14.859,0.0092
14.865,0.0099
14.869,0.0091
14.874,0.0098
14.879,0.0089
14.884,0.0098
14.889,0.0088
14.894,0.0099
14.899,0.0088
14.904,0.0099
14.909,0.0086
14.914,0.0100
14.919,0.0085
14.924,0.0100
14.929,0.0083
14.934,0.0100
14.939,0.0083
14.944,0.0100
14.949,0.0082
14.954,0.0101
14.959,0.0080
14.965,0.0102
14.969,0.0080
14.974,0.0102
14.979,0.0079
14.985,0.0103
14.990,0.0077
14.994,0.0104
14.999,0.0076
15.004,0.0103
15.009,0.0075
15.014,0.0102
15.019,0.0074
15.024,0.0103
15.029,0.0073
15.034,0.0104
15.039,0.0072
15.045,0.0104
15.049,0.0071
15.054,0.0104
15.059,0.0070
15.065,0.0105
15.070,0.0069
15.074,0.0104
15.079,0.0068
15.084,0.0104
15.089,0.0068
15.094,0.0105
15.099,0.0067
15.104,0.0104
15.109,0.0066
15.114,0.0105
15.119,0.0065
15.124,0.0106
15.129,0.0065
15.134,0.0105
15.139,0.0064
15.144,0.0106
15.149,0.0063
15.154,0.0106
15.159,0.0062
15.164,0.0106
15.169,0.0061
15.174,0.0106
15.179,0.0061
15.184,0.0106
15.189,0.0061
15.194,0.0105
15.199,0.0061
15.204,0.0107
15.209,0.0059
15.214,0.0106
15.219,0.0060
15.224,0.0105
15.229,0.0060
15.234,0.0106
15.239,0.0060
15.244,0.0106
15.249,0.0059
15.254,0.0106
15.259,0.0059
15.264,0.0106
15.269,0.0059
15.274,0.0106
15.279,0.0058
15.284,0.0106
15.289,0.0059
15.294,0.0106
15.299,0.0058
15.304,0.0106
15.309,0.0059
15.314,0.0107
15.319,0.0059
15.324,0.0105
15.329,0.0059
15.334,0.0105
15.339,0.0059
15.344,0.0105
15.349,0.0060
15.354,0.0104
15.359,0.0061
15.364,0.0105
15.369,0.0061
15.374,0.0104
15.379,0.0061
15.384,0.0104
15.389,0.0062
15.394,0.0104
15.399,0.0062
15.404,0.0104
15.409,0.0062
15.414,0.0104
15.419,0.0063
15.424,0.0103
15.429,0.0064
15.434,0.0102
15.440,0.0064
15.444,0.0103
15.449,0.0065
15.454,0.0102
15.459,0.0065
15.464,0.0102
15.470,0.0066
15.474,0.0101
15.480,0.0066
15.484,0.0101
15.490,0.0068
15.494,0.0100
15.499,0.0069
15.504,0.0100
15.510,0.0069
15.514,0.0100
15.519,0.0070
15.524,0.0099
15.529,0.0071
15.534,0.0099
15.539,0.0072
15.544,0.0098
15.549,0.0074
15.554,0.0098
15.559,0.0074
15.564,0.0097
15.569,0.0075
15.575,0.0098
15.579,0.0076
15.584,0.0096
15.590,0.0077
15.594,0.0096
15.600,0.0078
15.604,0.0095
15.609,0.0079
15.614,0.0095
15.619,0.0080
15.625,0.0094
15.629,0.0080
15.634,0.0094
15.639,0.0082
15.644,0.0093
15.650,0.0083
15.654,0.0092
15.660,0.0083
15.664,0.0092
15.670,0.0084
15.674,0.0091
15.679,0.0085
15.684,0.0091
15.689,0.0086
15.694,0.0090
15.699,0.0088
15.704,0.0089
15.710,0.0089
15.714,0.0088
15.719,0.0090
15.725,0.0088
15.729,0.0090
15.734,0.0088
15.740,0.0092
15.744,0.0086
15.750,0.0092
15.754,0.0087
15.759,0.0093
15.764,0.0085
15.770,0.0094
15.775,0.0085
15.779,0.0095
15.784,0.0084
15.789,0.0096
15.794,0.0083
15.800,0.0097
15.804,0.0082
15.809,0.0098
15.815,0.0082
15.819,0.0099
15.824,0.0081
15.829,0.0101
15.834,0.0081
15.840,0.0101
15.844,0.0080
15.849,0.0102
15.854,0.0079
15.859,0.0103
15.864,0.0079
15.870,0.0104
15.874,0.0078
15.879,0.0105
15.884,0.0077
15.889,0.0106
15.895,0.0077
15.900,0.0107
15.904,0.0075
15.909,0.0107
15.914,0.0075
15.919,0.0108
15.924,0.0074
15.929,0.0109
15.934,0.0074
15.939,0.0110
15.944,0.0073
15.949,0.0112
15.954,0.0072
15.959,0.0112
15.964,0.0071
15.970,0.0112
15.974,0.0071
15.979,0.0114
15.984,0.0070
15.990,0.0114
15.995,0.0070
16.000,0.0115
16.004,0.0068
16.009,0.0116
16.014,0.0068
16.019,0.0117
16.024,0.0067
16.029,0.0118
16.035,0.0067
16.040,0.0117
16.045,0.0066
16.049,0.0119
16.054,0.0065
16.059,0.0120
16.064,0.0065
16.069,0.0120
16.074,0.0064
16.079,0.0120
16.084,0.0063
16.089,0.0121
16.094,0.0062
16.099,0.0121
16.104,0.0062
16.109,0.0121
16.114,0.0062
16.119,0.0122
16.124,0.0061
16.129,0.0123
16.135,0.0060
16.139,0.0124
16.144,0.0059
16.149,0.0124
16.154,0.0059
16.159,0.0124
16.164,0.0058
16.169,0.0124
16.174,0.0058
16.179,0.0125
16.184,0.0057
16.189,0.0124
16.194,0.0057
16.199,0.0125
16.204,0.0056
16.209,0.0125
16.214,0.0056
16.219,0.0125
16.224,0.0055
16.229,0.0125
16.235,0.0055
16.239,0.0125
16.244,0.0054
16.249,0.0126
16.254,0.0054
16.259,0.0124
16.264,0.0054
16.269,0.0126
16.274,0.0053
16.280,0.0124
16.284,0.0053
16.289,0.0126
16.294,0.0053
16.299,0.0126
16.304,0.0052
16.309,0.0126
16.315,0.0054
16.319,0.0127
16.324,0.0052
16.329,0.0126
16.334,0.0052
16.339,0.0127
16.344,0.0051
16.349,0.0127
16.354,0.0052
16.359,0.0126
16.365,0.0053
16.369,0.0127
16.374,0.0051
16.379,0.0127
16.384,0.0052
16.389,0.0126
16.394,0.0052
16.399,0.0126
16.404,0.0051
16.409,0.0126
16.414,0.0053
16.419,0.0126
16.424,0.0052
16.429,0.0126
16.434,0.0052
16.439,0.0126
16.444,0.0053
16.449,0.0126
16.454,0.0053
16.459,0.0127
16.464,0.0053
16.469,0.0126
16.474,0.0055
16.479,0.0126
16.484,0.0053
16.489,0.0127
16.494,0.0053
16.499,0.0127
16.504,0.0055
16.509,0.0126
16.514,0.0055
16.519,0.0126
16.524,0.0057
16.529,0.0126
16.534,0.0057
16.539,0.0127
16.544,0.0057
16.549,0.0126
16.554,0.0058
16.559,0.0126
16.564,0.0059
16.569,0.0126
16.574,0.0058
16.579,0.0126
16.584,0.0061
16.589,0.0126
16.595,0.0062
16.599,0.0128
16.604,0.0061
16.609,0.0127
16.614,0.0062
16.619,0.0126
16.624,0.0062
16.629,0.0124
16.634,0.0064
16.639,0.0126
16.644,0.0064
16.649,0.0126
16.654,0.0065
16.659,0.0125
16.664,0.0067
16.669,0.0126
16.674,0.0068
16.679,0.0125
16.685,0.0070
16.689,0.0126
16.694,0.0069
16.699,0.0126
16.704,0.0069
16.709,0.0126
16.714,0.0071
16.719,0.0125
16.724,0.0071
16.729,0.0125
16.734,0.0072
16.739,0.0125
16.744,0.0072
16.749,0.0126
16.754,0.0073
16.759,0.0125
16.764,0.0074
16.769,0.0126
16.774,0.0073
16.779,0.0125
16.784,0.0075
16.789,0.0125
16.794,0.0076
16.799,0.0125
16.804,0.0076
16.809,0.0125
16.814,0.0076
16.819,0.0125
16.824,0.0077
16.829,0.0125
16.834,0.0078
16.839,0.0126
16.844,0.0078
16.849,0.0125
16.854,0.0079
16.859,0.0125
16.864,0.0079
16.869,0.0126
16.874,0.0080
16.879,0.0126
16.884,0.0079
16.889,0.0125
16.894,0.0081
16.899,0.0125
16.904,0.0081
16.909,0.0126
16.914,0.0081
16.919,0.0126
16.924,0.0082
16.929,0.0124
16.934,0.0083
16.939,0.0125
16.944,0.0083
16.949,0.0124
16.954,0.0083
16.959,0.0124
16.964,0.0083
16.969,0.0125
16.974,0.0083
16.979,0.0125
16.984,0.0085
16.989,0.0123
16.994,0.0087
16.999,0.0123
17.004,0.0084
17.009,0.0124
17.014,0.0085
17.019,0.0124
17.024,0.0087
17.029,0.0123
17.034,0.0086
17.039,0.0122
17.044,0.0088
17.049,0.0122
17.055,0.0087
17.059,0.0122
17.064,0.0088
17.069,0.0121
17.074,0.0089
17.079,0.0123
17.084,0.0088
17.089,0.0121
17.094,0.0089
17.099,0.0121
17.104,0.0089
17.109,0.0121
17.114,0.0089
17.119,0.0120
17.125,0.0093
17.129,0.0118
17.135,0.0092
17.139,0.0117
17.145,0.0092
17.149,0.0119
17.154,0.0092
17.159,0.0118
17.164,0.0092
17.169,0.0116
17.175,0.0093
17.179,0.0116
17.185,0.0096
17.189,0.0116
17.194,0.0095
17.199,0.0115
17.204,0.0094
17.209,0.0113
17.215,0.0096
17.219,0.0114
17.224,0.0095
17.229,0.0114
17.234,0.0097
17.239,0.0112
17.245,0.0097
17.249,0.0111
17.254,0.0097
17.260,0.0109
17.265,0.0098
17.270,0.0109
17.274,0.0097
17.280,0.0107
17.284,0.0098
17.290,0.0107
17.294,0.0098
17.299,0.0106
17.304,0.0100
17.309,0.0106
17.314,0.0101
17.319,0.0104
17.324,0.0100
17.329,0.0102
17.334,0.0101
17.339,0.0102
17.344,0.0102
17.349,0.0101
17.354,0.0102
17.359,0.0101
17.364,0.0101
17.369,0.0099
17.374,0.0103
17.379,0.0097
17.384,0.0104
17.389,0.0096
17.395,0.0106
17.399,0.0094
17.404,0.0105
17.410,0.0093
17.414,0.0106
17.419,0.0092
17.424,0.0106
17.429,0.0091
17.434,0.0106
17.439,0.0090
17.444,0.0106
17.449,0.0088
17.454,0.0107
17.459,0.0087
17.464,0.0107
17.469,0.0087
17.474,0.0107
17.479,0.0084
17.485,0.0108
17.489,0.0083
17.494,0.0109
17.499,0.0082
17.504,0.0109
17.509,0.0080
17.515,0.0110
17.519,0.0080
17.524,0.0109
17.529,0.0078
17.534,0.0109
17.539,0.0077
17.544,0.0109
17.549,0.0074
17.554,0.0111
17.559,0.0074
17.564,0.0109
17.569,0.0073
17.574,0.0110
17.579,0.0071
17.584,0.0110
17.589,0.0069
17.594,0.0111
17.599,0.0068
17.604,0.0111
17.609,0.0067
17.614,0.0111
17.619,0.0065
17.624,0.0111
17.629,0.0063
17.634,0.0112
17.639,0.0063
17.644,0.0111
17.649,0.0061
17.654,0.0111
17.659,0.0060
17.664,0.0112
17.669,0.0059
17.675,0.0111
17.679,0.0057
17.684,0.0112
17.689,0.0055
17.694,0.0113
17.699,0.0054
17.704,0.0112
17.709,0.0053
17.714,0.0111
17.719,0.0051
17.724,0.0111
17.729,0.0050
17.734,0.0112
17.739,0.0048
17.744,0.0112
17.749,0.0045
17.754,0.0112
17.759,0.0045
17.764,0.0112
17.769,0.0044
17.774,0.0111
17.779,0.0042
17.784,0.0111
17.789,0.0041
17.794,0.0112
17.799,0.0038
17.804,0.0111
17.809,0.0038
17.814,0.0111
17.819,0.0036
17.824,0.0111
17.829,0.0035
17.834,0.0111
17.839,0.0033
17.844,0.0110
17.849,0.0033
17.854,0.0110
17.859,0.0031
17.864,0.0110
17.869,0.0030
17.874,0.0109
17.879,0.0029
17.884,0.0110
17.889,0.0027
17.894,0.0109
17.899,0.0025
17.904,0.0109
17.909,0.0024
17.914,0.0109
17.919,0.0024
17.924,0.0108
17.929,0.0023
17.934,0.0109
17.939,0.0023
17.944,0.0108
17.949,0.0022
17.954,0.0107
17.960,0.0019
17.964,0.0107
17.969,0.0019
17.974,0.0106
17.979,0.0018
17.984,0.0106
17.989,0.0018
17.994,0.0106
17.999,0.0017
18.004,0.0105
18.010,0.0018
18.015,0.0105
18.019,0.0017
18.025,0.0105
18.030,0.0017
18.034,0.0105
18.039,0.0017
18.044,0.0105
18.049,0.0017
18.055,0.0104
18.059,0.0018
18.065,0.0103
18.069,0.0018
18.075,0.0103
18.079,0.0019
18.084,0.0102
18.089,0.0020
18.094,0.0102
18.099,0.0020
18.104,0.0102
18.109,0.0022
18.114,0.0100
18.119,0.0023
18.124,0.0100
18.130,0.0023
18.134,0.0100
18.139,0.0024
18.144,0.0099
18.149,0.0026
18.154,0.0099
18.159,0.0027
18.165,0.0098
18.170,0.0028
18.174,0.0097
18.179,0.0029
18.184,0.0097
18.189,0.0031
18.194,0.0097
18.200,0.0032
18.204,0.0096
18.209,0.0033
18.214,0.0095
18.219,0.0035
18.224,0.0095
18.229,0.0036
18.234,0.0094
18.239,0.0037
18.244,0.0093
18.249,0.0039
18.255,0.0093
18.259,0.0040
18.265,0.0092
18.269,0.0041
18.274,0.0091
18.279,0.0043
18.284,0.0091
18.289,0.0044
18.294,0.0090
18.299,0.0046
18.304,0.0090
18.309,0.0047
18.314,0.0089
18.319,0.0048
18.325,0.0088
18.329,0.0050
18.334,0.0088
18.339,0.0051
18.344,0.0087
18.349,0.0053
18.354,0.0086
18.359,0.0054
18.364,0.0086
18.369,0.0056
18.374,0.0085
18.379,0.0057
18.384,0.0084
18.389,0.0059
18.394,0.0084
18.399,0.0060
18.404,0.0083
18.409,0.0061
18.414,0.0082
18.419,0.0063
18.424,0.0081
18.429,0.0064
18.434,0.0080
18.439,0.0065
18.444,0.0080
18.449,0.0067
18.454,0.0079
18.459,0.0068
18.464,0.0078
18.469,0.0070
18.474,0.0078
18.479,0.0071
18.484,0.0077
18.489,0.0073
18.494,0.0076
18.499,0.0074
18.504,0.0076
18.509,0.0075
18.514,0.0075
18.519,0.0077
18.524,0.0074
18.529,0.0078
18.534,0.0074
18.539,0.0080
18.544,0.0072
18.549,0.0081
18.554,0.0072
18.559,0.0082
18.565,0.0071
18.569,0.0083
18.574,0.0070
18.579,0.0085
18.584,0.0070
18.589,0.0086
18.594,0.0069
18.599,0.0088
18.604,0.0068
18.609,0.0089
18.614,0.0067
18.619,0.0091
18.624,0.0067
18.629,0.0092
18.634,0.0066
18.639,0.0094
18.645,0.0065
18.649,0.0095
18.654,0.0064
18.659,0.0095
18.664,0.0064
18.669,0.0097
18.674,0.0063
18.679,0.0098
18.684,0.0062
18.689,0.0100
18.694,0.0062
18.699,0.0101
18.704,0.0060
18.709,0.0103
18.714,0.0060
18.719,0.0104
18.724,0.0059
18.729,0.0105
18.734,0.0059
18.740,0.0105
18.744,0.0058
18.749,0.0106
18.754,0.0057
18.759,0.0109
18.764,0.0056
18.769,0.0109
18.775,0.0056
18.779,0.0110
18.784,0.0055
18.789,0.0111
18.794,0.0054
18.799,0.0112
18.804,0.0053
18.809,0.0113
18.814,0.0053
18.819,0.0115
18.824,0.0051
18.829,0.0115
18.834,0.0051
18.839,0.0116
18.844,0.0050
18.849,0.0117
18.854,0.0049
18.859,0.0117
18.864,0.0049
18.870,0.0118
18.874,0.0048
18.879,0.0119
18.884,0.0047
18.889,0.0120
18.894,0.0046
18.899,0.0120
18.904,0.0045
18.909,0.0121
18.914,0.0044
18.919,0.0122
18.924,0.0043
18.929,0.0123
18.934,0.0043
18.939,0.0122
18.944,0.0042
18.949,0.0123
18.954,0.0041
18.959,0.0123
18.964,0.0041
18.969,0.0124
18.974,0.0040
18.980,0.0125
18.984,0.0039
18.990,0.0125
18.994,0.0038
18.999,0.0125
19.004,0.0038
19.009,0.0125
19.014,0.0038
19.019,0.0127
19.024,0.0036
19.029,0.0126
19.034,0.0036
19.039,0.0127
19.044,0.0036
19.049,0.0127
19.054,0.0035
19.059,0.0128
19.064,0.0035
19.069,0.0128
19.074,0.0034
19.079,0.0128
19.084,0.0034
19.090,0.0128
19.095,0.0034
19.099,0.0128
19.104,0.0034
19.109,0.0128
19.114,0.0033
19.119,0.0129
19.124,0.0033
19.129,0.0129
19.134,0.0032
19.139,0.0129
19.144,0.0033
19.149,0.0129
19.154,0.0033
19.159,0.0129
19.164,0.0032
19.169,0.0131
19.174,0.0032
19.179,0.0129
19.185,0.0033
19.189,0.0129
19.194,0.0034
19.199,0.0130
19.204,0.0034
19.209,0.0129
19.214,0.0034
19.219,0.0130
19.224,0.0034
19.229,0.0130
19.234,0.0034
19.239,0.0130
19.244,0.0035
19.249,0.0131
19.254,0.0035
19.259,0.0131
19.264,0.0036
19.269,0.0131
19.274,0.0036
19.279,0.0131
19.284,0.0037
19.289,0.0131
19.294,0.0038
19.299,0.0131
19.304,0.0038
19.309,0.0131
19.314,0.0038
19.319,0.0132
19.324,0.0039
19.329,0.0133
19.334,0.0038
19.339,0.0134
19.344,0.0040
19.349,0.0133
19.355,0.0040
19.359,0.0133
19.364,0.0041
19.370,0.0133
19.374,0.0042
19.379,0.0133
19.384,0.0043
19.389,0.0135
19.394,0.0044
19.399,0.0134
19.404,0.0044
19.409,0.0135
19.414,0.0045
19.419,0.0137
19.424,0.0044
19.429,0.0136
19.434,0.0046
19.440,0.0137
19.444,0.0047
19.449,0.0138
19.454,0.0047
19.459,0.0138
19.464,0.0048
19.470,0.0138
19.474,0.0049
19.479,0.0139
19.484,0.0049
19.489,0.0140
19.494,0.0050
19.499,0.0140
19.504,0.0050
19.509,0.0141
19.514,0.0052
19.519,0.0143
19.524,0.0052
19.529,0.0143
19.534,0.0053
19.539,0.0144
19.544,0.0054
19.549,0.0143
19.554,0.0055
19.560,0.0144
19.564,0.0055
19.569,0.0145
19.574,0.0056
19.579,0.0146
19.584,0.0057
19.589,0.0146
19.594,0.0057
19.599,0.0146
19.605,0.0059
19.609,0.0149
19.614,0.0059
19.619,0.0148
19.624,0.0060
19.629,0.0150
19.634,0.0060
19.639,0.0150
19.644,0.0060
19.649,0.0151
19.654,0.0061
19.659,0.0151
19.664,0.0062
19.669,0.0153
19.675,0.0063
19.679,0.0154
19.684,0.0062
19.689,0.0154
19.694,0.0063
19.699,0.0154
19.704,0.0064
19.709,0.0155
19.714,0.0065
19.719,0.0156
19.724,0.0064
19.729,0.0157
19.734,0.0065
19.739,0.0157
19.744,0.0066
19.749,0.0157
19.754,0.0066
19.759,0.0158
19.764,0.0067
19.769,0.0159
19.774,0.0067
19.779,0.0158
19.784,0.0068
19.789,0.0160
19.794,0.0067
19.799,0.0160
19.804,0.0068
19.809,0.0161
19.814,0.0069
19.819,0.0162
19.824,0.0069
19.829,0.0163
19.834,0.0069
19.839,0.0163
19.844,0.0069
19.849,0.0163
19.854,0.0069
19.860,0.0162
19.864,0.0070
19.869,0.0163
19.874,0.0071
19.879,0.0163
19.884,0.0071
19.889,0.0164
19.894,0.0070
19.899,0.0165
19.904,0.0071
19.909,0.0165
19.914,0.0072
19.919,0.0165
19.924,0.0071
19.929,0.0167
19.935,0.0072
19.939,0.0166
19.944,0.0072
19.949,0.0167
19.954,0.0072
19.959,0.0167
19.964,0.0072
19.969,0.0167
19.974,0.0072
19.979,0.0167
19.984,0.0073
19.989,0.0168
19.994,0.0073
19.999,0.0168
20.004,0.0073
20.009,0.0166
20.014,0.0074
20.019,0.0166
20.024,0.0073
20.029,0.0169
20.034,0.0073
20.039,0.0169
20.045,0.0074
20.050,0.0167
20.054,0.0074
20.059,0.0169
20.064,0.0074
20.069,0.0170
20.074,0.0074
20.079,0.0169
20.084,0.0074
20.089,0.0170
20.094,0.0074
20.099,0.0167
20.104,0.0075
20.109,0.0169
20.115,0.0075
20.119,0.0168
20.124,0.0074
20.129,0.0169
20.134,0.0075
20.139,0.0169
20.144,0.0075
20.149,0.0168
20.154,0.0075
20.159,0.0168
20.164,0.0076
20.169,0.0169
20.174,0.0075
20.180,0.0167
20.185,0.0075
20.189,0.0167
20.194,0.0075
20.199,0.0168
20.204,0.0075
20.209,0.0167
20.214,0.0075
20.219,0.0167
20.224,0.0075
20.229,0.0167
20.234,0.0075
20.239,0.0166
20.244,0.0076
20.249,0.0165
20.254,0.0075
20.259,0.0164
20.264,0.0075
20.269,0.0165
20.274,0.0075
20.279,0.0164
20.284,0.0074
20.289,0.0164
20.294,0.0074
20.299,0.0164
20.304,0.0074
20.309,0.0164
20.314,0.0074
20.319,0.0163
20.324,0.0074
20.329,0.0161
20.335,0.0075
20.339,0.0161
20.344,0.0074
20.350,0.0159
20.354,0.0074
20.359,0.0159
20.364,0.0074
20.369,0.0159
20.374,0.0074
20.379,0.0157
20.385,0.0074
20.389,0.0157
20.394,0.0074
20.399,0.0156
20.404,0.0074
20.410,0.0157
20.414,0.0074
20.419,0.0155
20.424,0.0075
20.429,0.0154
20.434,0.0074
20.439,0.0152
20.444,0.0074
20.450,0.0152
20.454,0.0074
20.459,0.0151
20.464,0.0074
20.469,0.0151
20.474,0.0074
20.479,0.0150
20.484,0.0074
20.490,0.0148
20.494,0.0074
20.499,0.0149
20.504,0.0074
20.509,0.0147
20.515,0.0075
20.520,0.0145
20.524,0.0074
20.529,0.0146
20.534,0.0073
20.539,0.0146
20.544,0.0073
20.549,0.0144
20.554,0.0073
20.559,0.0144
20.564,0.0074
20.569,0.0143
20.574,0.0073
20.579,0.0142
20.584,0.0074
20.589,0.0140
20.594,0.0074
20.599,0.0140
20.604,0.0074
20.609,0.0140
20.614,0.0074
20.619,0.0138
20.624,0.0075
20.629,0.0137
20.634,0.0075
20.639,0.0136
20.644,0.0075
20.649,0.0136
20.654,0.0076
20.660,0.0133
20.664,0.0075
20.669,0.0134
20.674,0.0075
20.679,0.0134
20.684,0.0075
20.690,0.0133
20.694,0.0075
20.699,0.0131
20.704,0.0076
20.709,0.0130
20.714,0.0075
20.719,0.0131
20.724,0.0075
20.729,0.0129
20.735,0.0077
20.739,0.0128
20.744,0.0077
20.749,0.0126
20.754,0.0077
20.760,0.0126
20.764,0.0077
20.769,0.0126
20.774,0.0076
20.779,0.0126
20.784,0.0078
20.789,0.0124
20.794,0.0077
20.799,0.0124
20.804,0.0078
20.809,0.0124
20.814,0.0077
20.819,0.0124
20.824,0.0077
20.829,0.0124
20.834,0.0076
20.839,0.0121
20.844,0.0078
20.849,0.0121
20.855,0.0079
20.859,0.0122
20.865,0.0077
20.869,0.0120
20.874,0.0077
20.879,0.0121
20.884,0.0077
20.889,0.0120
20.894,0.0077
20.899,0.0118
20.905,0.0079
20.909,0.0117
20.915,0.0079
20.919,0.0117
20.924,0.0078
20.929,0.0116
20.934,0.0080
20.939,0.0114
20.944,0.0080
20.949,0.0116
20.954,0.0079
20.959,0.0117
20.964,0.0078
20.969,0.0116
20.974,0.0079
20.979,0.0114
20.984,0.0080
20.989,0.0114
20.994,0.0080
20.999,0.0115
21.004,0.0081
21.009,0.0114
21.014,0.0081
21.019,0.0112
21.024,0.0081
21.029,0.0111
21.035,0.0083
21.039,0.0110
21.044,0.0082
21.050,0.0111
21.054,0.0081
21.059,0.0111
21.064,0.0082
21.069,0.0111
21.074,0.0082
21.079,0.0110
21.084,0.0083
21.089,0.0110
21.094,0.0083
21.099,0.0109
21.104,0.0083
21.110,0.0108
21.114,0.0083
21.119,0.0109
21.124,0.0083
21.129,0.0109
21.134,0.0083
21.139,0.0108
21.144,0.0084
21.149,0.0107
21.154,0.0084
21.159,0.0107
21.164,0.0084
21.169,0.0106
21.174,0.0085
21.180,0.0106
21.184,0.0085
21.189,0.0106
21.195,0.0085
21.199,0.0106
21.204,0.0084
21.209,0.0106
21.214,0.0085
21.219,0.0105
21.224,0.0085
21.229,0.0104
21.234,0.0087
21.239,0.0104
21.244,0.0086
21.249,0.0103
21.254,0.0086
21.259,0.0104
21.264,0.0086
21.269,0.0103
21.274,0.0086
21.279,0.0103
21.284,0.0087
21.289,0.0102
21.294,0.0086
21.299,0.0100
21.304,0.0088
21.309,0.0101
21.314,0.0087
21.319,0.0102
21.324,0.0087
21.329,0.0100
21.334,0.0088
21.339,0.0100
21.344,0.0088
21.349,0.0100
21.354,0.0088
21.359,0.0099
21.364,0.0088
21.370,0.0099
21.374,0.0088
21.379,0.0098
21.384,0.0089
21.389,0.0097
21.394,0.0089
21.399,0.0097
21.404,0.0091
21.409,0.0095
21.414,0.0091
21.419,0.0097
21.424,0.0091
21.429,0.0096
21.434,0.0090
21.439,0.0095
21.444,0.0090
21.449,0.0094
21.454,0.0091
21.459,0.0094
21.464,0.0091
21.469,0.0094
21.474,0.0091
21.480,0.0093
21.484,0.0092
21.489,0.0093
21.494,0.0091
21.500,0.0091
21.505,0.0093
21.509,0.0091
21.514,0.0092
21.519,0.0090
21.524,0.0094
21.529,0.0091
21.534,0.0092
21.539,0.0090
21.544,0.0093
21.549,0.0090
21.554,0.0092
21.560,0.0088
21.564,0.0094
21.569,0.0087
21.574,0.0093
21.579,0.0087
21.584,0.0093
21.589,0.0086
21.594,0.0093
21.599,0.0086
21.604,0.0094
21.609,0.0085
21.614,0.0094
21.619,0.0084
21.624,0.0093
21.629,0.0084
21.634,0.0093
21.639,0.0083
21.644,0.0094
21.649,0.0083
21.654,0.0094
21.660,0.0081
21.664,0.0095
21.670,0.0081
21.674,0.0093
21.679,0.0081
21.684,0.0094
21.689,0.0080
21.694,0.0093
21.699,0.0079
21.704,0.0094
21.709,0.0078
21.714,0.0093
21.719,0.0078
21.724,0.0093
21.729,0.0077
21.734,0.0093
21.739,0.0077
21.745,0.0095
21.750,0.0076
21.754,0.0093
21.759,0.0075
21.764,0.0093
21.769,0.0075
21.774,0.0093
21.779,0.0075
21.784,0.0093
21.789,0.0074
21.794,0.0093
21.799,0.0073
21.804,0.0092
21.809,0.0073
21.814,0.0092
21.819,0.0072
21.824,0.0092
21.829,0.0071
21.834,0.0091
21.839,0.0071
21.844,0.0092
21.850,0.0070
21.854,0.0091
21.859,0.0070
21.864,0.0092
21.869,0.0070
21.874,0.0091
21.879,0.0070
21.884,0.0090
21.889,0.0069
21.894,0.0091
21.899,0.0069
21.904,0.0091
21.909,0.0068
21.914,0.0090
21.919,0.0069
21.924,0.0089
21.929,0.0068
21.934,0.0089
21.939,0.0067
21.944,0.0089
21.949,0.0068
21.954,0.0088
21.960,0.0066
21.965,0.0090
21.969,0.0068
21.974,0.0087
21.979,0.0069
21.984,0.0088
21.989,0.0067
21.994,0.0088
21.999,0.0067
22.004,0.0089
22.009,0.0067
22.014,0.0087
22.019,0.0069
22.024,0.0086
22.029,0.0069
22.034,0.0086
22.039,0.0070
22.044,0.0087
22.049,0.0069
22.054,0.0086
22.059,0.0069
22.065,0.0087
22.069,0.0071
22.074,0.0087
22.079,0.0071
22.084,0.0087
22.089,0.0072
22.094,0.0087
22.099,0.0072
22.104,0.0087
22.109,0.0073
22.114,0.0088
22.119,0.0074
22.124,0.0088
22.129,0.0074
22.134,0.0089
22.139,0.0076
22.144,0.0088
22.149,0.0077
22.154,0.0090
22.159,0.0077
22.164,0.0092
22.170,0.0078
22.174,0.0091
22.179,0.0080
22.184,0.0092
22.189,0.0082
22.194,0.0094
22.200,0.0082
22.204,0.0094
22.210,0.0083
22.215,0.0096
22.219,0.0085
22.224,0.0096
22.229,0.0087
22.234,0.0098
22.239,0.0089
22.244,0.0099
22.250,0.0089
22.255,0.0101
22.259,0.0090
22.264,0.0101
22.269,0.0093
22.274,0.0102
22.279,0.0094
22.284,0.0103
22.289,0.0096
22.294,0.0103
22.299,0.0097
22.304,0.0104
22.309,0.0098
22.314,0.0105
22.319,0.0099
22.324,0.0105
22.329,0.0100
22.334,0.0106
22.339,0.0100
22.344,0.0106
22.349,0.0101
22.354,0.0106
22.359,0.0101
22.365,0.0106
22.369,0.0102
22.374,0.0105
22.379,0.0103
22.384,0.0104
22.389,0.0103
22.394,0.0104
22.399,0.0102
22.404,0.0103
22.409,0.0102
22.414,0.0102
22.419,0.0102
22.424,0.0100
22.429,0.0102
22.434,0.0099
22.439,0.0102
22.445,0.0098
22.449,0.0101
22.455,0.0098
22.459,0.0102
22.464,0.0095
22.469,0.0101
22.474,0.0093
22.479,0.0102
22.484,0.0092
22.490,0.0101
22.494,0.0089
22.499,0.0102
22.504,0.0089
22.509,0.0102
22.514,0.0086
22.519,0.0103
22.524,0.0084
22.529,0.0104
22.534,0.0083
22.539,0.0105
22.544,0.0081
22.549,0.0105
22.554,0.0082
22.559,0.0105
22.564,0.0080
22.569,0.0107
22.574,0.0078
22.579,0.0108
22.584,0.0077
22.589,0.0110
22.594,0.0075
22.599,0.0111
22.604,0.0076
22.609,0.0110
22.614,0.0076
22.619,0.0112
22.624,0.0074
22.629,0.0115
22.634,0.0074
22.639,0.0118
22.645,0.0074
22.649,0.0118
22.654,0.0074
22.659,0.0120
22.664,0.0074
22.669,0.0121
22.674,0.0073
22.679,0.0124
22.684,0.0073
22.689,0.0126
22.694,0.0073
22.699,0.0128
22.704,0.0074
22.709,0.0129
22.714,0.0074
22.719,0.0130
22.724,0.0074
22.729,0.0132
22.734,0.0075
22.739,0.0134
22.744,0.0075
22.749,0.0135
22.754,0.0075
22.759,0.0138
22.764,0.0076
22.769,0.0139
22.774,0.0076
22.779,0.0140
22.784,0.0077
22.789,0.0142
22.794,0.0077
22.799,0.0143
22.804,0.0078
22.809,0.0144
22.815,0.0079
22.819,0.0146
22.824,0.0078
22.829,0.0147
22.834,0.0080
22.840,0.0148
22.844,0.0080
22.849,0.0149
22.854,0.0081
22.859,0.0149
22.864,0.0082
22.869,0.0153
22.875,0.0081
22.879,0.0152
22.884,0.0083
22.889,0.0153
22.894,0.0083
22.899,0.0153
22.904,0.0083
22.909,0.0156
22.915,0.0084
22.919,0.0156
22.924,0.0084
22.929,0.0157
22.934,0.0085
22.939,0.0158
22.944,0.0085
22.949,0.0158
22.954,0.0085
22.959,0.0160
22.964,0.0086
22.969,0.0161
22.974,0.0086
22.979,0.0161
22.984,0.0087
22.989,0.0161
22.995,0.0087
22.999,0.0163
23.004,0.0087
23.009,0.0164
23.014,0.0087
23.019,0.0162
23.025,0.0089
23.029,0.0164
23.034,0.0088
23.039,0.0164
23.045,0.0089
23.050,0.0164
23.054,0.0089
23.059,0.0163
23.064,0.0089
23.069,0.0165
23.074,0.0090
23.079,0.0166
23.084,0.0090
23.089,0.0166
23.094,0.0090
23.099,0.0166
23.104,0.0090
23.109,0.0165
23.114,0.0091
23.120,0.0166
23.124,0.0090
23.129,0.0165
23.134,0.0091
23.139,0.0166
23.144,0.0090
23.149,0.0164
23.154,0.0091
23.159,0.0165
23.164,0.0092
23.169,0.0165
23.174,0.0091
23.179,0.0166
23.184,0.0091
23.189,0.0165
23.194,0.0091
23.199,0.0163
23.204,0.0092
23.209,0.0165
23.214,0.0093
23.219,0.0163
23.225,0.0092
23.229,0.0164
23.234,0.0093
23.239,0.0162
23.244,0.0093
23.249,0.0163
23.254,0.0092
23.260,0.0161
23.264,0.0093
23.269,0.0161
23.274,0.0093
23.279,0.0160
23.284,0.0093
23.290,0.0160
23.294,0.0092
23.299,0.0160
23.304,0.0093
23.309,0.0159
23.314,0.0094
23.319,0.0156
23.324,0.0093
23.329,0.0157
23.335,0.0094
23.339,0.0156
23.344,0.0093
23.349,0.0156
23.354,0.0094
23.359,0.0155
23.364,0.0093
23.369,0.0153
23.374,0.0094
23.379,0.0152
23.384,0.0094
23.389,0.0151
23.394,0.0094
23.399,0.0149
23.404,0.0094
23.409,0.0149
23.414,0.0094
23.419,0.0147
23.424,0.0094
23.429,0.0145
23.434,0.0095
23.439,0.0145
23.444,0.0094
23.449,0.0143
23.454,0.0094
23.459,0.0143
23.464,0.0094
23.469,0.0142
23.474,0.0094
23.479,0.0140
23.484,0.0094
23.489,0.0139
23.494,0.0095
23.499,0.0137
23.505,0.0095
23.509,0.0136
23.514,0.0094
23.519,0.0135
23.524,0.0095
23.529,0.0133
23.534,0.0095
23.539,0.0131
23.544,0.0096
23.550,0.0127
23.554,0.0095
23.559,0.0128
23.564,0.0096
23.570,0.0127
23.574,0.0095
23.579,0.0125
23.584,0.0095
23.589,0.0124
23.594,0.0094
23.599,0.0122
23.604,0.0095
23.609,0.0120
23.614,0.0094
23.619,0.0119
23.624,0.0094
23.629,0.0117
23.634,0.0093
23.639,0.0115
23.644,0.0095
23.649,0.0114
23.654,0.0093
23.659,0.0112
23.664,0.0094
23.669,0.0111
23.674,0.0093
23.679,0.0108
23.684,0.0093
23.689,0.0106
23.694,0.0092
23.699,0.0104
23.704,0.0092
23.709,0.0102
23.714,0.0092
23.719,0.0100
23.724,0.0092
23.729,0.0098
23.734,0.0092
23.739,0.0094
23.744,0.0090
23.749,0.0094
23.754,0.0091
23.759,0.0092
23.764,0.0091
23.769,0.0091
23.774,0.0089
23.779,0.0089
23.784,0.0090
23.789,0.0086
23.795,0.0089
23.799,0.0084
23.804,0.0089
23.809,0.0082
23.814,0.0089
23.819,0.0080
23.824,0.0088
23.829,0.0077
23.834,0.0088
23.839,0.0076
23.844,0.0087
23.849,0.0073
23.854,0.0087
23.859,0.0072
23.864,0.0086
23.869,0.0069
23.874,0.0086
23.879,0.0068
23.884,0.0085
23.889,0.0066
23.894,0.0085
23.899,0.0064
23.904,0.0084
23.909,0.0061
23.914,0.0084
23.919,0.0059
23.924,0.0083
23.929,0.0057
23.934,0.0083
23.939,0.0055
23.944,0.0082
23.949,0.0053
23.954,0.0081
23.960,0.0051
23.964,0.0081
23.969,0.0049
23.974,0.0081
23.979,0.0047
23.984,0.0080
23.989,0.0045
23.994,0.0080
23.999,0.0043
24.004,0.0079
24.009,0.0042
24.014,0.0078
24.019,0.0039
24.024,0.0079
24.029,0.0038
24.034,0.0078
24.039,0.0036
24.044,0.0077
24.049,0.0034
24.054,0.0077
24.059,0.0033
24.064,0.0075
24.069,0.0031
24.074,0.0075
24.079,0.0030
24.084,0.0075
24.089,0.0029
24.094,0.0074
24.099,0.0028
24.104,0.0074
24.109,0.0027
24.114,0.0073
24.119,0.0026
24.124,0.0073
24.129,0.0025
24.134,0.0072
24.139,0.0025
24.144,0.0071
24.149,0.0025
24.154,0.0071
24.159,0.0025
24.164,0.0070
24.169,0.0025
24.174,0.0070
24.179,0.0025
24.184,0.0069
24.189,0.0026
24.194,0.0068
24.199,0.0026
24.204,0.0068
24.209,0.0026
24.214,0.0068
24.219,0.0027
24.224,0.0067
24.229,0.0028
24.234,0.0066
24.239,0.0028
24.244,0.0066
24.249,0.0030
24.254,0.0065
24.259,0.0030
24.264,0.0065
24.269,0.0031
24.274,0.0064
24.279,0.0033
24.284,0.0064
24.289,0.0034
24.294,0.0063
24.299,0.0035
24.304,0.0062
24.309,0.0036
24.314,0.0062
24.319,0.0037
24.324,0.0062
24.329,0.0038
24.334,0.0061
24.339,0.0039
24.344,0.0060
24.349,0.0040
24.354,0.0060
24.359,0.0041
24.364,0.0059
24.369,0.0042
24.374,0.0059
24.379,0.0044
24.384,0.0058
24.389,0.0045
24.394,0.0058
24.399,0.0046
24.404,0.0057
24.409,0.0047
24.414,0.0057
24.419,0.0047
24.424,0.0056
24.429,0.0048
24.435,0.0056
24.439,0.0049
24.444,0.0056
24.449,0.0050
24.454,0.0055
24.459,0.0051
24.464,0.0054
24.469,0.0051
24.474,0.0054
24.479,0.0052
24.484,0.0053
24.489,0.0053
24.494,0.0052
24.499,0.0053
24.505,0.0052
24.509,0.0054
24.514,0.0052
24.519,0.0054
24.524,0.0051
24.529,0.0055
24.534,0.0051
24.539,0.0055
24.544,0.0050
24.549,0.0056
24.554,0.0050
24.559,0.0056
24.564,0.0050
24.569,0.0056
24.574,0.0049
24.579,0.0057
24.584,0.0049
24.589,0.0057
24.594,0.0049
24.599,0.0057
24.604,0.0048
24.609,0.0057
24.615,0.0048
24.619,0.0058
24.624,0.0047
24.629,0.0057
24.634,0.0048
24.639,0.0058
24.644,0.0047
24.649,0.0058
24.654,0.0046
24.659,0.0057
24.664,0.0046
24.669,0.0057
24.674,0.0046
24.679,0.0058
24.684,0.0046
24.689,0.0057
24.694,0.0045
24.699,0.0057
24.704,0.0045
24.709,0.0056
24.714,0.0045
24.719,0.0056
24.724,0.0045
24.730,0.0056
24.734,0.0045
24.739,0.0056
24.744,0.0045
24.749,0.0055
24.754,0.0044
24.759,0.0055
24.764,0.0044
24.769,0.0054
24.774,0.0045
24.779,0.0054
24.784,0.0044
24.789,0.0053
24.794,0.0044
24.799,0.0053
24.804,0.0044
24.809,0.0052
24.814,0.0044
24.820,0.0051
24.824,0.0044
24.829,0.0051
24.834,0.0044
24.839,0.0050
24.844,0.0043
24.849,0.0050
24.854,0.0043
24.859,0.0048
24.864,0.0044
24.869,0.0048
24.874,0.0044
24.879,0.0047
24.884,0.0044
24.889,0.0046
24.895,0.0044
24.899,0.0045
24.904,0.0044
24.909,0.0044
24.914,0.0044
24.919,0.0043
24.924,0.0045
24.929,0.0042
24.934,0.0045
24.939,0.0041
24.944,0.0045
24.949,0.0040
24.954,0.0045
24.959,0.0039
24.964,0.0045
24.969,0.0039
24.974,0.0045
24.979,0.0037
24.984,0.0046
24.989,0.0036
24.994,0.0046
24.999,0.0035
25.004,0.0046
25.009,0.0034
25.014,0.0046
25.019,0.0033
25.024,0.0047
25.029,0.0032
25.034,0.0047
25.039,0.0031
25.044,0.0048
25.049,0.0030
25.054,0.0048
25.059,0.0029
25.064,0.0048
25.069,0.0028
25.074,0.0048
25.079,0.0027
25.084,0.0049
25.089,0.0026
25.094,0.0049
25.099,0.0026
25.104,0.0050
25.109,0.0025
25.114,0.0050
25.119,0.0025
25.124,0.0050
25.129,0.0024
25.134,0.0051
25.140,0.0024
25.144,0.0051
25.150,0.0024
25.154,0.0051
25.159,0.0024
25.164,0.0052
25.169,0.0024
25.174,0.0052
25.179,0.0025
25.184,0.0052
25.189,0.0025
25.194,0.0053
25.199,0.0026
25.204,0.0053
25.209,0.0027
25.214,0.0053
25.219,0.0028
25.224,0.0054
25.229,0.0029
25.234,0.0054
25.239,0.0030
25.244,0.0055
25.249,0.0031
25.254,0.0055
25.259,0.0033
25.264,0.0055
25.269,0.0034
25.274,0.0055
25.279,0.0036
25.284,0.0056
25.289,0.0037
25.294,0.0056
25.299,0.0039
25.304,0.0056
25.309,0.0041
25.314,0.0057
25.319,0.0042
25.324,0.0057
25.329,0.0044
25.334,0.0057
25.339,0.0046
25.344,0.0057
25.349,0.0048
25.354,0.0057
25.359,0.0050
25.364,0.0058
25.369,0.0051
25.374,0.0058
25.379,0.0053
25.384,0.0058
25.389,0.0055
25.394,0.0058
25.399,0.0057
25.404,0.0059
25.409,0.0059
25.414,0.0059
25.419,0.0061
25.424,0.0059
25.429,0.0063
25.434,0.0059
25.439,0.0065
25.444,0.0059
25.449,0.0067
25.454,0.0059
25.459,0.0069
25.464,0.0059
25.470,0.0071
25.475,0.0059
25.479,0.0073
25.484,0.0060
25.489,0.0075
25.494,0.0060
25.499,0.0077
25.504,0.0059
25.509,0.0079
25.514,0.0060
25.519,0.0081
25.524,0.0059
25.529,0.0083
25.535,0.0059
25.539,0.0085
25.544,0.0059
25.549,0.0087
25.554,0.0059
25.559,0.0088
25.564,0.0059
25.569,0.0090
25.574,0.0059
25.579,0.0091
25.584,0.0058
25.589,0.0093
25.594,0.0058
25.599,0.0095
25.604,0.0058
25.609,0.0096
25.614,0.0057
25.619,0.0097
25.624,0.0057
25.629,0.0098
25.635,0.0056
25.639,0.0100
25.644,0.0055
25.649,0.0101
25.654,0.0055
25.659,0.0102
25.664,0.0054
25.669,0.0103
25.674,0.0053
25.679,0.0103
25.684,0.0053
25.689,0.0104
25.694,0.0051
25.699,0.0105
25.704,0.0051
25.709,0.0106
25.714,0.0050
25.719,0.0106
25.725,0.0049
25.729,0.0106
25.735,0.0048
25.739,0.0107
25.744,0.0047
25.749,0.0107
25.754,0.0047
25.759,0.0107
25.764,0.0045
25.769,0.0108
25.774,0.0045
25.779,0.0108
25.784,0.0043
25.789,0.0107
25.794,0.0042
25.799,0.0108
25.804,0.0041
25.809,0.0108
25.815,0.0040
25.819,0.0107
25.824,0.0039
25.829,0.0107
25.834,0.0038
25.839,0.0106
25.844,0.0037
25.849,0.0106
25.854,0.0036
25.859,0.0105
25.864,0.0035
25.869,0.0105
25.874,0.0033
25.879,0.0104
25.884,0.0032
25.889,0.0103
25.894,0.0032
25.899,0.0103
25.904,0.0030
25.909,0.0103
25.914,0.0030
25.919,0.0101
25.924,0.0029
25.929,0.0101
25.934,0.0027
25.939,0.0100
25.944,0.0027
25.949,0.0099
25.954,0.0026
25.959,0.0098
25.964,0.0025
25.969,0.0097
25.974,0.0024
25.979,0.0095
25.984,0.0023
25.989,0.0095
25.994,0.0022
25.999,0.0093
26.004,0.0021
26.009,0.0092
26.014,0.0021
26.019,0.0090
26.024,0.0020
26.029,0.0089
26.034,0.0020
26.039,0.0088
26.044,0.0019
26.050,0.0086
26.054,0.0019
26.059,0.0085
26.064,0.0019
26.069,0.0083
26.074,0.0018
26.079,0.0082
26.085,0.0018
26.090,0.0080
26.094,0.0018
26.099,0.0079
26.104,0.0018
26.109,0.0077
26.114,0.0018
26.119,0.0075
26.124,0.0019
26.129,0.0073
26.134,0.0019
26.139,0.0072
26.144,0.0019
26.149,0.0070
26.154,0.0020
26.159,0.0068
26.164,0.0021
26.169,0.0067
26.174,0.0022
26.179,0.0065
26.184,0.0023
26.189,0.0064
26.194,0.0024
26.199,0.0062
26.204,0.0025
26.209,0.0061
26.214,0.0026
26.219,0.0059
26.224,0.0027
26.230,0.0058
26.234,0.0028
26.239,0.0057
26.244,0.0030
26.250,0.0055
26.254,0.0031
26.259,0.0055
26.264,0.0033
26.269,0.0054
26.274,0.0034
26.279,0.0054
26.285,0.0036
26.289,0.0053
26.294,0.0037
26.299,0.0053
26.304,0.0039
26.309,0.0053
26.314,0.0040
26.319,0.0053
26.324,0.0042
26.329,0.0053
26.334,0.0043
26.340,0.0053
26.344,0.0045
26.349,0.0054
26.354,0.0046
26.359,0.0055
26.364,0.0048
26.369,0.0056
26.374,0.0049
26.380,0.0057
26.384,0.0051
26.389,0.0059
26.395,0.0053
26.400,0.0060
26.404,0.0054
26.409,0.0062
26.415,0.0055
26.419,0.0063
26.424,0.0057
26.429,0.0065
26.434,0.0058
26.439,0.0067
26.444,0.0060
26.449,0.0069
26.454,0.0061
26.459,0.0071
26.464,0.0062
26.469,0.0073
26.474,0.0064
26.479,0.0075
26.485,0.0065
26.489,0.0077
26.494,0.0066
26.499,0.0079
26.504,0.0068
26.509,0.0081
26.514,0.0069
26.519,0.0082
26.524,0.0070
26.529,0.0085
26.535,0.0071
26.539,0.0087
26.544,0.0072
26.550,0.0089
26.554,0.0073
26.559,0.0091
26.564,0.0074
26.569,0.0093
26.574,0.0074
26.579,0.0095
26.584,0.0075
26.589,0.0097
26.594,0.0076
26.599,0.0099
26.604,0.0077
26.609,0.0101
26.615,0.0077
26.619,0.0103
26.624,0.0078
26.630,0.0105
26.634,0.0078
26.639,0.0106
26.644,0.0079
26.649,0.0108
26.654,0.0079
26.659,0.0110
26.664,0.0080
26.669,0.0112
26.674,0.0080
26.679,0.0114
26.684,0.0081
26.690,0.0115
26.694,0.0081
26.699,0.0117
26.704,0.0081
26.709,0.0119
26.714,0.0081
26.719,0.0120
26.724,0.0082
26.729,0.0121
26.735,0.0082
26.739,0.0122
26.744,0.0082
26.749,0.0125
26.754,0.0082
26.759,0.0126
26.764,0.0082
26.769,0.0127
26.774,0.0082
26.779,0.0128
26.784,0.0082
26.789,0.0130
26.794,0.0082
26.799,0.0131
26.804,0.0082
26.809,0.0132
26.814,0.0082
26.819,0.0134
26.824,0.0082
26.829,0.0135
26.835,0.0082
26.839,0.0135
26.844,0.0082
26.849,0.0137
26.854,0.0081
26.859,0.0138
26.864,0.0081
26.870,0.0138
26.874,0.0081
26.879,0.0140
26.884,0.0080
26.889,0.0141
26.894,0.0080
26.899,0.0142
26.904,0.0079
26.909,0.0142
26.914,0.0078
26.919,0.0142
26.924,0.0078
26.929,0.0143
26.934,0.0077
26.939,0.0144
26.944,0.0076
26.949,0.0143
26.954,0.0076
26.959,0.0144
26.964,0.0075
26.969,0.0144
26.974,0.0074
26.979,0.0144
26.985,0.0073
26.989,0.0144
26.994,0.0072
26.999,0.0143
27.004,0.0071
27.009,0.0143
27.014,0.0070
27.019,0.0143
27.024,0.0069
27.029,0.0142
27.034,0.0068
27.039,0.0141
27.044,0.0067
27.049,0.0140
27.054,0.0066
27.059,0.0139
27.064,0.0065
27.069,0.0139
27.074,0.0063
27.079,0.0137
27.084,0.0062
27.089,0.0136
27.094,0.0061
27.099,0.0134
27.104,0.0060
27.109,0.0133
27.114,0.0059
27.119,0.0131
27.124,0.0058
27.129,0.0129
27.134,0.0057
27.139,0.0127
27.144,0.0056
27.149,0.0125
27.154,0.0056
27.160,0.0123
27.164,0.0055
27.169,0.0121
27.174,0.0054
27.179,0.0118
27.184,0.0053
27.189,0.0116
27.195,0.0053
27.199,0.0113
27.204,0.0053
27.209,0.0110
27.214,0.0052
27.219,0.0107
27.225,0.0052
27.229,0.0105
27.234,0.0053
27.239,0.0101
27.244,0.0053
27.249,0.0098
27.254,0.0054
27.259,0.0095
27.264,0.0055
27.269,0.0092
27.274,0.0055
27.279,0.0089
27.284,0.0056
27.289,0.0085
27.295,0.0057
27.299,0.0081
27.304,0.0059
27.309,0.0078
27.314,0.0060
27.319,0.0074
27.324,0.0062
27.329,0.0071
27.334,0.0063
27.339,0.0068
27.344,0.0065
27.349,0.0064
27.354,0.0067
27.359,0.0060
27.364,0.0069
27.369,0.0057
27.374,0.0070
27.379,0.0054
27.384,0.0072
27.389,0.0051
27.394,0.0074
27.400,0.0047
27.404,0.0076
27.409,0.0044
27.414,0.0077
27.419,0.0040
27.424,0.0080
27.429,0.0037
27.434,0.0082
27.439,0.0035
27.444,0.0083
27.449,0.0032
27.454,0.0085
27.459,0.0030
27.464,0.0086
27.469,0.0027
27.474,0.0088
27.479,0.0025
27.484,0.0090
27.489,0.0024
27.494,0.0092
27.499,0.0023
27.504,0.0092
27.509,0.0022
27.514,0.0094
27.519,0.0022
27.524,0.0095
27.529,0.0022
27.534,0.0096
27.540,0.0021
27.544,0.0097
27.549,0.0023
27.554,0.0098
27.560,0.0024
27.564,0.0100
27.569,0.0026
27.574,0.0101
27.579,0.0028
27.584,0.0101
27.589,0.0029
27.594,0.0102
27.599,0.0032
27.605,0.0104
27.609,0.0034
27.614,0.0104
27.619,0.0036
27.624,0.0104
27.629,0.0038
27.634,0.0105
27.639,0.0040
27.644,0.0106
27.649,0.0043
27.654,0.0107
27.659,0.0045
27.664,0.0107
27.669,0.0047
27.674,0.0108
27.679,0.0049
27.684,0.0108
27.690,0.0051
27.695,0.0109
27.699,0.0053
27.704,0.0108
27.709,0.0056
27.714,0.0108
27.719,0.0058
27.724,0.0109
27.729,0.0059
27.734,0.0109
27.740,0.0061
27.744,0.0109
27.749,0.0063
27.754,0.0109
27.759,0.0065
27.764,0.0109
27.769,0.0067
27.774,0.0110
27.779,0.0069
27.784,0.0110
27.789,0.0070
27.794,0.0110
27.799,0.0072
27.804,0.0110
27.809,0.0073
27.814,0.0110
27.819,0.0075
27.824,0.0110
27.829,0.0076
27.834,0.0109
27.839,0.0077
27.844,0.0110
27.849,0.0079
27.854,0.0109
27.859,0.0080
27.864,0.0109
27.869,0.0081
27.874,0.0110
27.879,0.0082
27.884,0.0109
27.889,0.0083
27.894,0.0109
27.899,0.0084
27.905,0.0109
27.909,0.0085
27.914,0.0108
27.919,0.0086
27.924,0.0108
27.929,0.0086
27.934,0.0108
27.939,0.0087
27.944,0.0108
27.949,0.0087
27.954,0.0108
27.959,0.0088
27.964,0.0108
27.969,0.0088
27.974,0.0108
27.979,0.0088
27.984,0.0108
27.989,0.0089
27.994,0.0108
27.999,0.0089
28.004,0.0108
28.010,0.0089
28.014,0.0107
28.019,0.0089
28.024,0.0108
28.029,0.0090
28.034,0.0108
28.039,0.0089
28.044,0.0108
28.049,0.0090
28.054,0.0108
28.059,0.0089
28.064,0.0108
28.069,0.0089
28.074,0.0108
28.079,0.0089
28.084,0.0108
28.089,0.0089
28.094,0.0108
28.099,0.0089
28.104,0.0108
28.109,0.0088
28.115,0.0108
28.119,0.0088
28.124,0.0108
28.129,0.0088
28.134,0.0109
28.139,0.0088
28.144,0.0108
28.149,0.0087
28.154,0.0109
28.159,0.0086
28.164,0.0109
28.169,0.0086
28.174,0.0109
28.180,0.0085
28.184,0.0109
28.189,0.0085
28.194,0.0109
28.199,0.0084
28.204,0.0109
28.209,0.0083
28.214,0.0109
28.219,0.0083
28.225,0.0109
28.229,0.0082
28.234,0.0109
28.239,0.0081
28.245,0.0109
28.249,0.0080
28.254,0.0109
28.259,0.0079
28.264,0.0109
28.269,0.0078
28.274,0.0109
28.280,0.0077
28.284,0.0109
28.289,0.0076
28.294,0.0109
28.299,0.0075
28.305,0.0109
28.310,0.0074
28.314,0.0109
28.319,0.0073
28.324,0.0109
28.329,0.0072
28.334,0.0109
28.340,0.0070
28.344,0.0107
28.349,0.0069
28.354,0.0108
28.359,0.0068
28.364,0.0108
28.369,0.0067
28.374,0.0108
28.379,0.0065
28.384,0.0107
28.389,0.0064
28.394,0.0108
28.399,0.0062
28.404,0.0108
28.409,0.0061
28.414,0.0108
28.420,0.0059
28.424,0.0107
28.429,0.0058
28.435,0.0107
28.439,0.0056
28.444,0.0106
28.449,0.0055
28.455,0.0107
28.459,0.0053
28.464,0.0105
28.469,0.0051
28.474,0.0105
28.479,0.0049
28.484,0.0104
28.489,0.0048
28.495,0.0105
28.499,0.0046
28.504,0.0104
28.509,0.0044
28.514,0.0103
28.519,0.0042
28.524,0.0104
28.529,0.0040
28.534,0.0104
28.539,0.0038
28.544,0.0102
28.549,0.0036
28.555,0.0103
28.559,0.0034
28.564,0.0102
28.569,0.0032
28.574,0.0101
28.579,0.0030
28.584,0.0101
28.589,0.0028
28.594,0.0100
28.599,0.0026
28.604,0.0101
28.609,0.0024
28.614,0.0100
28.619,0.0023
28.624,0.0100
28.629,0.0021
28.634,0.0099
28.639,0.0019
28.644,0.0099
28.649,0.0017
28.654,0.0098
28.659,0.0015
28.664,0.0098
28.669,0.0014
28.674,0.0098
28.679,0.0012
28.684,0.0097
28.690,0.0012
28.694,0.0096
28.699,0.0010
28.704,0.0096
28.709,0.0011
28.714,0.0095
28.719,0.0011
28.724,0.0095
28.729,0.0012
28.734,0.0095
28.739,0.0013
28.744,0.0094
28.749,0.0015
28.754,0.0094
28.759,0.0016
28.764,0.0094
28.769,0.0018
28.774,0.0093
28.779,0.0020
28.784,0.0093
28.790,0.0022
28.794,0.0092
28.799,0.0024
28.804,0.0091
28.809,0.0026
28.814,0.0091
28.819,0.0028
28.824,0.0091
28.829,0.0030
28.834,0.0090
28.839,0.0032
28.844,0.0090
28.849,0.0034
28.854,0.0089
28.859,0.0036
28.864,0.0089
28.869,0.0039
28.874,0.0089
28.879,0.0040
28.884,0.0089
28.889,0.0042
28.894,0.0089
28.899,0.0044
28.905,0.0089
28.909,0.0046
28.914,0.0088
28.920,0.0048
28.924,0.0088
28.929,0.0050
28.935,0.0089
28.939,0.0052
28.944,0.0088
28.949,0.0054
28.954,0.0088
28.959,0.0056
28.964,0.0088
28.969,0.0057
28.974,0.0089
28.979,0.0059
28.985,0.0089
28.990,0.0061
28.994,0.0089
28.999,0.0063
29.004,0.0089
29.009,0.0065
29.015,0.0090
29.019,0.0067
29.024,0.0090
29.030,0.0068
29.034,0.0090
29.039,0.0070
29.044,0.0090
29.049,0.0072
29.054,0.0091
29.059,0.0074
29.064,0.0091
29.069,0.0075
29.074,0.0091
29.095,0.0134
29.095,0.0096
29.095,0.0079
29.095,0.0092
29.099,0.0081
29.104,0.0092
29.148,0.0389
29.148,0.0343
29.148,0.0297
29.149,0.0253
29.149,0.0210
29.149,0.0170
29.149,0.0134
29.149,0.0105
29.149,0.0089
29.154,0.0093
29.196,0.0280
29.196,0.0241
29.196,0.0205
29.197,0.0170
29.197,0.0139
29.197,0.0113
29.197,0.0096
29.197,0.0093
29.199,0.0098
29.204,0.0094
29.248,0.0342
29.248,0.0308
29.248,0.0276
29.248,0.0244
29.248,0.0212
29.248,0.0182
29.248,0.0154
29.248,0.0128
29.249,0.0107
29.254,0.0093
29.301,0.0365
29.301,0.0333
29.301,0.0302
29.301,0.0270
29.301,0.0238
29.301,0.0207
29.301,0.0175
29.301,0.0145
29.301,0.0116
29.304,0.0091
29.309,0.0118
29.352,0.0390
29.352,0.0354
29.352,0.0318
29.352,0.0280
29.353,0.0242
29.353,0.0203
29.353,0.0164
29.353,0.0126
29.354,0.0088
29.360,0.0127
29.400,0.0472
29.400,0.0427
29.400,0.0380
29.400,0.0333
29.400,0.0285
29.400,0.0235
29.400,0.0185
29.400,0.0135
29.404,0.0084
29.409,0.0136
29.456,0.0567
29.456,0.0510
29.456,0.0452
29.456,0.0393
29.456,0.0332
29.456,0.0270
29.456,0.0207
29.456,0.0143
29.456,0.0079
29.459,0.0145
29.464,0.0077
29.512,0.0764
29.512,0.0692
29.512,0.0619
29.512,0.0545
29.512,0.0469
29.512,0.0392
29.512,0.0314
29.512,0.0234
29.512,0.0152
29.514,0.0071
29.520,0.0154
29.564,0.0798
29.565,0.0711
29.565,0.0622
29.565,0.0533
29.565,0.0442
29.565,0.0349
29.565,0.0254
29.565,0.0159
29.565,0.0064
29.569,0.0162
29.616,0.0902
29.616,0.0800
29.616,0.0698
29.616,0.0595
29.616,0.0490
29.616,0.0383
29.616,0.0275
29.616,0.0166
29.616,0.0057
29.619,0.0168
29.624,0.0056
29.668,0.1136
29.668,0.1019
29.668,0.0903
29.668,0.0784
29.668,0.0665
29.668,0.0543
29.668,0.0421
29.668,0.0298
29.669,0.0172
29.674,0.0047
29.721,0.1238
29.721,0.1109
29.721,0.0980
29.721,0.0850
29.721,0.0716
29.721,0.0583
29.721,0.0448
29.721,0.0312
29.721,0.0176
29.725,0.0039
29.729,0.0177
29.777,0.1190
29.777,0.1049
29.777,0.0907
29.777,0.0763
29.777,0.0618
29.777,0.0472
29.777,0.0325
29.777,0.0177
29.777,0.0030
29.779,0.0178
29.784,0.0027
29.828,0.1428
29.829,0.1275
29.829,0.1121
29.829,0.0967
29.829,0.0810
29.829,0.0653
29.829,0.0496
29.829,0.0338
29.829,0.0178
29.834,0.0019
29.876,0.1160
29.877,0.0998
29.877,0.0835
29.877,0.0672
29.877,0.0508
29.877,0.0342
29.877,0.0176
29.877,0.0011
29.879,0.0176
29.884,0.0010
29.929,0.1545
29.929,0.1377
29.929,0.1206
29.929,0.1035
29.929,0.0863
29.929,0.0691
29.929,0.0519
29.929,0.0345
29.930,0.0170
29.934,0.0009
29.977,0.1228
29.977,0.1053
29.977,0.0876
29.977,0.0699
29.977,0.0522
29.977,0.0345
29.977,0.0166
29.977,0.0014
29.979,0.0165
29.984,0.0016
30.028,0.1613
30.029,0.1432
30.029,0.1251
30.029,0.1070
30.029,0.0889
30.029,0.0706
30.029,0.0524
30.029,0.0340
30.029,0.0158
30.034,0.0028
30.076,0.1256
30.076,0.1075
30.076,0.0891
30.077,0.0706
30.077,0.0522
30.077,0.0335
30.077,0.0150
30.077,0.0035
30.079,0.0150
30.084,0.0036
30.128,0.1630
30.128,0.1443
30.128,0.1258
30.128,0.1072
30.129,0.0887
30.129,0.0700
30.129,0.0514
30.129,0.0327
30.129,0.0141
30.134,0.0046
30.176,0.1253
30.177,0.1066
30.177,0.0880
30.177,0.0693
30.177,0.0507
30.177,0.0320
30.177,0.0132
30.177,0.0055
30.179,0.0130
30.184,0.0056
30.228,0.1607
30.228,0.1420
30.229,0.1234
30.229,0.1050
30.229,0.0863
30.229,0.0677
30.229,0.0493
30.229,0.0305
30.229,0.0122
30.234,0.0064
30.281,0.1583
30.281,0.1399
30.281,0.1216
30.281,0.1031
30.281,0.0847
30.281,0.0662
30.281,0.0479
30.281,0.0295
30.281,0.0113
30.284,0.0071
30.289,0.0112
30.332,0.1374
30.332,0.1192
30.332,0.1010
30.332,0.0827
30.332,0.0648
30.332,0.0467
30.332,0.0286
30.332,0.0107
30.334,0.0078
30.339,0.0104
30.380,0.1346
30.381,0.1167
30.381,0.0988
30.381,0.0810
30.381,0.0632
30.381,0.0453
30.381,0.0276
30.381,0.0100
30.385,0.0083
30.389,0.0099
30.432,0.1313
30.432,0.1138
30.433,0.0964
30.433,0.0789
30.433,0.0614
30.433,0.0440
30.433,0.0267
30.433,0.0097
30.434,0.0089
30.439,0.0094
30.480,0.1282
30.480,0.1111
30.480,0.0940
30.481,0.0768
30.481,0.0598
30.481,0.0427
30.481,0.0257
30.481,0.0093
30.484,0.0093
30.489,0.0093
30.532,0.1251
30.532,0.1084
30.532,0.0915
30.532,0.0748
30.532,0.0580
30.532,0.0413
30.532,0.0249
30.532,0.0092
30.534,0.0096
30.539,0.0092
30.581,0.1222
30.581,0.1057
30.581,0.0893
30.581,0.0730
30.581,0.0567
30.581,0.0405
30.581,0.0244
30.581,0.0091
30.585,0.0100
30.589,0.0092
30.632,0.1197
30.633,0.1036
30.633,0.0875
30.633,0.0715
30.633,0.0555
30.633,0.0397
30.633,0.0240
30.633,0.0094
30.635,0.0103
30.639,0.0094
30.684,0.1175
30.684,0.1017
30.684,0.0860
30.685,0.0702
30.685,0.0547
30.685,0.0392
30.685,0.0239
30.685,0.0098
30.685,0.0104
30.689,0.0099
30.737,0.1157
30.737,0.1003
30.737,0.0848
30.737,0.0694
30.737,0.0541
30.737,0.0389
30.737,0.0239
30.737,0.0103
30.737,0.0105
30.740,0.0103
30.744,0.0106
30.788,0.1295
30.788,0.1144
30.788,0.0991
30.788,0.0840
30.788,0.0689
30.788,0.0538
30.788,0.0389
30.788,0.0242
30.789,0.0109
30.794,0.0107
30.836,0.0988
30.837,0.0837
30.837,0.0688
30.837,0.0538
30.837,0.0390
30.837,0.0244
30.837,0.0114
30.837,0.0107
30.839,0.0115
30.844,0.0107
30.892,0.1289
30.893,0.1140
30.893,0.0990
30.893,0.0841
30.893,0.0692
30.893,0.0543
30.893,0.0396
30.893,0.0251
30.893,0.0121
30.894,0.0106
30.899,0.0122
30.944,0.1146
30.945,0.0997
30.945,0.0847
30.945,0.0699
30.945,0.0550
30.945,0.0402
30.945,0.0257
30.945,0.0127
30.945,0.0106
30.949,0.0128
30.993,0.1158
30.993,0.1008
30.993,0.0857
30.993,0.0708
30.993,0.0558
30.993,0.0410
30.993,0.0263
30.993,0.0133
30.994,0.0104
30.999,0.0134
31.040,0.1174
31.040,0.1022
31.040,0.0871
31.041,0.0719
31.041,0.0568
31.041,0.0419
31.041,0.0272
31.041,0.0137
31.044,0.0103
31.049,0.0138
31.093,0.1192
31.093,0.1039
31.093,0.0886
31.093,0.0733
31.093,0.0579
31.093,0.0428
31.093,0.0279
31.093,0.0141
31.095,0.0101
31.099,0.0143
31.140,0.1214
31.141,0.1059
31.141,0.0904
31.141,0.0747
31.141,0.0593
31.141,0.0438
31.141,0.0286
31.141,0.0145
31.144,0.0098
31.149,0.0147
31.196,0.1238
31.197,0.1080
31.197,0.0922
31.197,0.0764
31.197,0.0606
31.197,0.0449
31.197,0.0294
31.197,0.0148
31.197,0.0097
31.199,0.0149
31.204,0.0096
31.248,0.1429
31.248,0.1268
31.248,0.1106
31.248,0.0943
31.249,0.0782
31.249,0.0622
31.249,0.0461
31.249,0.0301
31.249,0.0152
31.254,0.0093
31.300,0.1456
31.300,0.1292
31.301,0.1128
31.301,0.0963
31.301,0.0799
31.301,0.0634
31.301,0.0470
31.301,0.0308
31.301,0.0154
31.304,0.0091
31.309,0.0154
31.356,0.1318
31.357,0.1149
31.357,0.0982
31.357,0.0815
31.357,0.0647
31.357,0.0480
31.357,0.0314
31.357,0.0156
31.357,0.0088
31.359,0.0156
31.364,0.0087
31.408,0.1519
31.409,0.1347
31.409,0.1176
31.409,0.1005
31.409,0.0833
31.409,0.0661
31.409,0.0490
31.409,0.0320
31.409,0.0156
31.414,0.0086
31.460,0.1547
31.461,0.1372
31.461,0.1198
31.461,0.1023
31.461,0.0848
31.461,0.0673
31.461,0.0498
31.461,0.0323
31.461,0.0157
31.465,0.0084
31.469,0.0157
31.516,0.1395
31.516,0.1217
31.517,0.1039
31.517,0.0861
31.517,0.0682
31.517,0.0505
31.517,0.0328
31.517,0.0156
31.517,0.0082
31.519,0.0157
31.524,0.0081
31.568,0.1601
31.569,0.1421
31.569,0.1239
31.569,0.1057
31.569,0.0875
31.569,0.0694
31.569,0.0512
31.569,0.0332
31.569,0.0157
31.574,0.0080
31.621,0.1623
31.621,0.1440
31.621,0.1255
31.621,0.1071
31.621,0.0886
31.621,0.0702
31.621,0.0517
31.621,0.0334
31.621,0.0155
31.624,0.0079
31.629,0.0155
31.672,0.1456
31.672,0.1270
31.672,0.1083
31.672,0.0896
31.672,0.0709
31.672,0.0522
31.672,0.0336
31.672,0.0154
31.674,0.0078
31.679,0.0153
31.720,0.1472
31.720,0.1283
31.721,0.1094
31.721,0.0905
31.721,0.0714
31.721,0.0525
31.721,0.0337
31.721,0.0153
31.724,0.0077
31.730,0.0152
31.772,0.1486
31.772,0.1294
31.772,0.1103
31.772,0.0912
31.772,0.0719
31.772,0.0528
31.772,0.0339
31.772,0.0151
31.775,0.0077
31.779,0.0150
31.820,0.1497
31.821,0.1305
31.821,0.1112
31.821,0.0919
31.821,0.0724
31.821,0.0530
31.821,0.0338
31.821,0.0148
31.824,0.0076
31.829,0.0149
31.876,0.1506
31.876,0.1310
31.876,0.1115
31.876,0.0921
31.876,0.0725
31.876,0.0531
31.876,0.0335
31.876,0.0146
31.876,0.0076
31.879,0.0145
31.884,0.0076
31.929,0.1712
31.929,0.1516
31.929,0.1318
31.929,0.1122
31.929,0.0924
31.929,0.0728
31.929,0.0529
31.929,0.0335
31.929,0.0142
31.934,0.0078
31.976,0.1322
31.977,0.1124
31.977,0.0926
31.977,0.0728
31.977,0.0531
31.977,0.0335
31.977,0.0140
31.977,0.0077
31.980,0.0139
31.984,0.0079
32.028,0.1721
32.028,0.1522
32.028,0.1325
32.028,0.1126
32.028,0.0928
32.029,0.0728
32.029,0.0530
32.029,0.0332
32.029,0.0136
32.034,0.0079
32.076,0.1325
32.076,0.1126
32.076,0.0927
32.076,0.0728
32.076,0.0528
32.076,0.0330
32.076,0.0134
32.076,0.0080
32.079,0.0134
32.085,0.0080
32.128,0.1727
32.128,0.1526
32.128,0.1326
32.128,0.1127
32.129,0.0927
32.129,0.0727
32.129,0.0527
32.129,0.0328
32.129,0.0132
32.134,0.0080
32.176,0.1327
32.176,0.1126
32.176,0.0925
32.176,0.0726
32.176,0.0525
32.176,0.0326
32.176,0.0128
32.177,0.0082
32.179,0.0128
32.184,0.0082
32.229,0.1724
32.229,0.1524
32.229,0.1324
32.229,0.1124
32.229,0.0923
32.229,0.0723
32.229,0.0523
32.229,0.0323
32.229,0.0125
32.234,0.0083
32.276,0.1322
32.277,0.1122
32.277,0.0921
32.277,0.0721
32.277,0.0520
32.277,0.0321
32.277,0.0123
32.277,0.0085
32.279,0.0122
32.284,0.0085
32.329,0.1720
32.329,0.1521
32.329,0.1320
32.329,0.1120
32.329,0.0919
32.329,0.0718
32.329,0.0519
32.329,0.0319
32.329,0.0119
32.334,0.0086
32.377,0.1318
32.377,0.1118
32.377,0.0918
32.377,0.0717
32.377,0.0518
32.377,0.0316
32.377,0.0117
32.377,0.0086
32.379,0.0117
32.384,0.0087
32.433,0.1714
32.433,0.1515
32.433,0.1314
32.433,0.1114
32.433,0.0914
32.433,0.0714
32.433,0.0514
32.433,0.0314
32.433,0.0115
32.434,0.0088
32.439,0.0115
32.485,0.1512
32.485,0.1312
32.485,0.1111
32.485,0.0912
32.485,0.0712
32.485,0.0512
32.485,0.0313
32.485,0.0113
32.485,0.0089
32.489,0.0113
32.533,0.1511
32.533,0.1311
32.533,0.1111
32.533,0.0910
32.533,0.0711
32.533,0.0511
32.533,0.0310
32.533,0.0112
32.535,0.0090
32.539,0.0111
32.580,0.1510
32.580,0.1307
32.580,0.1109
32.580,0.0911
32.580,0.0711
32.580,0.0511
32.580,0.0311
32.580,0.0112
32.584,0.0090
32.589,0.0111
32.632,0.1510
32.632,0.1310
32.632,0.1110
32.632,0.0910
32.632,0.0710
32.632,0.0509
32.632,0.0310
32.632,0.0109
32.634,0.0091
32.639,0.0109
32.681,0.1508
32.681,0.1308
32.681,0.1108
32.681,0.0908
32.681,0.0709
32.681,0.0508
32.681,0.0309
32.681,0.0108
32.684,0.0091
32.689,0.0110
32.732,0.1508
32.732,0.1308
32.732,0.1108
32.732,0.0908
32.733,0.0708
32.733,0.0508
32.733,0.0309
32.733,0.0108
32.734,0.0092
32.739,0.0108
32.781,0.1508
32.781,0.1308
32.781,0.1108
32.781,0.0908
32.781,0.0708
32.781,0.0508
32.781,0.0308
32.781,0.0107
32.784,0.0093
32.789,0.0108
32.832,0.1508
32.832,0.1308
32.832,0.1108
32.832,0.0907
32.832,0.0707
32.832,0.0507
32.832,0.0307
32.832,0.0107
32.834,0.0094
32.839,0.0106
32.884,0.1507
32.885,0.1307
32.885,0.1106
32.885,0.0904
32.885,0.0706
32.885,0.0506
32.885,0.0306
32.885,0.0106
32.885,0.0095
32.889,0.0106
32.933,0.1505
32.933,0.1305
32.933,0.1104
32.933,0.0904
32.933,0.0704
32.933,0.0505
32.933,0.0305
32.933,0.0105
32.934,0.0096
32.939,0.0106
32.980,0.1501
32.980,0.1301
32.981,0.1101
32.981,0.0901
32.981,0.0702
32.981,0.0502
32.981,0.0302
32.981,0.0103
32.985,0.0097
32.989,0.0103
33.033,0.1490
33.033,0.1292
33.033,0.1093
33.033,0.0893
33.033,0.0695
33.033,0.0497
33.033,0.0297
33.033,0.0100
33.035,0.0099
33.039,0.0101
33.081,0.1476
33.081,0.1279
33.081,0.1082
33.081,0.0885
33.081,0.0688
33.081,0.0491
33.081,0.0293
33.081,0.0097
33.085,0.0101
33.089,0.0097
33.133,0.1457
33.133,0.1262
33.133,0.1067
33.133,0.0871
33.133,0.0676
33.133,0.0481
33.133,0.0286
33.133,0.0093
33.134,0.0102
33.139,0.0094
33.180,0.1431
33.181,0.1239
33.181,0.1044
33.181,0.0853
33.181,0.0662
33.181,0.0470
33.181,0.0279
33.181,0.0089
33.184,0.0104
33.189,0.0087
33.237,0.1400
33.237,0.1211
33.237,0.1021
33.237,0.0831
33.237,0.0644
33.237,0.0457
33.237,0.0269
33.237,0.0083
33.237,0.0106
33.240,0.0081
33.244,0.0108
33.288,0.1539
33.288,0.1354
33.288,0.1171
33.288,0.0986
33.288,0.0803
33.288,0.0620
33.288,0.0438
33.288,0.0255
33.289,0.0075
33.294,0.0109
33.341,0.1492
33.341,0.1311
33.341,0.1132
33.341,0.0954
33.341,0.0775
33.341,0.0597
33.341,0.0420
33.341,0.0243
33.341,0.0068
33.344,0.0112
33.349,0.0067
33.392,0.1263
33.392,0.1088
33.392,0.0915
33.392,0.0743
33.392,0.0571
33.392,0.0400
33.392,0.0229
33.392,0.0061
33.394,0.0112
33.399,0.0060
33.444,0.1211
33.444,0.1042
33.444,0.0875
33.445,0.0709
33.445,0.0544
33.445,0.0378
33.445,0.0215
33.445,0.0054
33.445,0.0114
33.449,0.0052
33.493,0.1154
33.493,0.0994
33.493,0.0833
33.493,0.0675
33.493,0.0516
33.493,0.0357
33.493,0.0200
33.493,0.0047
33.494,0.0115
33.499,0.0045
33.540,0.1096
33.540,0.0943
33.540,0.0790
33.540,0.0638
33.540,0.0487
33.540,0.0335
33.540,0.0186
33.540,0.0041
33.544,0.0115
33.549,0.0039
33.592,0.1036
33.593,0.0890
33.593,0.0744
33.593,0.0600
33.593,0.0455
33.593,0.0313
33.593,0.0172
33.593,0.0037
33.595,0.0116
33.599,0.0035
33.640,0.0978
33.641,0.0838
33.641,0.0701
33.641,0.0564
33.641,0.0428
33.641,0.0292
33.641,0.0158
33.641,0.0033
33.644,0.0115
33.649,0.0033
33.697,0.0923
33.697,0.0792
33.697,0.0661
33.697,0.0531
33.697,0.0402
33.697,0.0274
33.697,0.0147
33.697,0.0032
33.697,0.0114
33.700,0.0031
33.704,0.0113
33.753,0.0989
33.753,0.0865
33.753,0.0741
33.753,0.0619
33.753,0.0497
33.753,0.0375
33.753,0.0255
33.753,0.0135
33.753,0.0031
33.754,0.0110
33.759,0.0031
33.800,0.0823
33.800,0.0705
33.801,0.0589
33.801,0.0471
33.801,0.0357
33.801,0.0242
33.801,0.0129
33.801,0.0031
33.804,0.0106
33.809,0.0031
33.852,0.0788
33.852,0.0676
33.852,0.0563
33.852,0.0453
33.852,0.0342
33.852,0.0233
33.852,0.0124
33.852,0.0031
33.855,0.0103
33.859,0.0030
33.900,0.0760
33.901,0.0652
33.901,0.0545
33.901,0.0438
33.901,0.0331
33.901,0.0225
33.901,0.0121
33.901,0.0030
33.905,0.0099
33.909,0.0030
33.956,0.0738
33.957,0.0634
33.957,0.0530
33.957,0.0427
33.957,0.0324
33.957,0.0220
33.957,0.0118
33.957,0.0029
33.957,0.0094
33.959,0.0029
33.964,0.0093
34.008,0.0824
34.008,0.0722
34.009,0.0621
34.009,0.0520
34.009,0.0418
34.009,0.0318
34.009,0.0218
34.009,0.0118
34.009,0.0029
34.014,0.0088
34.061,0.0816
34.061,0.0716
34.061,0.0616
34.061,0.0516
34.061,0.0417
34.061,0.0317
34.061,0.0218
34.061,0.0120
34.061,0.0029
34.065,0.0083
34.069,0.0029
34.112,0.0716
34.112,0.0617
34.112,0.0518
34.112,0.0419
34.112,0.0320
34.112,0.0222
34.112,0.0124
34.112,0.0030
34.114,0.0079
34.119,0.0030
34.160,0.0723
34.161,0.0624
34.161,0.0525
34.161,0.0425
34.161,0.0326
34.161,0.0228
34.161,0.0129
34.161,0.0033
34.164,0.0074
34.169,0.0034
34.212,0.0734
34.212,0.0635
34.212,0.0536
34.212,0.0435
34.212,0.0335
34.212,0.0235
34.212,0.0135
34.212,0.0038
34.214,0.0069
34.219,0.0040
34.264,0.0754
34.265,0.0653
34.265,0.0551
34.265,0.0449
34.265,0.0347
34.265,0.0246
34.265,0.0144
34.265,0.0044
34.265,0.0065
34.269,0.0045
34.313,0.0777
34.313,0.0673
34.313,0.0570
34.313,0.0466
34.313,0.0362
34.313,0.0257
34.313,0.0153
34.313,0.0051
34.314,0.0062
34.319,0.0052
34.365,0.0806
34.365,0.0700
34.365,0.0593
34.365,0.0486
34.365,0.0379
34.365,0.0272
34.365,0.0164
34.365,0.0058
34.365,0.0058
34.369,0.0059
34.416,0.0840
34.416,0.0730
34.416,0.0620
34.416,0.0509
34.416,0.0397
34.416,0.0286
34.416,0.0176
34.416,0.0066
34.416,0.0055
34.419,0.0067
34.424,0.0055
34.472,0.0999
34.473,0.0884
34.473,0.0769
34.473,0.0654
34.473,0.0539
34.473,0.0422
34.473,0.0306
34.473,0.0190
34.473,0.0074
34.474,0.0053
34.479,0.0075
34.521,0.0925
34.521,0.0805
34.521,0.0685
34.521,0.0565
34.521,0.0444
34.521,0.0323
34.521,0.0202
34.521,0.0081
34.525,0.0052
34.530,0.0081
34.577,0.0965
34.577,0.0842
34.577,0.0717
34.577,0.0590
34.577,0.0465
34.577,0.0339
34.577,0.0213
34.577,0.0088
34.577,0.0050
34.580,0.0088
34.584,0.0050
34.628,0.1145
34.628,0.1015
34.628,0.0884
34.628,0.0753
34.628,0.0623
34.628,0.0491
34.628,0.0359
34.628,0.0227
34.629,0.0095
34.634,0.0048
34.676,0.0913
34.677,0.0778
34.677,0.0643
34.677,0.0506
34.677,0.0371
34.677,0.0235
34.677,0.0099
34.677,0.0048
34.680,0.0100
34.684,0.0048
34.732,0.1232
34.733,0.1091
34.733,0.0953
34.733,0.0812
34.733,0.0671
34.733,0.0529
34.733,0.0388
34.733,0.0245
34.733,0.0104
34.734,0.0048
34.739,0.0105
34.780,0.1127
34.780,0.0983
34.780,0.0837
34.780,0.0692
34.780,0.0546
34.780,0.0400
34.780,0.0253
34.780,0.0108
34.784,0.0049
34.789,0.0108
34.832,0.1157
34.832,0.1008
34.832,0.0858
34.832,0.0710
34.832,0.0559
34.832,0.0410
34.832,0.0259
34.832,0.0109
34.834,0.0050
34.839,0.0110
34.884,0.1182
34.884,0.1030
34.884,0.0877
34.884,0.0724
34.884,0.0571
34.884,0.0417
34.884,0.0263
34.884,0.0110
34.884,0.0053
34.889,0.0111
34.932,0.1202
34.932,0.1046
34.932,0.0892
34.932,0.0736
34.932,0.0580
34.932,0.0422
34.932,0.0266
34.932,0.0109
34.934,0.0053
34.939,0.0110
34.980,0.1217
34.981,0.1059
34.981,0.0901
34.981,0.0744
34.981,0.0585
34.981,0.0425
34.981,0.0267
34.981,0.0109
34.984,0.0056
34.989,0.0109
35.032,0.1229
35.032,0.1070
35.032,0.0910
35.032,0.0748
35.032,0.0589
35.032,0.0429
35.032,0.0269
35.032,0.0109
35.034,0.0057
35.039,0.0108
35.084,0.1237
35.084,0.1075
35.084,0.0913
35.084,0.0752
35.084,0.0589
35.084,0.0429
35.084,0.0267
35.084,0.0107
35.084,0.0059
35.089,0.0107
35.132,0.1243
35.132,0.1080
35.132,0.0918
35.132,0.0756
35.132,0.0593
35.132,0.0430
35.132,0.0268
35.133,0.0105
35.134,0.0061
35.139,0.0105
35.180,0.1244
35.181,0.1081
35.181,0.0918
35.181,0.0755
35.181,0.0592
35.181,0.0429
35.181,0.0266
35.181,0.0103
35.185,0.0064
35.189,0.0102
35.232,0.1244
35.233,0.1082
35.233,0.0919
35.233,0.0754
35.233,0.0591
35.233,0.0427
35.233,0.0264
35.233,0.0101
35.234,0.0064
35.239,0.0100
35.281,0.1243
35.281,0.1079
35.281,0.0916
35.281,0.0752
35.281,0.0590
35.281,0.0426
35.281,0.0262
35.281,0.0098
35.285,0.0066
35.289,0.0099
35.332,0.1241
35.332,0.1078
35.332,0.0915
35.332,0.0750
35.332,0.0587
35.332,0.0424
35.332,0.0261
35.332,0.0098
35.334,0.0068
35.339,0.0096
35.380,0.1236
35.381,0.1072
35.381,0.0909
35.381,0.0746
35.381,0.0584
35.381,0.0420
35.381,0.0257
35.381,0.0095
35.385,0.0068
35.389,0.0094
35.432,0.1230
35.432,0.1067
35.432,0.0905
35.432,0.0742
35.432,0.0580
35.432,0.0417
35.432,0.0255
35.433,0.0093
35.434,0.0070
35.439,0.0092
35.480,0.1224
35.480,0.1062
35.480,0.0900
35.480,0.0737
35.480,0.0576
35.480,0.0414
35.480,0.0252
35.480,0.0090
35.484,0.0071
35.489,0.0089
35.532,0.1217
35.532,0.1056
35.532,0.0894
35.532,0.0733
35.532,0.0572
35.532,0.0411
35.532,0.0250
35.532,0.0089
35.534,0.0072
35.539,0.0089
35.580,0.1209
35.581,0.1048
35.581,0.0887
35.581,0.0726
35.581,0.0566
35.581,0.0407
35.581,0.0247
35.581,0.0087
35.585,0.0073
35.589,0.0086
35.632,0.1202
35.633,0.1042
35.633,0.0883
35.633,0.0723
35.633,0.0563
35.633,0.0404
35.633,0.0245
35.633,0.0086
35.634,0.0074
35.639,0.0085
35.680,0.1196
35.681,0.1037
35.681,0.0879
35.681,0.0719
35.681,0.0560
35.681,0.0402
35.681,0.0243
35.681,0.0085
35.685,0.0075
35.689,0.0085
35.736,0.1192
35.736,0.1034
35.736,0.0875
35.736,0.0717
35.736,0.0559
35.736,0.0401
35.736,0.0242
35.736,0.0085
35.736,0.0074
35.739,0.0085
35.744,0.0075
35.792,0.1348
35.793,0.1190
35.793,0.1033
35.793,0.0875
35.793,0.0718
35.793,0.0559
35.793,0.0400
35.793,0.0242
35.793,0.0085
35.794,0.0075
35.799,0.0086
35.840,0.1192
35.841,0.1034
35.841,0.0875
35.841,0.0717
35.841,0.0560
35.841,0.0402
35.841,0.0244
35.841,0.0087
35.844,0.0075
35.849,0.0087
35.893,0.1196
35.893,0.1038
35.893,0.0880
35.893,0.0721
35.893,0.0563
35.893,0.0405
35.893,0.0247
35.893,0.0089
35.895,0.0075
35.899,0.0089
35.941,0.1202
35.941,0.1043
35.941,0.0884
35.941,0.0726
35.941,0.0566
35.941,0.0407
35.941,0.0248
35.941,0.0090
35.944,0.0074
35.949,0.0090
35.992,0.1211
35.993,0.1052
35.993,0.0892
35.993,0.0732
35.993,0.0572
35.993,0.0411
35.993,0.0252
35.993,0.0093
35.994,0.0073
35.999,0.0094
36.040,0.1223
36.041,0.1060
36.041,0.0900
36.041,0.0740
36.041,0.0579
36.041,0.0417
36.041,0.0256
36.041,0.0096
36.044,0.0074
36.049,0.0096
36.092,0.1236
36.093,0.1075
36.093,0.0911
36.093,0.0749
36.093,0.0586
36.093,0.0423
36.093,0.0261
36.093,0.0098
36.094,0.0073
36.099,0.0099
36.140,0.1252
36.141,0.1089
36.141,0.0925
36.141,0.0760
36.141,0.0596
36.141,0.0429
36.141,0.0265
36.141,0.0102
36.144,0.0072
36.149,0.0102
36.193,0.1271
36.193,0.1105
36.193,0.0939
36.193,0.0772
36.193,0.0605
36.193,0.0438
36.193,0.0270
36.193,0.0105
36.195,0.0073
36.199,0.0106
36.240,0.1288
36.241,0.1119
36.241,0.0949
36.241,0.0781
36.241,0.0613
36.241,0.0443
36.241,0.0274
36.241,0.0107
36.245,0.0073
36.249,0.0108
36.292,0.1308
36.292,0.1136
36.292,0.0966
36.292,0.0794
36.293,0.0624
36.293,0.0452
36.293,0.0280
36.293,0.0110
36.294,0.0073
36.299,0.0110
36.340,0.1329
36.341,0.1152
36.341,0.0980
36.341,0.0808
36.341,0.0633
36.341,0.0460
36.341,0.0286
36.341,0.0112
36.345,0.0073
36.350,0.0113
36.393,0.1348
36.393,0.1173
36.393,0.0995
36.393,0.0820
36.393,0.0643
36.393,0.0467
36.393,0.0290
36.393,0.0115
36.394,0.0073
36.399,0.0116
36.444,0.1369
36.444,0.1191
36.444,0.1013
36.444,0.0833
36.444,0.0655
36.444,0.0475
36.444,0.0296
36.444,0.0118
36.444,0.0074
36.449,0.0117
36.492,0.1388
36.492,0.1206
36.492,0.1025
36.492,0.0844
36.492,0.0663
36.493,0.0480
36.493,0.0300
36.493,0.0120
36.495,0.0075
36.499,0.0119
36.540,0.1406
36.540,0.1223
36.540,0.1039
36.540,0.0855
36.540,0.0672
36.540,0.0488
36.540,0.0304
36.540,0.0121
36.544,0.0074
36.549,0.0121
36.592,0.1422
36.592,0.1238
36.592,0.1051
36.592,0.0866
36.592,0.0680
36.592,0.0493
36.592,0.0307
36.592,0.0122
36.594,0.0075
36.599,0.0122
36.640,0.1439
36.640,0.1251
36.640,0.1064
36.640,0.0876
36.640,0.0688
36.640,0.0499
36.640,0.0310
36.640,0.0123
36.644,0.0075
36.649,0.0123
36.692,0.1454
36.692,0.1265
36.692,0.1074
36.692,0.0883
36.692,0.0693
36.692,0.0503
36.692,0.0313
36.692,0.0123
36.694,0.0077
36.699,0.0123
36.740,0.1468
36.740,0.1277
36.740,0.1084
36.740,0.0890
36.740,0.0698
36.740,0.0507
36.740,0.0315
36.740,0.0124
36.744,0.0077
36.749,0.0125
36.792,0.1481
36.792,0.1286
36.793,0.1094
36.793,0.0900
36.793,0.0705
36.793,0.0511
36.793,0.0317
36.793,0.0124
36.794,0.0078
36.799,0.0124
36.840,0.1491
36.841,0.1295
36.841,0.1099
36.841,0.0904
36.841,0.0708
36.841,0.0514
36.841,0.0318
36.841,0.0122
36.845,0.0081
36.849,0.0123
36.893,0.1499
36.893,0.1302
36.893,0.1106
36.893,0.0909
36.893,0.0712
36.893,0.0515
36.893,0.0318
36.893,0.0123
36.894,0.0081
36.899,0.0122
36.940,0.1506
36.941,0.1308
36.941,0.1110
36.941,0.0912
36.941,0.0714
36.941,0.0516
36.941,0.0318
36.941,0.0121
36.945,0.0084
36.949,0.0121
36.992,0.1511
36.992,0.1312
36.993,0.1114
36.993,0.0915
36.993,0.0716
36.993,0.0517
36.993,0.0318
36.993,0.0121
36.995,0.0084
36.999,0.0120
37.041,0.1514
37.041,0.1315
37.041,0.1116
37.041,0.0916
37.041,0.0717
37.041,0.0517
37.041,0.0318
37.041,0.0120
37.045,0.0086
37.049,0.0120
37.093,0.1517
37.093,0.1316
37.093,0.1116
37.093,0.0916
37.093,0.0717
37.093,0.0516
37.093,0.0317
37.093,0.0119
37.095,0.0086
37.099,0.0118
37.141,0.1516
37.141,0.1316
37.141,0.1115
37.141,0.0916
37.141,0.0716
37.141,0.0515
37.141,0.0316
37.141,0.0116
37.145,0.0088
37.149,0.0117
37.192,0.1515
37.193,0.1315
37.193,0.1114
37.193,0.0914
37.193,0.0714
37.193,0.0514
37.193,0.0314
37.193,0.0115
37.194,0.0089
37.199,0.0115
37.240,0.1513
37.240,0.1312
37.240,0.1113
37.240,0.0913
37.240,0.0712
37.240,0.0513
37.240,0.0313
37.240,0.0113
37.244,0.0090
37.249,0.0114
37.296,0.1510
37.296,0.1310
37.296,0.1110
37.296,0.0909
37.296,0.0709
37.296,0.0511
37.296,0.0312
37.296,0.0113
37.296,0.0091
37.299,0.0112
37.304,0.0092
37.348,0.1706
37.348,0.1506
37.348,0.1306
37.348,0.1107
37.348,0.0908
37.348,0.0707
37.348,0.0509
37.348,0.0309
37.349,0.0110
37.354,0.0093
37.397,0.1304
37.397,0.1104
37.397,0.0905
37.397,0.0706
37.397,0.0507
37.397,0.0308
37.397,0.0110
37.397,0.0093
37.399,0.0110
37.404,0.0093
37.448,0.1699
37.449,0.1499
37.449,0.1301
37.449,0.1102
37.449,0.0902
37.449,0.0703
37.449,0.0504
37.449,0.0307
37.449,0.0108
37.454,0.0093
37.496,0.1298
37.496,0.1100
37.496,0.0901
37.496,0.0701
37.496,0.0503
37.496,0.0305
37.496,0.0109
37.496,0.0093
37.499,0.0108
37.504,0.0094
37.548,0.1692
37.548,0.1493
37.548,0.1295
37.549,0.1097
37.549,0.0898
37.549,0.0700
37.549,0.0502
37.549,0.0304
37.549,0.0107
37.554,0.0094
37.600,0.1688
37.600,0.1490
37.601,0.1293
37.601,0.1095
37.601,0.0896
37.601,0.0698
37.601,0.0500
37.601,0.0303
37.601,0.0105
37.604,0.0095
37.609,0.0106
37.652,0.1486
37.653,0.1289
37.653,0.1092
37.653,0.0894
37.653,0.0697
37.653,0.0498
37.653,0.0301
37.653,0.0105
37.655,0.0095
37.659,0.0104
37.700,0.1483
37.701,0.1286
37.701,0.1088
37.701,0.0891
37.701,0.0694
37.701,0.0496
37.701,0.0299
37.701,0.0103
37.705,0.0097
37.710,0.0102
37.753,0.1478
37.753,0.1282
37.753,0.1085
37.753,0.0889
37.753,0.0692
37.753,0.0493
37.753,0.0298
37.753,0.0103
37.754,0.0096
37.759,0.0103
37.800,0.1473
37.800,0.1277
37.800,0.1081
37.800,0.0883
37.801,0.0688
37.801,0.0492
37.801,0.0297
37.801,0.0100
37.804,0.0097
37.809,0.0101
37.852,0.1468
37.852,0.1271
37.852,0.1075
37.852,0.0881
37.852,0.0685
37.852,0.0489
37.853,0.0295
37.853,0.0101
37.854,0.0098
37.859,0.0100
37.900,0.1459
37.901,0.1264
37.901,0.1070
37.901,0.0875
37.901,0.0681
37.901,0.0486
37.901,0.0293
37.901,0.0099
37.904,0.0099
37.909,0.0100
37.956,0.1452
37.956,0.1258
37.956,0.1064
37.956,0.0871
37.956,0.0677
37.956,0.0485
37.957,0.0291
37.957,0.0100
37.957,0.0098
37.960,0.0100
37.964,0.0099
38.008,0.1636
38.008,0.1443
38.008,0.1250
38.008,0.1057
38.008,0.0866
38.008,0.0674
38.008,0.0482
38.008,0.0291
38.009,0.0099
38.014,0.0099
38.057,0.1247
38.057,0.1055
38.057,0.0863
38.057,0.0671
38.057,0.0479
38.057,0.0290
38.057,0.0101
38.057,0.0099
38.060,0.0100
38.065,0.0102
38.113,0.1622
38.113,0.1432
38.113,0.1240
38.113,0.1050
38.113,0.0860
38.113,0.0669
38.113,0.0480
38.113,0.0290
38.113,0.0104
38.115,0.0100
38.119,0.0103
38.160,0.1427
38.160,0.1237
38.160,0.1047
38.160,0.0856
38.161,0.0668
38.161,0.0479
38.161,0.0290
38.161,0.0105
38.165,0.0101
38.169,0.0105
38.213,0.1425
38.213,0.1235
38.213,0.1045
38.213,0.0857
38.213,0.0668
38.213,0.0479
38.213,0.0291
38.213,0.0107
38.215,0.0101
38.219,0.0107
38.264,0.1422
38.265,0.1233
38.265,0.1044
38.265,0.0855
38.265,0.0667
38.265,0.0478
38.265,0.0292
38.265,0.0110
38.265,0.0101
38.269,0.0109
38.312,0.1423
38.313,0.1235
38.313,0.1046
38.313,0.0859
38.313,0.0669
38.313,0.0482
38.313,0.0294
38.313,0.0112
38.314,0.0099
38.319,0.0113
38.361,0.1427
38.361,0.1238
38.361,0.1050
38.361,0.0859
38.361,0.0673
38.361,0.0485
38.361,0.0295
38.361,0.0114
38.364,0.0098
38.369,0.0115
38.416,0.1433
38.416,0.1244
38.417,0.1055
38.417,0.0865
38.417,0.0677
38.417,0.0488
38.417,0.0300
38.417,0.0117
38.417,0.0097
38.419,0.0116
38.424,0.0095
38.469,0.1632
38.469,0.1443
38.469,0.1252
38.469,0.1062
38.469,0.0871
38.469,0.0681
38.469,0.0492
38.469,0.0302
38.469,0.0118
38.474,0.0093
38.520,0.1640
38.521,0.1450
38.521,0.1258
38.521,0.1068
38.521,0.0876
38.521,0.0686
38.521,0.0497
38.521,0.0304
38.521,0.0118
38.524,0.0092
38.529,0.0118
38.572,0.1458
38.573,0.1266
38.573,0.1073
38.573,0.0883
38.573,0.0690
38.573,0.0498
38.573,0.0307
38.573,0.0118
38.574,0.0090
38.580,0.0117
38.620,0.1465
38.620,0.1274
38.620,0.1081
38.620,0.0888
38.620,0.0694
38.620,0.0501
38.620,0.0308
38.620,0.0118
38.625,0.0088
38.629,0.0117
38.672,0.1474
38.673,0.1280
38.673,0.1086
38.673,0.0892
38.673,0.0697
38.673,0.0504
38.673,0.0309
38.673,0.0117
38.675,0.0086
38.679,0.0117
38.720,0.1479
38.721,0.1285
38.721,0.1089
38.721,0.0895
38.721,0.0700
38.721,0.0504
38.721,0.0309
38.721,0.0115
38.724,0.0085
38.729,0.0116
38.772,0.1485
38.772,0.1288
38.772,0.1094
38.772,0.0897
38.773,0.0702
38.773,0.0507
38.773,0.0311
38.773,0.0115
38.775,0.0084
38.779,0.0115
38.820,0.1489
38.820,0.1294
38.820,0.1096
38.820,0.0900
38.820,0.0704
38.820,0.0508
38.820,0.0312
38.820,0.0114
38.824,0.0083
38.829,0.0115
38.873,0.1492
38.873,0.1294
38.873,0.1097
38.873,0.0901
38.873,0.0704
38.873,0.0507
38.873,0.0311
38.873,0.0111
38.874,0.0083
38.879,0.0114
38.920,0.1493
38.921,0.1296
38.921,0.1099
38.921,0.0901
38.921,0.0704
38.921,0.0507
38.921,0.0311
38.921,0.0113
38.924,0.0083
38.929,0.0114
38.972,0.1493
38.973,0.1295
38.973,0.1099
38.973,0.0902
38.973,0.0705
38.973,0.0508
38.973,0.0311
38.973,0.0114
38.974,0.0083
38.979,0.0114
39.021,0.1493
39.021,0.1296
39.021,0.1099
39.021,0.0902
39.021,0.0705
39.021,0.0508
39.021,0.0311
39.021,0.0114
39.025,0.0084
39.030,0.0114
39.072,0.1494
39.073,0.1299
39.073,0.1102
39.073,0.0905
39.073,0.0708
39.073,0.0509
39.073,0.0312
39.073,0.0116
39.075,0.0083
39.079,0.0116
39.121,0.1496
39.121,0.1299
39.121,0.1102
39.121,0.0904
39.121,0.0707
39.121,0.0510
39.121,0.0313
39.121,0.0117
39.125,0.0084
39.129,0.0118
39.172,0.1497
39.173,0.1299
39.173,0.1103
39.173,0.0906
39.173,0.0709
39.173,0.0512
39.173,0.0316
39.173,0.0120
39.174,0.0083
39.179,0.0119
39.220,0.1498
39.221,0.1300
39.221,0.1103
39.221,0.0906
39.221,0.0709
39.221,0.0512
39.221,0.0316
39.221,0.0120
39.225,0.0085
39.229,0.0120
39.273,0.1500
39.273,0.1302
39.273,0.1105
39.273,0.0908
39.273,0.0711
39.273,0.0514
39.273,0.0318
39.273,0.0122
39.274,0.0086
39.279,0.0122
39.320,0.1502
39.321,0.1304
39.321,0.1106
39.321,0.0909
39.321,0.0711
39.321,0.0515
39.321,0.0316
39.321,0.0123
39.324,0.0087
39.329,0.0124
39.373,0.1505
39.373,0.1308
39.373,0.1110
39.373,0.0909
39.373,0.0714
39.373,0.0517
39.373,0.0320
39.373,0.0124
39.374,0.0087
39.379,0.0125
39.420,0.1509
39.421,0.1311
39.421,0.1113
39.421,0.0913
39.421,0.0717
39.421,0.0519
39.421,0.0320
39.421,0.0126
39.424,0.0088
39.429,0.0126
39.472,0.1512
39.472,0.1313
39.472,0.1115
39.473,0.0916
39.473,0.0717
39.473,0.0520
39.473,0.0323
39.473,0.0127
39.474,0.0086
39.479,0.0128
39.525,0.1516
39.525,0.1317
39.525,0.1118
39.525,0.0920
39.525,0.0721
39.525,0.0520
39.525,0.0322
39.525,0.0129
39.525,0.0087
39.529,0.0129
39.576,0.1518
39.577,0.1318
39.577,0.1120
39.577,0.0920
39.577,0.0721
39.577,0.0523
39.577,0.0322
39.577,0.0129
39.577,0.0087
39.579,0.0129
39.584,0.0088
39.628,0.1720
39.629,0.1519
39.629,0.1320
39.629,0.1120
39.629,0.0920
39.629,0.0721
39.629,0.0522
39.629,0.0323
39.629,0.0128
39.634,0.0089
39.676,0.1318
39.677,0.1119
39.677,0.0919
39.677,0.0720
39.677,0.0520
39.677,0.0320
39.677,0.0125
39.677,0.0090
39.679,0.0126
39.684,0.0088
39.728,0.1710
39.729,0.1509
39.729,0.1310
39.729,0.1111
39.729,0.0913
39.729,0.0714
39.729,0.0515
39.729,0.0318
39.729,0.0123
39.734,0.0090
39.777,0.1301
39.777,0.1103
39.777,0.0904
39.777,0.0708
39.777,0.0511
39.777,0.0314
39.777,0.0118
39.777,0.0090
39.779,0.0117
39.784,0.0090
39.829,0.1677
39.829,0.1480
39.829,0.1283
39.829,0.1088
39.829,0.0892
39.829,0.0696
39.829,0.0500
39.829,0.0305
39.830,0.0112
39.834,0.0091
39.877,0.1270
39.877,0.1075
39.877,0.0879
39.877,0.0686
39.877,0.0492
39.877,0.0300
39.877,0.0108
39.877,0.0092
39.879,0.0107
39.884,0.0090
39.933,0.1627
39.933,0.1434
39.933,0.1242
39.933,0.1052
39.933,0.0861
39.933,0.0671
39.933,0.0480
39.933,0.0287
39.933,0.0099
39.934,0.0093
39.939,0.0098
39.985,0.1406
39.985,0.1218
39.985,0.1030
39.985,0.0842
39.985,0.0655
39.985,0.0468
39.985,0.0280
39.985,0.0095
39.985,0.0093
39.989,0.0094
40.032,0.1375
40.033,0.1190
40.033,0.1006
40.033,0.0822
40.033,0.0638
40.033,0.0455
40.033,0.0271
40.033,0.0090
40.035,0.0095
40.039,0.0088
40.081,0.1343
40.081,0.1162
40.081,0.0981
40.081,0.0801
40.081,0.0621
40.081,0.0442
40.081,0.0263
40.081,0.0085
40.085,0.0096
40.089,0.0084
40.132,0.1311
40.132,0.1134
40.132,0.0958
40.132,0.0782
40.132,0.0604
40.132,0.0430
40.132,0.0255
40.132,0.0082
40.134,0.0096
40.139,0.0081
40.181,0.1280
40.181,0.1106
40.181,0.0934
40.181,0.0760
40.181,0.0588
40.181,0.0417
40.181,0.0246
40.181,0.0078
40.185,0.0098
40.189,0.0077
40.232,0.1250
40.233,0.1081
40.233,0.0911
40.233,0.0743
40.233,0.0576
40.233,0.0408
40.233,0.0241
40.233,0.0077
40.234,0.0098
40.239,0.0076
40.284,0.1224
40.285,0.1058
40.285,0.0893
40.285,0.0728
40.285,0.0564
40.285,0.0400
40.285,0.0236
40.285,0.0075
40.285,0.0098
40.289,0.0075
40.333,0.1201
40.333,0.1039
40.333,0.0876
40.333,0.0715
40.333,0.0553
40.333,0.0391
40.333,0.0232
40.333,0.0075
40.335,0.0097
40.339,0.0074
40.380,0.1180
40.381,0.1020
40.381,0.0861
40.381,0.0703
40.381,0.0544
40.381,0.0386
40.381,0.0228
40.381,0.0074
40.384,0.0093
40.389,0.0073
40.432,0.1163
40.432,0.1005
40.433,0.0848
40.433,0.0692
40.433,0.0536
40.433,0.0380
40.433,0.0225
40.433,0.0071
40.435,0.0091
40.439,0.0071
40.480,0.1146
40.481,0.0991
40.481,0.0837
40.481,0.0682
40.481,0.0528
40.481,0.0375
40.481,0.0221
40.481,0.0069
40.485,0.0090
40.489,0.0069
40.532,0.1132
40.533,0.0980
40.533,0.0827
40.533,0.0675
40.533,0.0523
40.533,0.0371
40.533,0.0220
40.533,0.0069
40.535,0.0086
40.539,0.0068
40.580,0.1120
40.580,0.0969
40.580,0.0817
40.580,0.0668
40.580,0.0518
40.580,0.0367
40.580,0.0217
40.580,0.0067
40.584,0.0085
40.589,0.0069
40.632,0.1114
40.633,0.0964
40.633,0.0814
40.633,0.0665
40.633,0.0515
40.633,0.0365
40.633,0.0217
40.633,0.0069
40.634,0.0082
40.639,0.0071
40.680,0.1110
40.681,0.0961
40.681,0.0813
40.681,0.0664
40.681,0.0516
40.681,0.0367
40.681,0.0219
40.681,0.0073
40.685,0.0082
40.689,0.0075
40.732,0.1114
40.733,0.0965
40.733,0.0817
40.733,0.0668
40.733,0.0519
40.733,0.0371
40.733,0.0223
40.733,0.0077
40.734,0.0082
40.739,0.0077
40.780,0.1124
40.781,0.0975
40.781,0.0826
40.781,0.0675
40.781,0.0526
40.781,0.0376
40.781,0.0227
40.781,0.0081
40.784,0.0084
40.789,0.0083
40.833,0.1142
40.833,0.0991
40.833,0.0838
40.833,0.0687
40.833,0.0535
40.833,0.0384
40.833,0.0232
40.833,0.0085
40.834,0.0085
40.839,0.0085
40.880,0.1164
40.881,0.1010
40.881,0.0856
40.881,0.0701
40.881,0.0547
40.881,0.0392
40.881,0.0236
40.881,0.0088
40.885,0.0089
40.889,0.0088
40.933,0.1194
40.933,0.1037
40.933,0.0878
40.933,0.0720
40.933,0.0562
40.933,0.0404
40.933,0.0245
40.933,0.0092
40.934,0.0090
40.939,0.0093
40.985,0.1230
40.985,0.1068
40.985,0.0906
40.985,0.0742
40.985,0.0579
40.985,0.0416
40.985,0.0254
40.985,0.0096
40.985,0.0092
40.989,0.0096
41.036,0.1266
41.036,0.1099
41.036,0.0933
41.036,0.0765
41.036,0.0598
41.036,0.0429
41.036,0.0261
41.037,0.0097
41.037,0.0096
41.039,0.0099
41.044,0.0094
41.089,0.1487
41.089,0.1314
41.089,0.1141
41.089,0.0968
41.089,0.0794
41.089,0.0619
41.089,0.0444
41.089,0.0271
41.090,0.0100
41.094,0.0096
41.141,0.1530
41.141,0.1352
41.141,0.1174
41.141,0.0994
41.141,0.0816
41.141,0.0637
41.141,0.0456
41.141,0.0277
41.141,0.0102
41.144,0.0097
41.149,0.0102
41.192,0.1387
41.192,0.1203
41.192,0.1019
41.192,0.0836
41.192,0.0651
41.192,0.0467
41.192,0.0283
41.192,0.0101
41.194,0.0099
41.199,0.0100
41.244,0.1416
41.244,0.1229
41.244,0.1040
41.244,0.0852
41.244,0.0664
41.244,0.0474
41.244,0.0286
41.244,0.0100
41.245,0.0102
41.249,0.0100
41.292,0.1442
41.293,0.1249
41.293,0.1058
41.293,0.0867
41.293,0.0673
41.293,0.0482
41.293,0.0290
41.293,0.0099
41.295,0.0104
41.299,0.0100
41.340,0.1462
41.341,0.1268
41.341,0.1073
41.341,0.0877
41.341,0.0683
41.341,0.0487
41.341,0.0291
41.341,0.0098
41.344,0.0108
41.349,0.0097
41.392,0.1476
41.393,0.1279
41.393,0.1082
41.393,0.0884
41.393,0.0687
41.393,0.0490
41.393,0.0293
41.393,0.0096
41.394,0.0108
41.399,0.0095
41.441,0.1485
41.441,0.1288
41.441,0.1086
41.441,0.0888
41.441,0.0691
41.441,0.0492
41.441,0.0291
41.441,0.0095
41.445,0.0111
41.449,0.0093
41.496,0.1490
41.497,0.1291
41.497,0.1091
41.497,0.0891
41.497,0.0691
41.497,0.0492
41.497,0.0292
41.497,0.0093
41.497,0.0114
41.499,0.0094
41.504,0.0114
41.553,0.1689
41.553,0.1488
41.553,0.1288
41.553,0.1088
41.553,0.0888
41.553,0.0688
41.553,0.0487
41.553,0.0289
41.553,0.0091
41.555,0.0119
41.559,0.0093
41.600,0.1486
41.600,0.1284
41.600,0.1085
41.600,0.0885
41.600,0.0686
41.600,0.0486
41.600,0.0287
41.601,0.0092
41.604,0.0121
41.609,0.0093
41.652,0.1479
41.653,0.1277
41.653,0.1079
41.653,0.0882
41.653,0.0682
41.653,0.0482
41.653,0.0286
41.653,0.0093
41.654,0.0123
41.659,0.0094
41.704,0.1474
41.704,0.1273
41.704,0.1076
41.704,0.0878
41.704,0.0680
41.704,0.0480
41.704,0.0286
41.704,0.0097
41.704,0.0124
41.709,0.0098
41.758,0.1861
41.758,0.1664
41.758,0.1467
41.758,0.1269
41.758,0.1070
41.758,0.0874
41.758,0.0678
41.758,0.0481
41.758,0.0287
41.759,0.0100
41.764,0.0127
41.808,0.1658
41.808,0.1462
41.808,0.1266
41.808,0.1068
41.808,0.0873
41.808,0.0677
41.808,0.0482
41.808,0.0289
41.809,0.0106
41.815,0.0128
41.861,0.1651
41.861,0.1457
41.861,0.1261
41.861,0.1067
41.861,0.0871
41.861,0.0677
41.861,0.0483
41.861,0.0291
41.861,0.0111
41.864,0.0127
41.869,0.0111
41.913,0.1455
41.913,0.1261
41.913,0.1068
41.913,0.0873
41.913,0.0679
41.913,0.0486
41.913,0.0295
41.913,0.0116
41.914,0.0126
41.919,0.0117
41.965,0.1453
41.965,0.1260
41.965,0.1066
41.965,0.0873
41.965,0.0679
41.965,0.0488
41.965,0.0298
41.965,0.0122
41.965,0.0129
41.969,0.0122
42.012,0.1455
42.012,0.1262
42.012,0.1068
42.012,0.0875
42.012,0.0682
42.012,0.0490
42.012,0.0301
42.012,0.0126
42.014,0.0127
42.020,0.0126
42.064,0.1456
42.064,0.1265
42.064,0.1072
42.064,0.0879
42.064,0.0686
42.064,0.0494
42.064,0.0305
42.064,0.0131
42.065,0.0126
42.069,0.0131
42.112,0.1462
42.113,0.1266
42.113,0.1074
42.113,0.0881
42.113,0.0689
42.113,0.0497
42.113,0.0310
42.113,0.0135
42.115,0.0125
42.119,0.0134
42.160,0.1465
42.160,0.1270
42.160,0.1078
42.160,0.0886
42.160,0.0693
42.160,0.0501
42.160,0.0312
42.160,0.0137
42.164,0.0124
42.169,0.0138
42.213,0.1467
42.213,0.1275
42.213,0.1081
42.213,0.0889
42.213,0.0696
42.213,0.0505
42.213,0.0315
42.213,0.0140
42.214,0.0122
42.219,0.0139
42.261,0.1469
42.261,0.1276
42.261,0.1083
42.261,0.0890
42.261,0.0697
42.261,0.0505
42.261,0.0317
42.261,0.0141
42.264,0.0122
42.269,0.0140
42.317,0.1468
42.317,0.1275
42.317,0.1082
42.317,0.0889
42.317,0.0696
42.317,0.0503
42.317,0.0315
42.317,0.0140
42.317,0.0121
42.319,0.0139
42.324,0.0120
42.368,0.1647
42.369,0.1455
42.369,0.1263
42.369,0.1071
42.369,0.0879
42.369,0.0688
42.369,0.0498
42.369,0.0309
42.369,0.0137
42.374,0.0120
42.416,0.1251
42.416,0.1060
42.416,0.0869
42.416,0.0679
42.416,0.0493
42.416,0.0307
42.416,0.0135
42.416,0.0120
42.419,0.0134
42.424,0.0120
42.468,0.1598
42.468,0.1412
42.469,0.1224
42.469,0.1036
42.469,0.0849
42.469,0.0663
42.469,0.0478
42.469,0.0296
42.469,0.0128
42.474,0.0120
42.520,0.1560
42.521,0.1376
42.521,0.1191
42.521,0.1007
42.521,0.0827
42.521,0.0644
42.521,0.0464
42.521,0.0286
42.521,0.0123
42.524,0.0120
42.529,0.0121
42.572,0.1332
42.572,0.1153
42.572,0.0974
42.572,0.0796
42.572,0.0620
42.572,0.0445
42.572,0.0273
42.572,0.0116
42.574,0.0121
42.579,0.0115
42.620,0.1279
42.620,0.1105
42.620,0.0933
42.620,0.0762
42.620,0.0592
42.620,0.0423
42.620,0.0259
42.620,0.0111
42.624,0.0123
42.629,0.0109
42.672,0.1220
42.672,0.1054
42.672,0.0889
42.672,0.0725
42.673,0.0562
42.673,0.0401
42.673,0.0243
42.673,0.0104
42.674,0.0124
42.680,0.0103
42.720,0.1157
42.720,0.0997
42.720,0.0841
42.720,0.0684
42.720,0.0529
42.720,0.0376
42.720,0.0226
42.720,0.0099
42.724,0.0126
42.729,0.0099
42.772,0.1086
42.772,0.0935
42.772,0.0786
42.772,0.0639
42.772,0.0493
42.772,0.0349
42.772,0.0209
42.772,0.0095
42.774,0.0128
42.779,0.0094
42.820,0.1011
42.820,0.0870
42.820,0.0730
42.820,0.0593
42.820,0.0456
42.820,0.0322
42.820,0.0193
42.820,0.0093
42.824,0.0129
42.829,0.0093
42.872,0.0935
42.873,0.0804
42.873,0.0674
42.873,0.0544
42.873,0.0418
42.873,0.0294
42.873,0.0177
42.873,0.0092
42.874,0.0131
42.879,0.0092
42.920,0.0857
42.920,0.0736
42.920,0.0616
42.920,0.0496
42.920,0.0380
42.920,0.0269
42.920,0.0162
42.920,0.0093
42.924,0.0132
42.929,0.0093
42.973,0.0778
42.973,0.0668
42.973,0.0559
42.973,0.0450
42.973,0.0344
42.973,0.0243
42.973,0.0150
42.973,0.0095
42.974,0.0133
42.979,0.0096
43.020,0.0702
43.020,0.0601
43.021,0.0501
43.021,0.0405
43.021,0.0311
43.021,0.0220
43.021,0.0141
43.021,0.0099
43.024,0.0133
43.029,0.0100
43.072,0.0627
43.072,0.0537
43.072,0.0448
43.072,0.0362
43.072,0.0278
43.072,0.0201
43.072,0.0134
43.072,0.0104
43.074,0.0134
43.079,0.0105
43.124,0.0556
43.124,0.0477
43.125,0.0399
43.125,0.0324
43.125,0.0251
43.125,0.0185
43.125,0.0131
43.125,0.0109
43.125,0.0133
43.129,0.0110
43.177,0.0492
43.177,0.0423
43.177,0.0356
43.177,0.0290
43.177,0.0229
43.177,0.0174
43.177,0.0131
43.177,0.0114
43.177,0.0132
43.180,0.0116
43.184,0.0132
43.228,0.0486
43.228,0.0427
43.228,0.0370
43.229,0.0315
43.229,0.0262
43.229,0.0212
43.229,0.0169
43.229,0.0136
43.229,0.0121
43.234,0.0130
43.276,0.0344
43.277,0.0296
43.277,0.0250
43.277,0.0208
43.277,0.0170
43.277,0.0141
43.277,0.0126
43.277,0.0129
43.280,0.0127
43.284,0.0129
43.332,0.0408
43.333,0.0365
43.333,0.0324
43.333,0.0284
43.333,0.0246
43.333,0.0210
43.333,0.0178
43.333,0.0152
43.333,0.0133
43.334,0.0126
43.339,0.0135
43.380,0.0363
43.380,0.0326
43.380,0.0290
43.380,0.0255
43.380,0.0222
43.380,0.0190
43.380,0.0162
43.380,0.0140
43.384,0.0124
43.389,0.0141
43.432,0.0380
43.433,0.0345
43.433,0.0309
43.433,0.0274
43.433,0.0239
43.433,0.0206
43.433,0.0174
43.433,0.0145
43.434,0.0121
43.439,0.0146
43.484,0.0413
43.485,0.0375
43.485,0.0337
43.485,0.0299
43.485,0.0261
43.485,0.0224
43.485,0.0186
43.485,0.0151
43.485,0.0118
43.490,0.0152
43.537,0.0458
43.537,0.0416
43.537,0.0373
43.537,0.0330
43.537,0.0287
43.537,0.0243
43.537,0.0199
43.537,0.0156
43.537,0.0115
43.539,0.0157
43.544,0.0114
43.589,0.0570
43.589,0.0521
43.589,0.0471
43.589,0.0421
43.589,0.0370
43.589,0.0318
43.589,0.0266
43.589,0.0214
43.590,0.0162
43.594,0.0110
43.640,0.0633
43.641,0.0577
43.641,0.0520
43.641,0.0463
43.641,0.0404
43.641,0.0345
43.641,0.0286
43.641,0.0226
43.641,0.0166
43.644,0.0106
43.649,0.0166
43.692,0.0630
43.693,0.0566
43.693,0.0501
43.693,0.0436
43.693,0.0370
43.693,0.0303
43.693,0.0236
43.693,0.0168
43.694,0.0100
43.699,0.0168
43.744,0.0680
43.744,0.0609
43.744,0.0537
43.744,0.0464
43.744,0.0391
43.744,0.0318
43.744,0.0244
43.744,0.0169
43.745,0.0094
43.749,0.0169
43.792,0.0724
43.793,0.0646
43.793,0.0568
43.793,0.0489
43.793,0.0410
43.793,0.0330
43.793,0.0249
43.793,0.0169
43.794,0.0088
43.799,0.0168
43.840,0.0760
43.840,0.0676
43.841,0.0593
43.841,0.0509
43.841,0.0424
43.841,0.0339
43.841,0.0253
43.841,0.0167
43.844,0.0081
43.849,0.0166
43.892,0.0789
43.893,0.0701
43.893,0.0613
43.893,0.0524
43.893,0.0434
43.893,0.0345
43.893,0.0254
43.893,0.0164
43.895,0.0074
43.899,0.0165
43.940,0.0812
43.941,0.0720
43.941,0.0627
43.941,0.0535
43.941,0.0441
43.941,0.0348
43.941,0.0255
43.941,0.0162
43.944,0.0069
43.949,0.0161
43.992,0.0827
43.992,0.0731
43.993,0.0636
43.993,0.0541
43.993,0.0446
43.993,0.0350
43.993,0.0254
43.993,0.0158
43.994,0.0063
43.999,0.0157
44.040,0.0836
44.041,0.0739
44.041,0.0642
44.041,0.0545
44.041,0.0447
44.041,0.0350
44.041,0.0252
44.041,0.0153
44.044,0.0059
44.049,0.0154
44.092,0.0840
44.092,0.0742
44.092,0.0642
44.092,0.0545
44.093,0.0446
44.093,0.0348
44.093,0.0249
44.093,0.0151
44.094,0.0056
44.099,0.0151
44.140,0.0840
44.141,0.0742
44.141,0.0643
44.141,0.0544
44.141,0.0445
44.141,0.0346
44.141,0.0247
44.141,0.0149
44.145,0.0053
44.149,0.0148
44.192,0.0839
44.192,0.0740
44.192,0.0641
44.192,0.0542
44.192,0.0442
44.192,0.0343
44.192,0.0244
44.192,0.0146
44.194,0.0052
44.199,0.0146
44.240,0.0838
44.241,0.0739
44.241,0.0639
44.241,0.0540
44.241,0.0440
44.241,0.0341
44.241,0.0242
44.241,0.0144
44.245,0.0051
44.249,0.0144
44.292,0.0839
44.293,0.0739
44.293,0.0640
44.293,0.0541
44.293,0.0441
44.293,0.0342
44.293,0.0242
44.293,0.0144
44.294,0.0050
44.300,0.0144
44.341,0.0847
44.341,0.0747
44.341,0.0647
44.341,0.0547
44.341,0.0446
44.341,0.0345
44.341,0.0245
44.341,0.0144
44.344,0.0051
44.349,0.0145
44.393,0.0864
44.393,0.0762
44.393,0.0660
44.393,0.0558
44.393,0.0455
44.393,0.0353
44.393,0.0250
44.393,0.0147
44.395,0.0050
44.399,0.0149
44.440,0.0890
44.440,0.0786
44.440,0.0680
44.441,0.0575
44.441,0.0469
44.441,0.0364
44.441,0.0257
44.441,0.0151
44.444,0.0051
44.449,0.0153
44.492,0.0924
44.493,0.0815
44.493,0.0706
44.493,0.0597
44.493,0.0487
44.493,0.0377
44.493,0.0266
44.493,0.0156
44.494,0.0050
44.499,0.0157
44.541,0.0965
44.541,0.0851
44.541,0.0737
44.541,0.0623
44.541,0.0508
44.541,0.0392
44.541,0.0276
44.541,0.0160
44.544,0.0048
44.549,0.0161
44.597,0.1011
44.597,0.0892
44.597,0.0771
44.597,0.0651
44.597,0.0531
44.597,0.0410
44.597,0.0287
44.597,0.0165
44.597,0.0046
44.600,0.0166
44.605,0.0045
44.649,0.1196
44.649,0.1071
44.649,0.0944
44.649,0.0817
44.649,0.0689
44.649,0.0560
44.649,0.0431
44.649,0.0302
44.649,0.0172
44.654,0.0043
44.696,0.0980
44.696,0.0848
44.696,0.0714
44.696,0.0580
44.696,0.0446
44.696,0.0310
44.696,0.0174
44.696,0.0040
44.699,0.0174
44.704,0.0040
44.748,0.1314
44.748,0.1174
44.748,0.1034
44.749,0.0893
44.749,0.0751
44.749,0.0609
44.749,0.0467
44.749,0.0323
44.749,0.0178
44.754,0.0036
44.797,0.1069
44.797,0.0924
44.797,0.0777
44.797,0.0629
44.797,0.0479
44.797,0.0330
44.797,0.0181
44.797,0.0033
44.800,0.0180
44.804,0.0031
44.848,0.1427
44.848,0.1274
44.848,0.1120
44.848,0.0965
44.848,0.0810
44.848,0.0654
44.848,0.0497
44.848,0.0341
44.849,0.0184
44.854,0.0028
44.896,0.1152
44.896,0.0992
44.896,0.0831
44.896,0.0670
44.896,0.0509
44.896,0.0346
44.896,0.0185
44.896,0.0023
44.899,0.0184
44.904,0.0022
44.949,0.1525
44.949,0.1361
44.949,0.1195
44.949,0.1028
44.949,0.0860
44.949,0.0693
44.949,0.0524
44.949,0.0355
44.949,0.0186
44.954,0.0018
44.996,0.1219
44.997,0.1049
44.997,0.0878
44.997,0.0705
44.997,0.0532
44.997,0.0359
44.997,0.0186
44.997,0.0014
44.999,0.0185
45.004,0.0012
45.048,0.1603
45.049,0.1427
45.049,0.1251
45.049,0.1075
45.049,0.0898
45.049,0.0719
45.049,0.0541
45.049,0.0362
45.049,0.0183
45.055,0.0008
45.096,0.1268
45.096,0.1088
45.096,0.0908
45.096,0.0726
45.096,0.0545
45.096,0.0364
45.097,0.0181
45.097,0.0007
45.099,0.0180
45.104,0.0007
45.153,0.1654
45.153,0.1471
45.153,0.1287
45.153,0.1103
45.153,0.0918
45.153,0.0734
45.153,0.0547
45.153,0.0363
45.153,0.0177
45.154,0.0011
45.159,0.0176
45.200,0.1481
45.201,0.1296
45.201,0.1110
45.201,0.0922
45.201,0.0735
45.201,0.0547
45.201,0.0359
45.201,0.0172
45.205,0.0015
45.209,0.0172
45.252,0.1488
45.253,0.1300
45.253,0.1109
45.253,0.0922
45.253,0.0734
45.253,0.0545
45.253,0.0356
45.253,0.0168
45.255,0.0022
45.259,0.0167
45.301,0.1485
45.301,0.1296
45.301,0.1107
45.301,0.0918
45.301,0.0729
45.301,0.0540
45.301,0.0351
45.301,0.0160
45.304,0.0030
45.309,0.0161
45.353,0.1477
45.353,0.1288
45.353,0.1097
45.353,0.0910
45.353,0.0722
45.353,0.0532
45.353,0.0343
45.353,0.0154
45.354,0.0036
45.359,0.0152
45.405,0.1464
45.405,0.1275
45.405,0.1087
45.405,0.0898
45.405,0.0711
45.405,0.0523
45.405,0.0335
45.405,0.0148
45.405,0.0040
45.410,0.0145
45.452,0.1442
45.452,0.1255
45.453,0.1069
45.453,0.0882
45.453,0.0696
45.453,0.0510
45.453,0.0323
45.453,0.0138
45.454,0.0048
45.459,0.0137
45.500,0.1415
45.500,0.1231
45.500,0.1047
45.500,0.0863
45.500,0.0679
45.500,0.0495
45.500,0.0313
45.500,0.0131
45.504,0.0053
45.509,0.0129
45.553,0.1382
45.553,0.1200
45.553,0.1022
45.553,0.0840
45.553,0.0660
45.553,0.0480
45.553,0.0301
45.553,0.0123
45.554,0.0058
45.559,0.0120
45.605,0.1345
45.605,0.1168
45.605,0.0990
45.605,0.0814
45.605,0.0639
45.605,0.0463
45.605,0.0287
45.605,0.0113
45.606,0.0065
45.609,0.0112
45.657,0.1306
45.657,0.1133
45.657,0.0960
45.657,0.0788
45.657,0.0617
45.657,0.0446
45.657,0.0274
45.657,0.0105
45.657,0.0068
45.660,0.0103
45.664,0.0068
45.708,0.1421
45.708,0.1254
45.708,0.1086
45.708,0.0920
45.708,0.0754
45.708,0.0588
45.708,0.0422
45.708,0.0258
45.709,0.0093
45.714,0.0072
45.756,0.1055
45.756,0.0893
45.757,0.0732
45.757,0.0569
45.757,0.0408
45.757,0.0247
45.757,0.0089
45.757,0.0073
45.759,0.0087
45.764,0.0075
45.808,0.1319
45.808,0.1162
45.808,0.1007
45.808,0.0850
45.808,0.0695
45.808,0.0539
45.808,0.0385
45.808,0.0231
45.809,0.0079
45.814,0.0078
45.857,0.0973
45.857,0.0822
45.857,0.0671
45.857,0.0520
45.857,0.0370
45.857,0.0221
45.857,0.0074
45.857,0.0079
45.859,0.0072
45.864,0.0079
45.909,0.1217
45.909,0.1071
45.909,0.0925
45.909,0.0780
45.909,0.0636
45.909,0.0492
45.909,0.0349
45.909,0.0207
45.910,0.0066
45.914,0.0081
45.961,0.1165
45.961,0.1026
45.961,0.0886
45.961,0.0747
45.961,0.0608
45.961,0.0470
45.961,0.0332
45.961,0.0195
45.961,0.0061
45.964,0.0081
45.969,0.0060
46.012,0.0982
46.013,0.0848
46.013,0.0714
46.013,0.0581
46.013,0.0448
46.013,0.0316
46.013,0.0185
46.013,0.0056
46.015,0.0082
46.019,0.0054
46.060,0.0942
46.061,0.0813
46.061,0.0684
46.061,0.0556
46.061,0.0428
46.061,0.0301
46.061,0.0176
46.061,0.0054
46.065,0.0081
46.069,0.0053
46.112,0.0904
46.113,0.0780
46.113,0.0656
46.113,0.0533
46.113,0.0411
46.113,0.0289
46.113,0.0168
46.113,0.0053
46.114,0.0081
46.119,0.0052
46.164,0.0871
46.164,0.0752
46.164,0.0633
46.164,0.0515
46.164,0.0397
46.165,0.0280
46.165,0.0164
46.165,0.0055
46.165,0.0080
46.169,0.0055
46.216,0.0844
46.217,0.0729
46.217,0.0614
46.217,0.0500
46.217,0.0386
46.217,0.0273
46.217,0.0161
46.217,0.0058
46.217,0.0078
46.220,0.0059
46.224,0.0078
46.268,0.0933
46.269,0.0821
46.269,0.0710
46.269,0.0599
46.269,0.0489
46.269,0.0379
46.269,0.0270
46.269,0.0162
46.270,0.0064
46.274,0.0076
46.316,0.0704
46.317,0.0595
46.317,0.0486
46.317,0.0379
46.317,0.0271
46.317,0.0166
46.317,0.0069
46.317,0.0074
46.319,0.0070
46.324,0.0074
46.368,0.0918
46.369,0.0811
46.369,0.0703
46.369,0.0596
46.369,0.0488
46.369,0.0382
46.369,0.0276
46.369,0.0172
46.370,0.0076
46.374,0.0072
46.416,0.0708
46.416,0.0602
46.416,0.0495
46.416,0.0389
46.417,0.0282
46.417,0.0178
46.417,0.0082
46.417,0.0069
46.419,0.0083
46.424,0.0069
46.468,0.0939
46.469,0.0831
46.469,0.0724
46.469,0.0616
46.469,0.0508
46.469,0.0400
46.469,0.0294
46.469,0.0188
46.470,0.0089
46.474,0.0066
46.516,0.0739
46.517,0.0630
46.517,0.0521
46.517,0.0412
46.517,0.0303
46.517,0.0195
46.517,0.0094
46.517,0.0063
46.519,0.0096
46.524,0.0063
46.568,0.0991
46.569,0.0879
46.569,0.0767
46.569,0.0655
46.569,0.0543
46.569,0.0430
46.569,0.0318
46.569,0.0207
46.569,0.0101
46.574,0.0060
46.616,0.0790
46.616,0.0675
46.616,0.0559
46.616,0.0445
46.616,0.0329
46.616,0.0215
46.616,0.0105
46.616,0.0057
46.619,0.0106
46.624,0.0056
46.669,0.1064
46.669,0.0946
46.669,0.0827
46.669,0.0707
46.669,0.0587
46.669,0.0467
46.669,0.0347
46.669,0.0227
46.670,0.0111
46.674,0.0054
46.718,0.1106
46.718,0.0983
46.718,0.0859
46.718,0.0735
46.718,0.0611
46.718,0.0486
46.718,0.0362
46.718,0.0237
46.720,0.0115
46.724,0.0051
46.772,0.1148
46.772,0.1021
46.772,0.0893
46.772,0.0764
46.772,0.0636
46.772,0.0506
46.772,0.0376
46.772,0.0247
46.772,0.0120
46.774,0.0048
46.779,0.0121
46.820,0.1060
46.820,0.0927
46.820,0.0793
46.820,0.0660
46.821,0.0526
46.821,0.0391
46.821,0.0257
46.821,0.0124
46.824,0.0045
46.829,0.0125
46.872,0.1100
46.873,0.0962
46.873,0.0823
46.873,0.0684
46.873,0.0544
46.873,0.0404
46.873,0.0266
46.873,0.0127
46.875,0.0043
46.879,0.0129
46.925,0.1140
46.925,0.0995
46.925,0.0852
46.925,0.0708
46.925,0.0564
46.925,0.0419
46.925,0.0274
46.925,0.0130
46.925,0.0041
46.929,0.0131
46.973,0.1178
46.973,0.1029
46.973,0.0881
46.973,0.0732
46.973,0.0582
46.973,0.0432
46.973,0.0282
46.973,0.0133
46.975,0.0040
46.979,0.0133
47.020,0.1214
47.021,0.1061
47.021,0.0907
47.021,0.0754
47.021,0.0598
47.021,0.0445
47.021,0.0290
47.021,0.0135
47.025,0.0039
47.029,0.0135
47.072,0.1249
47.072,0.1092
47.073,0.0933
47.073,0.0774
47.073,0.0614
47.073,0.0456
47.073,0.0297
47.073,0.0137
47.074,0.0038
47.079,0.0137
47.125,0.1283
47.125,0.1121
47.125,0.0957
47.125,0.0793
47.125,0.0631
47.125,0.0466
47.125,0.0301
47.125,0.0138
47.125,0.0039
47.129,0.0139
47.177,0.1314
47.177,0.1146
47.177,0.0980
47.177,0.0811
47.177,0.0644
47.177,0.0476
47.177,0.0308
47.177,0.0140
47.177,0.0039
47.179,0.0140
47.184,0.0040
47.228,0.1519
47.229,0.1347
47.229,0.1177
47.229,0.1005
47.229,0.0832
47.229,0.0660
47.229,0.0487
47.229,0.0314
47.229,0.0140
47.234,0.0040
47.277,0.1194
47.277,0.1020
47.277,0.0844
47.277,0.0668
47.277,0.0491
47.277,0.0315
47.277,0.0140
47.277,0.0043
47.280,0.0140
47.284,0.0042
47.328,0.1577
47.328,0.1398
47.329,0.1220
47.329,0.1041
47.329,0.0861
47.329,0.0680
47.329,0.0501
47.329,0.0320
47.329,0.0140
47.334,0.0045
47.376,0.1234
47.376,0.1052
47.376,0.0870
47.377,0.0687
47.377,0.0505
47.377,0.0322
47.377,0.0138
47.377,0.0048
47.379,0.0139
47.384,0.0047
47.429,0.1624
47.429,0.1439
47.429,0.1254
47.429,0.1069
47.429,0.0885
47.429,0.0698
47.429,0.0512
47.429,0.0325
47.430,0.0139
47.434,0.0049
47.476,0.1265
47.476,0.1079
47.476,0.0891
47.476,0.0703
47.476,0.0515
47.476,0.0327
47.476,0.0138
47.476,0.0051
47.480,0.0137
47.484,0.0052
47.528,0.1662
47.528,0.1473
47.528,0.1281
47.528,0.1092
47.528,0.0900
47.528,0.0711
47.528,0.0520
47.528,0.0328
47.529,0.0138
47.534,0.0054
47.576,0.1291
47.576,0.1099
47.576,0.0907
47.576,0.0714
47.576,0.0521
47.576,0.0329
47.576,0.0137
47.576,0.0057
47.579,0.0136
47.584,0.0057
47.632,0.1691
47.632,0.1497
47.632,0.1303
47.632,0.1108
47.632,0.0913
47.632,0.0720
47.632,0.0525
47.632,0.0328
47.632,0.0135
47.634,0.0061
47.639,0.0133
47.680,0.1506
47.681,0.1309
47.681,0.1114
47.681,0.0918
47.681,0.0722
47.681,0.0526
47.681,0.0330
47.681,0.0133
47.684,0.0063
47.689,0.0133
47.733,0.1513
47.733,0.1316
47.733,0.1119
47.733,0.0922
47.733,0.0724
47.733,0.0527
47.733,0.0330
47.733,0.0131
47.735,0.0067
47.739,0.0131
47.780,0.1516
47.780,0.1319
47.780,0.1121
47.780,0.0922
47.780,0.0724
47.780,0.0525
47.780,0.0326
47.780,0.0127
47.784,0.0071
47.789,0.0130
47.833,0.1523
47.833,0.1324
47.833,0.1125
47.833,0.0925
47.833,0.0726
47.833,0.0523
47.833,0.0328
47.833,0.0128
47.835,0.0072
47.839,0.0128
47.880,0.1525
47.881,0.1325
47.881,0.1126
47.881,0.0926
47.881,0.0726
47.881,0.0526
47.881,0.0326
47.881,0.0126
47.884,0.0075
47.889,0.0126
47.932,0.1526
47.933,0.1324
47.933,0.1125
47.933,0.0925
47.933,0.0725
47.933,0.0524
47.933,0.0324
47.933,0.0124
47.935,0.0077
47.939,0.0124
47.981,0.1524
47.981,0.1322
47.981,0.1123
47.981,0.0923
47.981,0.0721
47.981,0.0523
47.981,0.0323
47.981,0.0123
47.985,0.0081
47.989,0.0123
48.037,0.1521
48.037,0.1320
48.037,0.1119
48.037,0.0920
48.037,0.0720
48.037,0.0520
48.037,0.0321
48.037,0.0123
48.037,0.0082
48.039,0.0123
48.044,0.0081
48.088,0.1715
48.088,0.1517
48.089,0.1315
48.089,0.1118
48.089,0.0918
48.089,0.0718
48.089,0.0518
48.089,0.0319
48.090,0.0121
48.094,0.0084
48.136,0.1314
48.136,0.1115
48.136,0.0916
48.137,0.0716
48.137,0.0517
48.137,0.0317
48.137,0.0121
48.137,0.0086
48.140,0.0120
48.145,0.0087
48.188,0.1709
48.188,0.1510
48.188,0.1310
48.188,0.1112
48.188,0.0912
48.188,0.0714
48.188,0.0515
48.188,0.0316
48.189,0.0119
48.194,0.0089
48.241,0.1706
48.241,0.1507
48.241,0.1308
48.241,0.1108
48.241,0.0912
48.241,0.0714
48.241,0.0516
48.241,0.0314
48.241,0.0123
48.245,0.0090
48.249,0.0122
48.293,0.1504
48.293,0.1306
48.293,0.1108
48.293,0.0911
48.293,0.0713
48.293,0.0515
48.293,0.0317
48.293,0.0123
48.294,0.0090
48.299,0.0124
48.341,0.1501
48.341,0.1304
48.341,0.1106
48.341,0.0909
48.341,0.0711
48.341,0.0514
48.341,0.0318
48.341,0.0125
48.345,0.0092
48.349,0.0125
48.392,0.1500
48.393,0.1303
48.393,0.1106
48.393,0.0909
48.393,0.0711
48.393,0.0514
48.393,0.0317
48.393,0.0125
48.394,0.0092
48.399,0.0126
48.440,0.1501
48.440,0.1304
48.440,0.1107
48.440,0.0910
48.440,0.0712
48.440,0.0515
48.440,0.0320
48.440,0.0127
48.445,0.0092
48.450,0.0128
48.492,0.1503
48.492,0.1306
48.492,0.1108
48.492,0.0911
48.492,0.0714
48.492,0.0516
48.492,0.0320
48.492,0.0128
48.494,0.0091
48.499,0.0129
48.541,0.1507
48.541,0.1309
48.541,0.1112
48.541,0.0912
48.541,0.0717
48.541,0.0519
48.541,0.0322
48.541,0.0130
48.544,0.0090
48.549,0.0128
48.592,0.1510
48.593,0.1313
48.593,0.1114
48.593,0.0917
48.593,0.0718
48.593,0.0521
48.593,0.0323
48.593,0.0130
48.594,0.0089
48.599,0.0129
48.640,0.1515
48.641,0.1314
48.641,0.1117
48.641,0.0918
48.641,0.0720
48.641,0.0521
48.641,0.0324
48.641,0.0129
48.644,0.0089
48.649,0.0129
48.692,0.1517
48.692,0.1318
48.693,0.1119
48.693,0.0919
48.693,0.0721
48.693,0.0522
48.693,0.0324
48.693,0.0129
48.694,0.0088
48.699,0.0129
48.740,0.1520
48.741,0.1320
48.741,0.1120
48.741,0.0922
48.741,0.0720
48.741,0.0522
48.741,0.0323
48.741,0.0128
48.744,0.0086
48.750,0.0126
48.792,0.1521
48.793,0.1321
48.793,0.1121
48.793,0.0922
48.793,0.0723
48.793,0.0523
48.793,0.0324
48.793,0.0127
48.794,0.0085
48.799,0.0126
48.840,0.1521
48.841,0.1320
48.841,0.1120
48.841,0.0920
48.841,0.0720
48.841,0.0521
48.841,0.0321
48.841,0.0123
48.844,0.0086
48.849,0.0123
48.892,0.1519
48.892,0.1318
48.892,0.1119
48.892,0.0918
48.892,0.0719
48.892,0.0519
48.892,0.0319
48.892,0.0122
48.894,0.0086
48.899,0.0122
48.940,0.1516
48.941,0.1316
48.941,0.1116
48.941,0.0915
48.941,0.0716
48.941,0.0516
48.941,0.0316
48.941,0.0120
48.944,0.0085
48.949,0.0120
48.993,0.1509
48.993,0.1310
48.993,0.1109
48.993,0.0911
48.993,0.0712
48.993,0.0514
48.993,0.0314
48.993,0.0117
48.994,0.0086
48.999,0.0116
49.040,0.1501
49.041,0.1302
49.041,0.1103
49.041,0.0905
49.041,0.0705
49.041,0.0509
49.041,0.0312
49.041,0.0114
49.044,0.0087
49.049,0.0112
49.093,0.1489
49.093,0.1292
49.093,0.1095
49.093,0.0898
49.093,0.0700
49.093,0.0503
49.093,0.0308
49.093,0.0112
49.095,0.0088
49.099,0.0111
49.145,0.1479
49.145,0.1283
49.145,0.1087
49.145,0.0891
49.145,0.0695
49.145,0.0499
49.145,0.0303
49.145,0.0111
49.145,0.0088
49.149,0.0108
49.192,0.1466
49.193,0.1272
49.193,0.1076
49.193,0.0882
49.193,0.0688
49.193,0.0494
49.193,0.0300
49.193,0.0106
49.195,0.0089
49.200,0.0105
49.244,0.1455
49.245,0.1261
49.245,0.1068
49.245,0.0875
49.245,0.0682
49.245,0.0490
49.245,0.0297
49.245,0.0105
49.245,0.0090
49.249,0.0104
49.292,0.1442
49.293,0.1251
49.293,0.1058
49.293,0.0866
49.293,0.0674
49.293,0.0484
49.293,0.0295
49.293,0.0105
49.294,0.0089
49.299,0.0104
49.344,0.1431
49.344,0.1241
49.344,0.1050
49.344,0.0861
49.344,0.0671
49.345,0.0480
49.345,0.0292
49.345,0.0103
49.345,0.0090
49.349,0.0102
49.393,0.1421
49.393,0.1231
49.393,0.1043
49.393,0.0854
49.393,0.0665
49.393,0.0477
49.393,0.0289
49.393,0.0102
49.395,0.0090
49.399,0.0102
49.444,0.1412
49.444,0.1224
49.444,0.1036
49.444,0.0848
49.444,0.0661
49.444,0.0474
49.444,0.0287
49.444,0.0101
49.444,0.0091
49.449,0.0104
49.493,0.1405
49.493,0.1217
49.493,0.1031
49.493,0.0847
49.493,0.0660
49.493,0.0474
49.493,0.0287
49.493,0.0103
49.495,0.0092
49.499,0.0103
49.540,0.1401
49.540,0.1215
49.540,0.1029
49.540,0.0843
49.540,0.0657
49.540,0.0471
49.540,0.0287
49.540,0.0105
49.544,0.0090
49.549,0.0104
49.592,0.1397
49.593,0.1213
49.593,0.1028
49.593,0.0842
49.593,0.0657
49.593,0.0472
49.593,0.0288
49.593,0.0105
49.594,0.0091
49.599,0.0106
49.641,0.1398
49.641,0.1213
49.641,0.1028
49.641,0.0843
49.641,0.0658
49.641,0.0473
49.641,0.0289
49.641,0.0107
49.645,0.0090
49.649,0.0107
49.692,0.1398
49.692,0.1213
49.692,0.1027
49.692,0.0842
49.692,0.0659
49.692,0.0475
49.692,0.0290
49.693,0.0109
49.694,0.0089
49.699,0.0109
49.745,0.1399
49.745,0.1214
49.745,0.1029
49.745,0.0844
49.745,0.0659
49.745,0.0473
49.745,0.0290
49.745,0.0109
49.745,0.0090
49.749,0.0110
49.792,0.1402
49.793,0.1215
49.793,0.1032
49.793,0.0847
49.793,0.0660
49.793,0.0474
49.793,0.0294
49.793,0.0111
49.794,0.0089
49.799,0.0111
49.841,0.1405
49.841,0.1220
49.841,0.1034
49.841,0.0849
49.841,0.0663
49.841,0.0477
49.841,0.0293
49.841,0.0111
49.845,0.0089
49.849,0.0111
49.892,0.1411
49.892,0.1225
49.892,0.1039
49.893,0.0853
49.893,0.0667
49.893,0.0480
49.893,0.0295
49.893,0.0112
49.894,0.0088
49.899,0.0111
49.940,0.1417
49.940,0.1230
49.940,0.1044
49.940,0.0856
49.940,0.0670
49.940,0.0483
49.940,0.0297
49.941,0.0112
49.944,0.0086
49.949,0.0113
49.993,0.1426
49.993,0.1239
49.993,0.1051
49.993,0.0862
49.993,0.0674
49.993,0.0486
49.993,0.0298
49.993,0.0112
49.995,0.0085
49.999,0.0112
50.040,0.1433
50.040,0.1244
50.040,0.1055
50.040,0.0866
50.040,0.0677
50.040,0.0489
50.040,0.0300
50.040,0.0112
50.044,0.0084
50.049,0.0112
50.093,0.1441
50.093,0.1252
50.093,0.1060
50.093,0.0871
50.093,0.0682
50.093,0.0490
50.093,0.0301
50.093,0.0112
50.095,0.0083
50.099,0.0112
50.140,0.1450
50.141,0.1259
50.141,0.1068
50.141,0.0877
50.141,0.0686
50.141,0.0494
50.141,0.0303
50.141,0.0112
50.145,0.0082
50.149,0.0113
50.192,0.1458
50.192,0.1266
50.192,0.1076
50.192,0.0883
50.192,0.0691
50.192,0.0498
50.192,0.0306
50.192,0.0113
50.194,0.0081
50.199,0.0113
50.240,0.1469
50.240,0.1275
50.240,0.1081
50.240,0.0889
50.240,0.0695
50.240,0.0500
50.240,0.0307
50.240,0.0111
50.244,0.0081
50.249,0.0115
50.292,0.1477
50.292,0.1283
50.292,0.1088
50.292,0.0894
50.292,0.0699
50.292,0.0504
50.292,0.0309
50.292,0.0112
50.295,0.0083
50.299,0.0115
50.340,0.1488
50.340,0.1291
50.340,0.1095
50.340,0.0899
50.340,0.0704
50.340,0.0507
50.340,0.0311
50.340,0.0113
50.344,0.0083
50.349,0.0115
50.392,0.1494
50.392,0.1298
50.392,0.1101
50.392,0.0905
50.392,0.0706
50.392,0.0510
50.392,0.0313
50.392,0.0116
50.394,0.0082
50.399,0.0117
50.440,0.1504
50.440,0.1305
50.440,0.1106
50.440,0.0909
50.441,0.0712
50.441,0.0513
50.441,0.0312
50.441,0.0117
50.444,0.0083
50.449,0.0118
50.492,0.1508
50.492,0.1308
50.493,0.1110
50.493,0.0912
50.493,0.0714
50.493,0.0513
50.493,0.0315
50.493,0.0117
50.495,0.0086
50.499,0.0116
50.540,0.1512
50.541,0.1313
50.541,0.1114
50.541,0.0915
50.541,0.0715
50.541,0.0515
50.541,0.0316
50.541,0.0117
50.545,0.0088
50.549,0.0117
50.592,0.1516
50.593,0.1316
50.593,0.1116
50.593,0.0915
50.593,0.0716
50.593,0.0515
50.593,0.0316
50.593,0.0117
50.595,0.0090
50.599,0.0115
50.640,0.1517
50.641,0.1316
50.641,0.1116
50.641,0.0916
50.641,0.0716
50.641,0.0516
50.641,0.0316
50.641,0.0117
50.645,0.0090
50.649,0.0117
50.692,0.1515
50.692,0.1314
50.692,0.1114
50.692,0.0913
50.692,0.0713
50.692,0.0514
50.692,0.0315
50.692,0.0115
50.694,0.0090
50.699,0.0114
50.740,0.1510
50.741,0.1311
50.741,0.1110
50.741,0.0911
50.741,0.0711
50.741,0.0511
50.741,0.0312
50.741,0.0114
50.745,0.0092
50.749,0.0115
50.792,0.1504
50.792,0.1305
50.792,0.1106
50.793,0.0906
50.793,0.0708
50.793,0.0508
50.793,0.0309
50.793,0.0112
50.794,0.0093
50.799,0.0112
50.840,0.1497
50.841,0.1298
50.841,0.1097
50.841,0.0900
50.841,0.0703
50.841,0.0505
50.841,0.0307
50.841,0.0111
50.844,0.0092
50.849,0.0110
50.893,0.1486
50.893,0.1288
50.893,0.1091
50.893,0.0893
50.893,0.0696
50.893,0.0500
50.893,0.0304
50.893,0.0108
50.894,0.0094
50.899,0.0106
50.940,0.1474
50.941,0.1279
50.941,0.1083
50.941,0.0887
50.941,0.0691
50.941,0.0496
50.941,0.0299
50.941,0.0105
50.944,0.0094
50.949,0.0105
50.992,0.1462
50.993,0.1267
50.993,0.1073
50.993,0.0878
50.993,0.0683
50.993,0.0489
50.993,0.0296
50.993,0.0102
50.994,0.0096
50.999,0.0103
51.040,0.1451
51.040,0.1257
51.040,0.1064
51.040,0.0870
51.040,0.0678
51.041,0.0485
51.041,0.0292
51.041,0.0102
51.045,0.0096
51.049,0.0102
51.092,0.1437
51.093,0.1244
51.093,0.1053
51.093,0.0863
51.093,0.0672
51.093,0.0480
51.093,0.0289
51.093,0.0101
51.094,0.0095
51.099,0.0101
51.140,0.1424
51.140,0.1235
51.140,0.1044
51.140,0.0854
51.140,0.0664
51.140,0.0476
51.140,0.0287
51.141,0.0100
51.144,0.0096
51.149,0.0100
51.192,0.1413
51.192,0.1225
51.192,0.1036
51.192,0.0847
51.192,0.0659
51.192,0.0472
51.192,0.0285
51.192,0.0099
51.194,0.0096
51.199,0.0098
51.244,0.1401
51.244,0.1214
51.244,0.1027
51.244,0.0841
51.244,0.0653
51.244,0.0468
51.244,0.0283
51.245,0.0099
51.245,0.0095
51.249,0.0100
51.293,0.1391
51.293,0.1205
51.293,0.1019
51.293,0.0834
51.293,0.0649
51.293,0.0464
51.293,0.0280
51.293,0.0099
51.294,0.0097
51.299,0.0098
51.340,0.1380
51.340,0.1197
51.341,0.1012
51.341,0.0828
51.341,0.0645
51.341,0.0461
51.341,0.0278
51.341,0.0097
51.345,0.0097
51.349,0.0100
51.392,0.1369
51.393,0.1186
51.393,0.1003
51.393,0.0821
51.393,0.0639
51.393,0.0457
51.393,0.0276
51.393,0.0099
51.394,0.0097
51.399,0.0097
51.440,0.1357
51.440,0.1176
51.440,0.0994
51.440,0.0814
51.440,0.0634
51.440,0.0453
51.440,0.0273
51.440,0.0098
51.444,0.0098
51.449,0.0097
51.496,0.1345
51.497,0.1166
51.497,0.0986
51.497,0.0807
51.497,0.0628
51.497,0.0448
51.497,0.0272
51.497,0.0098
51.497,0.0098
51.499,0.0097
51.504,0.0098
51.548,0.1507
51.548,0.1329
51.548,0.1152
51.548,0.0974
51.548,0.0797
51.548,0.0620
51.548,0.0443
51.548,0.0267
51.549,0.0097
51.554,0.0098
51.596,0.1140
51.597,0.0964
51.597,0.0789
51.597,0.0613
51.597,0.0439
51.597,0.0265
51.597,0.0096
51.597,0.0097
51.599,0.0095
51.604,0.0098
51.648,0.1468
51.648,0.1294
51.648,0.1121
51.648,0.0947
51.648,0.0775
51.648,0.0602
51.648,0.0428
51.648,0.0259
51.649,0.0093
51.654,0.0098
51.696,0.1106
51.696,0.0935
51.696,0.0764
51.696,0.0593
51.696,0.0423
51.696,0.0255
51.696,0.0091
51.696,0.0099
51.699,0.0090
51.704,0.0099
51.748,0.1415
51.748,0.1246
51.748,0.1079
51.748,0.0911
51.749,0.0743
51.749,0.0577
51.749,0.0410
51.749,0.0246
51.749,0.0087
51.754,0.0099
51.800,0.1382
51.800,0.1217
51.800,0.1052
51.800,0.0889
51.800,0.0724
51.800,0.0561
51.800,0.0399
51.800,0.0238
51.800,0.0082
51.804,0.0100
51.809,0.0081
51.853,0.1183
51.853,0.1024
51.853,0.0863
51.853,0.0703
51.853,0.0543
51.853,0.0385
51.853,0.0228
51.853,0.0078
51.854,0.0101
51.859,0.0076
51.900,0.1148
51.900,0.0992
51.900,0.0836
51.900,0.0680
51.900,0.0526
51.900,0.0373
51.900,0.0219
51.901,0.0075
51.904,0.0100
51.909,0.0071
51.957,0.1104
51.957,0.0953
51.957,0.0802
51.957,0.0652
51.957,0.0502
51.957,0.0353
51.957,0.0206
51.957,0.0067
51.957,0.0101
51.959,0.0066
51.964,0.0102
52.008,0.1191
52.009,0.1047
52.009,0.0902
52.009,0.0758
52.009,0.0614
52.009,0.0472
52.009,0.0330
52.009,0.0191
52.009,0.0059
52.014,0.0103
52.056,0.0865
52.057,0.0726
52.057,0.0588
52.057,0.0451
52.057,0.0313
52.057,0.0179
52.057,0.0054
52.057,0.0103
52.060,0.0053
52.064,0.0103
52.113,0.1068
52.113,0.0936
52.113,0.0805
52.113,0.0673
52.113,0.0544
52.113,0.0415
52.113,0.0287
52.113,0.0161
52.113,0.0047
52.115,0.0104
52.120,0.0045
52.160,0.0874
52.160,0.0751
52.160,0.0628
52.160,0.0505
52.160,0.0383
52.160,0.0263
52.160,0.0145
52.160,0.0041
52.164,0.0103
52.169,0.0040
52.217,0.0810
52.217,0.0694
52.217,0.0579
52.217,0.0464
52.217,0.0351
52.217,0.0239
52.217,0.0128
52.217,0.0036
52.217,0.0104
52.219,0.0035
52.224,0.0104
52.269,0.0836
52.269,0.0729
52.269,0.0623
52.269,0.0517
52.269,0.0413
52.269,0.0309
52.269,0.0208
52.269,0.0109
52.269,0.0033
52.274,0.0103
52.316,0.0574
52.316,0.0476
52.316,0.0378
52.317,0.0282
52.317,0.0187
52.317,0.0095
52.317,0.0032
52.317,0.0103
52.319,0.0032
52.324,0.0102
52.372,0.0679
52.373,0.0589
52.373,0.0501
52.373,0.0413
52.373,0.0326
52.373,0.0241
52.373,0.0156
52.373,0.0075
52.373,0.0034
52.374,0.0101
52.379,0.0034
52.420,0.0520
52.421,0.0440
52.421,0.0362
52.421,0.0283
52.421,0.0207
52.421,0.0132
52.421,0.0061
52.421,0.0037
52.424,0.0100
52.429,0.0037
52.472,0.0452
52.473,0.0381
52.473,0.0311
52.473,0.0242
52.473,0.0174
52.473,0.0108
52.473,0.0047
52.473,0.0040
52.474,0.0097
52.479,0.0040
52.520,0.0386
52.521,0.0324
52.521,0.0263
52.521,0.0203
52.521,0.0143
52.521,0.0086
52.521,0.0036
52.521,0.0043
52.525,0.0094
52.529,0.0044
52.573,0.0324
52.573,0.0270
52.573,0.0217
52.573,0.0165
52.573,0.0114
52.573,0.0065
52.573,0.0028
52.573,0.0047
52.574,0.0091
52.580,0.0048
52.620,0.0265
52.620,0.0219
52.620,0.0175
52.620,0.0130
52.620,0.0087
52.621,0.0048
52.621,0.0025
52.621,0.0050
52.624,0.0088
52.629,0.0050
52.672,0.0212
52.673,0.0174
52.673,0.0136
52.673,0.0099
52.673,0.0064
52.673,0.0033
52.673,0.0026
52.673,0.0052
52.674,0.0084
52.679,0.0052
52.721,0.0162
52.721,0.0131
52.721,0.0100
52.721,0.0071
52.721,0.0043
52.721,0.0024
52.721,0.0031
52.721,0.0054
52.724,0.0080
52.729,0.0055
52.772,0.0114
52.772,0.0089
52.773,0.0066
52.773,0.0043
52.773,0.0026
52.773,0.0023
52.773,0.0038
52.773,0.0057
52.774,0.0077
52.779,0.0057
52.824,0.0067
52.824,0.0050
52.824,0.0034
52.824,0.0023
52.824,0.0023
52.824,0.0032
52.825,0.0045
52.825,0.0059
52.825,0.0073
52.829,0.0060
52.872,0.0028
52.873,0.0022
52.873,0.0022
52.873,0.0027
52.873,0.0035
52.873,0.0044
52.873,0.0053
52.873,0.0061
52.874,0.0069
52.880,0.0062
52.920,0.0031
52.921,0.0036
52.921,0.0042
52.921,0.0047
52.921,0.0051
52.921,0.0055
52.921,0.0059
52.921,0.0062
52.924,0.0065
52.929,0.0062
52.972,0.0062
52.973,0.0063
52.973,0.0064
52.973,0.0064
52.973,0.0064
52.973,0.0064
52.973,0.0063
52.973,0.0062
52.974,0.0060
52.979,0.0061
53.020,0.0087
53.020,0.0085
53.020,0.0081
53.020,0.0078
53.020,0.0074
53.020,0.0069
53.020,0.0065
53.020,0.0060
53.025,0.0054
53.029,0.0059
53.072,0.0104
53.072,0.0098
53.072,0.0091
53.073,0.0085
53.073,0.0078
53.073,0.0071
53.073,0.0063
53.073,0.0056
53.074,0.0049
53.079,0.0055
53.125,0.0110
53.125,0.0102
53.125,0.0093
53.125,0.0085
53.125,0.0076
53.125,0.0068
53.125,0.0059
53.125,0.0051
53.125,0.0042
53.129,0.0050
53.173,0.0106
53.173,0.0097
53.173,0.0088
53.173,0.0079
53.173,0.0070
53.173,0.0061
53.173,0.0053
53.173,0.0044
53.174,0.0036
53.179,0.0043
53.220,0.0092
53.221,0.0083
53.221,0.0075
53.221,0.0067
53.221,0.0059
53.221,0.0052
53.221,0.0044
53.221,0.0037
53.224,0.0030
53.229,0.0036
53.272,0.0071
53.272,0.0064
53.272,0.0058
53.273,0.0051
53.273,0.0045
53.273,0.0040
53.273,0.0035
53.273,0.0030
53.274,0.0025
53.279,0.0028
53.320,0.0045
53.320,0.0041
53.320,0.0037
53.320,0.0034
53.320,0.0030
53.320,0.0028
53.320,0.0025
53.321,0.0023
53.324,0.0022
53.329,0.0022
53.372,0.0020
53.373,0.0019
53.373,0.0018
53.373,0.0018
53.373,0.0018
53.373,0.0018
53.373,0.0018
53.373,0.0018
53.374,0.0019
53.379,0.0018
53.421,0.0021
53.421,0.0020
53.421,0.0018
53.421,0.0017
53.421,0.0016
53.421,0.0015
53.421,0.0015
53.421,0.0015
53.425,0.0017
53.429,0.0015
53.472,0.0045
53.472,0.0040
53.472,0.0035
53.473,0.0030
53.473,0.0025
53.473,0.0020
53.473,0.0016
53.473,0.0014
53.475,0.0015
53.479,0.0014
53.521,0.0073
53.521,0.0065
53.521,0.0056
53.521,0.0048
53.521,0.0039
53.521,0.0030
53.521,0.0021
53.521,0.0015
53.525,0.0014
53.529,0.0015
53.573,0.0103
53.573,0.0091
53.573,0.0079
53.573,0.0067
53.573,0.0055
53.573,0.0042
53.573,0.0029
53.573,0.0017
53.574,0.0012
53.579,0.0018
53.621,0.0137
53.621,0.0121
53.621,0.0105
53.621,0.0089
53.621,0.0073
53.621,0.0056
53.621,0.0039
53.621,0.0022
53.624,0.0011
53.629,0.0023
53.673,0.0174
53.673,0.0155
53.673,0.0134
53.673,0.0114
53.673,0.0092
53.673,0.0071
53.673,0.0049
53.673,0.0028
53.675,0.0011
53.679,0.0029
53.720,0.0216
53.721,0.0192
53.721,0.0167
53.721,0.0141
53.721,0.0115
53.721,0.0088
53.721,0.0061
53.721,0.0034
53.724,0.0010
53.729,0.0035
53.773,0.0263
53.773,0.0233
53.773,0.0203
53.773,0.0171
53.773,0.0140
53.773,0.0107
53.773,0.0075
53.773,0.0042
53.774,0.0010
53.780,0.0043
53.824,0.0314
53.824,0.0278
53.824,0.0242
53.824,0.0204
53.824,0.0166
53.824,0.0128
53.824,0.0089
53.824,0.0049
53.824,0.0011
53.829,0.0051
53.877,0.0370
53.877,0.0327
53.877,0.0284
53.877,0.0240
53.877,0.0195
53.877,0.0150
53.877,0.0104
53.877,0.0057
53.877,0.0011
53.880,0.0059
53.884,0.0012
53.929,0.0493
53.929,0.0442
53.929,0.0391
53.929,0.0339
53.929,0.0286
53.929,0.0233
53.929,0.0179
53.929,0.0124
53.929,0.0068
53.934,0.0012
53.977,0.0436
53.977,0.0377
53.977,0.0318
53.977,0.0258
53.977,0.0198
53.977,0.0137
53.977,0.0075
53.977,0.0012
53.979,0.0076
53.984,0.0012
54.028,0.0639
54.029,0.0573
54.029,0.0506
54.029,0.0438
54.029,0.0369
54.029,0.0299
54.029,0.0228
54.029,0.0156
54.029,0.0085
54.034,0.0013
54.076,0.0553
54.077,0.0478
54.077,0.0402
54.077,0.0326
54.077,0.0249
54.077,0.0171
54.077,0.0092
54.077,0.0012
54.079,0.0093
54.084,0.0012
54.133,0.0793
54.133,0.0709
54.133,0.0625
54.133,0.0540
54.133,0.0454
54.133,0.0367
54.133,0.0280
54.133,0.0190
54.133,0.0101
54.134,0.0010
54.139,0.0103
54.180,0.0779
54.181,0.0686
54.181,0.0592
54.181,0.0497
54.181,0.0401
54.181,0.0304
54.181,0.0207
54.181,0.0109
54.184,0.0009
54.189,0.0110
54.232,0.0847
54.233,0.0745
54.233,0.0642
54.233,0.0539
54.233,0.0434
54.233,0.0329
54.233,0.0223
54.233,0.0116
54.234,0.0008
54.239,0.0117
54.280,0.0913
54.281,0.0802
54.281,0.0691
54.281,0.0579
54.281,0.0466
54.281,0.0351
54.281,0.0237
54.281,0.0122
54.285,0.0005
54.289,0.0123
54.333,0.0975
54.333,0.0857
54.333,0.0738
54.333,0.0616
54.333,0.0495
54.333,0.0373
54.333,0.0251
54.333,0.0127
54.334,0.0004
54.339,0.0128
54.381,0.1035
54.381,0.0908
54.381,0.0781
54.381,0.0653
54.381,0.0524
54.381,0.0394
54.381,0.0263
54.381,0.0132
54.384,0.0004
54.389,0.0133
54.432,0.1092
54.433,0.0957
54.433,0.0822
54.433,0.0687
54.433,0.0549
54.433,0.0413
54.433,0.0275
54.433,0.0135
54.435,0.0007
54.439,0.0136
54.485,0.1144
54.485,0.1002
54.485,0.0860
54.485,0.0717
54.485,0.0573
54.485,0.0430
54.485,0.0285
54.485,0.0140
54.485,0.0010
54.489,0.0140
54.533,0.1192
54.533,0.1045
54.533,0.0896
54.533,0.0747
54.533,0.0597
54.533,0.0446
54.533,0.0295
54.533,0.0143
54.535,0.0014
54.539,0.0143
54.585,0.1238
54.585,0.1083
54.585,0.0928
54.585,0.0772
54.585,0.0617
54.585,0.0460
54.585,0.0302
54.585,0.0145
54.585,0.0019
54.589,0.0145
54.632,0.1279
54.632,0.1119
54.633,0.0957
54.633,0.0797
54.633,0.0635
54.633,0.0472
54.633,0.0310
54.633,0.0147
54.634,0.0022
54.639,0.0146
54.680,0.1317
54.681,0.1152
54.681,0.0985
54.681,0.0819
54.681,0.0651
54.681,0.0484
54.681,0.0316
54.681,0.0147
54.684,0.0026
54.689,0.0148
54.736,0.1353
54.736,0.1182
54.736,0.1011
54.736,0.0839
54.736,0.0666
54.736,0.0494
54.736,0.0322
54.736,0.0148
54.737,0.0032
54.740,0.0148
54.745,0.0033
54.793,0.1567
54.793,0.1392
54.793,0.1216
54.793,0.1039
54.793,0.0861
54.793,0.0683
54.793,0.0505
54.793,0.0327
54.793,0.0148
54.795,0.0036
54.799,0.0147
54.844,0.1419
54.845,0.1237
54.845,0.1056
54.845,0.0875
54.845,0.0694
54.845,0.0513
54.845,0.0329
54.845,0.0147
54.845,0.0041
54.849,0.0148
54.892,0.1444
54.893,0.1258
54.893,0.1075
54.893,0.0889
54.893,0.0704
54.893,0.0518
54.893,0.0332
54.893,0.0147
54.894,0.0045
54.899,0.0146
54.944,0.1465
54.945,0.1278
54.945,0.1090
54.945,0.0901
54.945,0.0713
54.945,0.0524
54.945,0.0335
54.945,0.0146
54.945,0.0049
54.949,0.0145
54.996,0.1484
54.996,0.1293
54.996,0.1102
54.996,0.0911
54.996,0.0719
54.996,0.0527
54.996,0.0336
54.996,0.0143
54.996,0.0052
54.999,0.0144
55.004,0.0054
55.049,0.1695
55.049,0.1503
55.049,0.1308
55.049,0.1114
55.049,0.0920
55.049,0.0725
55.049,0.0531
55.049,0.0337
55.049,0.0141
55.054,0.0056
55.100,0.1708
55.100,0.1512
55.100,0.1316
55.100,0.1121
55.100,0.0925
55.100,0.0728
55.100,0.0531
55.100,0.0336
55.101,0.0139
55.105,0.0061
55.109,0.0138
55.152,0.1520
55.153,0.1322
55.153,0.1127
55.153,0.0928
55.153,0.0730
55.153,0.0532
55.153,0.0335
55.153,0.0136
55.154,0.0063
55.159,0.0136
55.200,0.1525
55.201,0.1326
55.201,0.1128
55.201,0.0929
55.201,0.0731
55.201,0.0532
55.201,0.0333
55.201,0.0133
55.204,0.0066
55.209,0.0134
55.252,0.1528
55.252,0.1329
55.253,0.1129
55.253,0.0929
55.253,0.0729
55.253,0.0530
55.253,0.0330
55.253,0.0131
55.254,0.0069
55.259,0.0131
55.300,0.1528
55.301,0.1327
55.301,0.1128
55.301,0.0928
55.301,0.0728
55.301,0.0527
55.301,0.0327
55.301,0.0128
55.304,0.0072
55.309,0.0128
55.352,0.1527
55.352,0.1326
55.352,0.1127
55.353,0.0926
55.353,0.0725
55.353,0.0526
55.353,0.0325
55.353,0.0126
55.354,0.0074
55.359,0.0124
55.400,0.1524
55.400,0.1321
55.400,0.1122
55.400,0.0923
55.400,0.0723
55.400,0.0522
55.400,0.0323
55.400,0.0122
55.405,0.0079
55.409,0.0122
55.452,0.1522
55.452,0.1320
55.452,0.1120
55.452,0.0920
55.452,0.0719
55.452,0.0520
55.452,0.0320
55.452,0.0120
55.454,0.0081
55.459,0.0120
55.501,0.1519
55.501,0.1319
55.501,0.1118
55.501,0.0919
55.501,0.0718
55.501,0.0519
55.501,0.0318
55.501,0.0117
55.505,0.0084
55.509,0.0120
55.553,0.1516
55.553,0.1315
55.553,0.1115
55.553,0.0915
55.553,0.0714
55.553,0.0516
55.553,0.0317
55.553,0.0116
55.554,0.0087
55.559,0.0117
55.604,0.1513
55.605,0.1313
55.605,0.1113
55.605,0.0913
55.605,0.0714
55.605,0.0515
55.605,0.0315
55.605,0.0116
55.605,0.0088
55.609,0.0116
55.652,0.1508
55.652,0.1309
55.652,0.1110
55.652,0.0910
55.652,0.0711
55.652,0.0511
55.653,0.0312
55.653,0.0114
55.654,0.0090
55.659,0.0114
55.700,0.1501
55.700,0.1302
55.700,0.1102
55.700,0.0905
55.700,0.0706
55.700,0.0508
55.700,0.0309
55.700,0.0111
55.704,0.0092
55.709,0.0112
55.752,0.1492
55.752,0.1295
55.752,0.1096
55.752,0.0898
55.752,0.0699
55.752,0.0501
55.752,0.0304
55.752,0.0109
55.754,0.0094
55.759,0.0108
55.800,0.1479
55.800,0.1281
55.800,0.1082
55.800,0.0888
55.800,0.0691
55.800,0.0494
55.800,0.0299
55.800,0.0104
55.804,0.0095
55.809,0.0104
55.852,0.1460
55.853,0.1265
55.853,0.1070
55.853,0.0875
55.853,0.0681
55.853,0.0486
55.853,0.0293
55.853,0.0099
55.854,0.0097
55.859,0.0099
55.900,0.1438
55.901,0.1245
55.901,0.1053
55.901,0.0861
55.901,0.0668
55.901,0.0476
55.901,0.0285
55.901,0.0093
55.905,0.0098
55.910,0.0093
55.956,0.1410
55.956,0.1220
55.956,0.1031
55.956,0.0841
55.956,0.0652
55.956,0.0463
55.956,0.0275
55.956,0.0087
55.956,0.0099
55.959,0.0088
55.964,0.0100
56.009,0.1558
56.009,0.1373
56.009,0.1187
56.009,0.1002
56.009,0.0816
56.009,0.0633
56.009,0.0448
56.009,0.0266
56.009,0.0082
56.014,0.0101
56.056,0.1161
56.057,0.0980
56.057,0.0798
56.057,0.0617
56.057,0.0437
56.057,0.0257
56.057,0.0077
56.057,0.0101
56.059,0.0077
56.064,0.0102
56.108,0.1474
56.108,0.1297
56.108,0.1120
56.108,0.0944
56.108,0.0769
56.108,0.0594
56.108,0.0419
56.108,0.0246
56.109,0.0074
56.114,0.0102
56.156,0.1092
56.156,0.0921
56.156,0.0749
56.156,0.0577
56.156,0.0407
56.156,0.0238
56.156,0.0071
56.156,0.0102
56.159,0.0071
56.164,0.0103
56.208,0.1380
56.209,0.1214
56.209,0.1048
56.209,0.0882
56.209,0.0717
56.209,0.0554
56.209,0.0390
56.209,0.0228
56.209,0.0070
56.214,0.0103
56.256,0.1019
56.256,0.0859
56.256,0.0699
56.257,0.0539
56.257,0.0380
56.257,0.0223
56.257,0.0072
56.257,0.0103
56.260,0.0072
56.264,0.0104
56.308,0.1289
56.309,0.1133
56.309,0.0978
56.309,0.0826
56.309,0.0672
56.309,0.0519
56.309,0.0367
56.309,0.0218
56.310,0.0076
56.314,0.0103
56.357,0.0955
56.357,0.0805
56.357,0.0657
56.357,0.0508
56.357,0.0361
56.357,0.0216
56.357,0.0082
56.357,0.0102
56.359,0.0083
56.364,0.0102
56.412,0.1215
56.412,0.1071
56.412,0.0926
56.412,0.0782
56.412,0.0638
56.412,0.0496
56.412,0.0354
56.412,0.0214
56.412,0.0090
56.414,0.0101
56.419,0.0092
56.465,0.1048
56.465,0.0907
56.465,0.0768
56.465,0.0628
56.465,0.0491
56.465,0.0354
56.465,0.0219
56.465,0.0098
56.465,0.0100
56.469,0.0100
56.517,0.1034
56.517,0.0897
56.517,0.0761
56.517,0.0624
56.517,0.0489
56.517,0.0355
56.517,0.0223
56.517,0.0107
56.517,0.0098
56.520,0.0108
56.524,0.0097
56.569,0.1161
56.569,0.1027
56.569,0.0893
56.569,0.0759
56.569,0.0625
56.569,0.0493
56.569,0.0361
56.569,0.0232
56.570,0.0116
56.574,0.0096
56.616,0.0896
56.616,0.0763
56.616,0.0630
56.616,0.0498
56.616,0.0367
56.616,0.0239
56.616,0.0123
56.616,0.0094
56.619,0.0124
56.624,0.0093
56.668,0.1174
56.668,0.1041
56.668,0.0907
56.669,0.0774
56.669,0.0641
56.669,0.0509
56.669,0.0378
56.669,0.0249
56.670,0.0131
56.674,0.0091
56.716,0.0919
56.717,0.0785
56.717,0.0651
56.717,0.0519
56.717,0.0387
56.717,0.0257
56.717,0.0136
56.717,0.0089
56.719,0.0138
56.724,0.0088
56.772,0.1213
56.772,0.1078
56.772,0.0941
56.773,0.0806
56.773,0.0670
56.773,0.0535
56.773,0.0400
56.773,0.0267
56.773,0.0143
56.774,0.0085
56.779,0.0144
56.821,0.1100
56.821,0.0962
56.821,0.0823
56.821,0.0687
56.821,0.0549
56.821,0.0411
56.821,0.0275
56.821,0.0146
56.825,0.0082
56.829,0.0147
56.876,0.1123
56.876,0.0984
56.877,0.0844
56.877,0.0703
56.877,0.0562
56.877,0.0421
56.877,0.0282
56.877,0.0149
56.877,0.0078
56.879,0.0150
56.884,0.0077
56.929,0.1297
56.929,0.1153
56.929,0.1009
56.929,0.0864
56.929,0.0720
56.929,0.0575
56.929,0.0432
56.929,0.0289
56.930,0.0152
56.934,0.0073
56.976,0.1023
56.976,0.0877
56.976,0.0731
56.976,0.0585
56.976,0.0438
56.976,0.0292
56.976,0.0152
56.976,0.0070
56.979,0.0152
56.984,0.0070
57.029,0.1342
57.029,0.1193
57.029,0.1044
57.029,0.0894
57.029,0.0744
57.029,0.0595
57.029,0.0445
57.029,0.0296
57.029,0.0150
57.034,0.0066
57.076,0.1053
57.076,0.0902
57.076,0.0751
57.076,0.0599
57.076,0.0448
57.076,0.0298
57.077,0.0151
57.077,0.0063
57.079,0.0150
57.084,0.0062
57.133,0.1375
57.133,0.1221
57.133,0.1067
57.133,0.0913
57.133,0.0760
57.133,0.0604
57.133,0.0450
57.133,0.0297
57.133,0.0147
57.134,0.0059
57.139,0.0147
57.185,0.1228
57.185,0.1073
57.185,0.0918
57.185,0.0762
57.185,0.0606
57.185,0.0451
57.185,0.0296
57.185,0.0144
57.185,0.0055
57.189,0.0143
57.237,0.1229
57.237,0.1073
57.237,0.0916
57.237,0.0761
57.237,0.0603
57.237,0.0447
57.237,0.0292
57.237,0.0139
57.237,0.0053
57.239,0.0138
57.244,0.0052
57.292,0.1383
57.293,0.1226
57.293,0.1069
57.293,0.0912
57.293,0.0756
57.293,0.0598
57.293,0.0442
57.293,0.0287
57.293,0.0131
57.295,0.0051
57.299,0.0132
57.340,0.1218
57.341,0.1061
57.341,0.0904
57.341,0.0747
57.341,0.0591
57.341,0.0435
57.341,0.0280
57.341,0.0127
57.345,0.0050
57.349,0.0125
57.397,0.1202
57.397,0.1047
57.397,0.0892
57.397,0.0736
57.397,0.0581
57.397,0.0427
57.397,0.0272
57.397,0.0120
57.397,0.0048
57.399,0.0118
57.404,0.0048
57.448,0.1331
57.448,0.1178
57.448,0.1025
57.448,0.0871
57.448,0.0719
57.449,0.0566
57.449,0.0413
57.449,0.0261
57.449,0.0111
57.455,0.0049
57.496,0.1007
57.496,0.0855
57.496,0.0704
57.496,0.0554
57.496,0.0404
57.496,0.0253
57.496,0.0105
57.496,0.0051
57.499,0.0103
57.504,0.0049
57.548,0.1273
57.549,0.1124
57.549,0.0977
57.549,0.0829
57.549,0.0682
57.549,0.0535
57.549,0.0389
57.549,0.0243
57.549,0.0097
57.554,0.0050
57.597,0.0953
57.597,0.0808
57.597,0.0663
57.597,0.0519
57.597,0.0376
57.597,0.0233
57.597,0.0091
57.597,0.0053
57.599,0.0089
57.604,0.0053
57.653,0.1194
57.653,0.1054
57.653,0.0914
57.653,0.0774
57.653,0.0635
57.653,0.0497
57.653,0.0359
57.653,0.0220
57.653,0.0084
57.654,0.0055
57.659,0.0083
57.700,0.1016
57.701,0.0881
57.701,0.0745
57.701,0.0611
57.701,0.0477
57.701,0.0344
57.701,0.0210
57.701,0.0078
57.704,0.0056
57.709,0.0078
57.757,0.0977
57.757,0.0846
57.757,0.0716
57.757,0.0586
57.757,0.0457
57.757,0.0329
57.757,0.0201
57.757,0.0075
57.757,0.0058
57.759,0.0074
57.764,0.0059
57.813,0.1053
57.813,0.0928
57.813,0.0804
57.813,0.0680
57.813,0.0557
57.813,0.0434
57.813,0.0312
57.813,0.0191
57.813,0.0072
57.815,0.0061
57.819,0.0072
57.860,0.0889
57.861,0.0770
57.861,0.0651
57.861,0.0533
57.861,0.0416
57.861,0.0298
57.861,0.0183
57.861,0.0072
57.864,0.0062
57.869,0.0072
57.912,0.0852
57.913,0.0737
57.913,0.0624
57.913,0.0511
57.913,0.0399
57.913,0.0287
57.913,0.0176
57.913,0.0072
57.915,0.0064
57.919,0.0073
57.960,0.0818
57.960,0.0708
57.960,0.0599
57.960,0.0491
57.960,0.0384
57.960,0.0277
57.960,0.0172
57.960,0.0074
57.964,0.0064
57.969,0.0075
58.012,0.0788
58.012,0.0683
58.013,0.0579
58.013,0.0475
58.013,0.0372
58.013,0.0269
58.013,0.0170
58.013,0.0077
58.014,0.0065
58.019,0.0078
58.060,0.0763
58.061,0.0662
58.061,0.0562
58.061,0.0462
58.061,0.0363
58.061,0.0265
58.061,0.0169
58.061,0.0081
58.065,0.0066
58.069,0.0082
58.112,0.0745
58.113,0.0647
58.113,0.0550
58.113,0.0453
58.113,0.0358
58.113,0.0263
58.113,0.0170
58.113,0.0086
58.114,0.0066
58.119,0.0087
58.160,0.0734
58.160,0.0639
58.161,0.0544
58.161,0.0450
58.161,0.0357
58.161,0.0264
58.161,0.0173
58.161,0.0091
58.165,0.0066
58.169,0.0092
58.212,0.0732
58.212,0.0638
58.212,0.0544
58.212,0.0452
58.212,0.0360
58.212,0.0268
58.212,0.0179
58.212,0.0096
58.214,0.0066
58.219,0.0097
58.260,0.0736
58.261,0.0644
58.261,0.0551
58.261,0.0458
58.261,0.0366
58.261,0.0274
58.261,0.0185
58.261,0.0102
58.264,0.0065
58.269,0.0103
58.313,0.0750
58.313,0.0657
58.313,0.0563
58.313,0.0469
58.313,0.0376
58.313,0.0284
58.313,0.0192
58.313,0.0107
58.314,0.0064
58.319,0.0109
58.365,0.0771
58.365,0.0676
58.365,0.0581
58.365,0.0485
58.365,0.0390
58.365,0.0295
58.365,0.0202
58.365,0.0114
58.365,0.0062
58.369,0.0114
58.412,0.0798
58.412,0.0701
58.412,0.0603
58.412,0.0504
58.412,0.0406
58.412,0.0308
58.412,0.0211
58.412,0.0119
58.414,0.0061
58.419,0.0120
58.460,0.0831
58.460,0.0730
58.460,0.0629
58.460,0.0526
58.461,0.0425
58.461,0.0322
58.461,0.0221
58.461,0.0124
58.464,0.0059
58.469,0.0125
58.513,0.0868
58.513,0.0762
58.513,0.0657
58.513,0.0550
58.513,0.0444
58.513,0.0338
58.513,0.0231
58.513,0.0130
58.514,0.0057
58.519,0.0131
58.564,0.0909
58.565,0.0799
58.565,0.0689
58.565,0.0577
58.565,0.0466
58.565,0.0354
58.565,0.0243
58.565,0.0135
58.565,0.0054
58.569,0.0136
58.612,0.0954
58.613,0.0838
58.613,0.0722
58.613,0.0605
58.613,0.0488
58.613,0.0371
58.613,0.0254
58.613,0.0140
58.614,0.0052
58.619,0.0141
58.660,0.1000
58.660,0.0878
58.660,0.0757
58.661,0.0635
58.661,0.0512
58.661,0.0389
58.661,0.0266
58.661,0.0144
58.665,0.0050
58.669,0.0145
58.712,0.1049
58.712,0.0923
58.712,0.0794
58.712,0.0666
58.712,0.0537
58.713,0.0408
58.713,0.0277
58.713,0.0150
58.714,0.0047
58.720,0.0149
58.765,0.1099
58.765,0.0964
58.765,0.0831
58.765,0.0696
58.765,0.0560
58.765,0.0425
58.765,0.0289
58.765,0.0153
58.765,0.0045
58.769,0.0154
58.813,0.1148
58.813,0.1008
58.813,0.0866
58.813,0.0725
58.813,0.0583
58.813,0.0441
58.813,0.0298
58.813,0.0157
58.814,0.0042
58.819,0.0157
58.860,0.1197
58.860,0.1051
58.860,0.0903
58.860,0.0755
58.860,0.0607
58.860,0.0458
58.860,0.0308
58.860,0.0161
58.864,0.0040
58.869,0.0162
58.912,0.1245
58.912,0.1092
58.912,0.0937
58.912,0.0784
58.912,0.0629
58.912,0.0474
58.912,0.0318
58.912,0.0164
58.915,0.0037
58.919,0.0165
58.960,0.1290
58.961,0.1130
58.961,0.0970
58.961,0.0810
58.961,0.0649
58.961,0.0487
58.961,0.0326
58.961,0.0165
58.965,0.0035
58.969,0.0165
59.012,0.1333
59.012,0.1167
59.013,0.1002
59.013,0.0835
59.013,0.0668
59.013,0.0501
59.013,0.0333
59.013,0.0165
59.014,0.0034
59.019,0.0166
59.060,0.1372
59.061,0.1201
59.061,0.1029
59.061,0.0857
59.061,0.0686
59.061,0.0513
59.061,0.0340
59.061,0.0167
59.065,0.0033
59.069,0.0167
59.112,0.1410
59.112,0.1233
59.112,0.1057
59.112,0.0879
59.112,0.0702
59.113,0.0524
59.113,0.0346
59.113,0.0168
59.114,0.0033
59.119,0.0167
59.160,0.1442
59.160,0.1260
59.160,0.1079
59.160,0.0897
59.160,0.0715
59.160,0.0532
59.160,0.0349
59.160,0.0167
59.164,0.0034
59.169,0.0166
59.216,0.1469
59.216,0.1284
59.216,0.1098
59.216,0.0912
59.216,0.0726
59.216,0.0539
59.216,0.0352
59.216,0.0165
59.216,0.0036
59.219,0.0164
59.224,0.0038
59.273,0.1684
59.273,0.1495
59.273,0.1305
59.273,0.1116
59.273,0.0925
59.273,0.0735
59.273,0.0544
59.273,0.0353
59.273,0.0162
59.274,0.0040
59.279,0.0162
59.324,0.1514
59.324,0.1321
59.324,0.1128
59.324,0.0935
59.325,0.0742
59.325,0.0548
59.325,0.0352
59.325,0.0161
59.325,0.0042
59.329,0.0160
59.376,0.1527
59.377,0.1332
59.377,0.1137
59.377,0.0941
59.377,0.0746
59.377,0.0550
59.377,0.0353
59.377,0.0157
59.377,0.0045
59.379,0.0157
59.384,0.0047
59.428,0.1735
59.428,0.1538
59.428,0.1341
59.428,0.1144
59.428,0.0946
59.428,0.0745
59.428,0.0550
59.429,0.0353
59.429,0.0153
59.435,0.0051
59.476,0.1344
59.476,0.1145
59.476,0.0946
59.476,0.0748
59.476,0.0549
59.476,0.0350
59.476,0.0151
59.476,0.0054
59.479,0.0150
59.484,0.0056
59.528,0.1744
59.529,0.1545
59.529,0.1345
59.529,0.1145
59.529,0.0944
59.529,0.0744
59.529,0.0544
59.529,0.0345
59.529,0.0146
59.534,0.0060
59.580,0.1742
59.580,0.1543
59.580,0.1342
59.580,0.1142
59.580,0.0941
59.580,0.0741
59.580,0.0541
59.580,0.0341
59.580,0.0141
59.584,0.0064
59.589,0.0140
59.632,0.1538
59.632,0.1338
59.632,0.1138
59.633,0.0938
59.633,0.0737
59.633,0.0537
59.633,0.0337
59.633,0.0138
59.634,0.0067
59.639,0.0137
59.680,0.1533
59.680,0.1333
59.681,0.1132
59.681,0.0931
59.681,0.0731
59.681,0.0531
59.681,0.0331
59.681,0.0132
59.685,0.0074
59.689,0.0132
59.732,0.1524
59.732,0.1324
59.732,0.1125
59.732,0.0925
59.733,0.0726
59.733,0.0526
59.733,0.0326
59.733,0.0128
59.734,0.0075
59.739,0.0128
59.780,0.1516
59.781,0.1317
59.781,0.1117
59.781,0.0919
59.781,0.0720
59.781,0.0521
59.781,0.0321
59.781,0.0125
59.784,0.0078
59.789,0.0125
59.836,0.1508
59.836,0.1309
59.836,0.1113
59.836,0.0915
59.836,0.0715
59.837,0.0517
59.837,0.0319
59.837,0.0123
59.837,0.0080
59.839,0.0123
59.844,0.0080
59.893,0.1701
59.893,0.1503
59.893,0.1305
59.893,0.1107
59.893,0.0910
59.893,0.0711
59.893,0.0513
59.893,0.0316
59.893,0.0119
59.895,0.0083
59.899,0.0118
59.945,0.1497
59.945,0.1300
59.945,0.1103
59.945,0.0904
59.945,0.0708
59.945,0.0511
59.945,0.0314
59.945,0.0117
59.945,0.0085
59.949,0.0116
59.996,0.1496
59.996,0.1298
59.996,0.1102
59.996,0.0904
59.997,0.0707
59.997,0.0508
59.997,0.0314
59.997,0.0118
59.997,0.0085
60.000,0.0116
60.004,0.0086
60.048,0.1691
60.048,0.1494
60.049,0.1296
60.049,0.1100
60.049,0.0903
60.049,0.0705
60.049,0.0508
60.049,0.0311
60.049,0.0115
60.054,0.0087
60.096,0.1296
60.096,0.1101
60.096,0.0903
60.096,0.0706
60.096,0.0509
60.096,0.0312
60.096,0.0114
60.096,0.0089
60.099,0.0115
60.104,0.0087
60.148,0.1695
60.149,0.1498
60.149,0.1298
60.149,0.1101
60.149,0.0904
60.149,0.0706
60.149,0.0508
60.149,0.0310
60.149,0.0114
60.154,0.0089
60.197,0.1301
60.197,0.1102
60.197,0.0905
60.197,0.0706
60.197,0.0509
60.197,0.0311
60.197,0.0114
60.197,0.0089
60.200,0.0114
60.204,0.0089
60.253,0.1701
60.253,0.1503
60.253,0.1304
60.253,0.1105
60.253,0.0907
60.253,0.0708
60.253,0.0509
60.253,0.0310
60.253,0.0113
60.254,0.0090
60.259,0.0112
60.305,0.1506
60.305,0.1307
60.305,0.1106
60.305,0.0908
60.305,0.0709
60.305,0.0510
60.305,0.0311
60.305,0.0112
60.305,0.0091
60.309,0.0112
60.353,0.1508
60.353,0.1307
60.353,0.1108
60.353,0.0910
60.353,0.0709
60.353,0.0510
60.353,0.0310
60.353,0.0109
60.354,0.0091
60.359,0.0111
60.400,0.1509
60.400,0.1309
60.400,0.1107
60.400,0.0908
60.400,0.0709
60.401,0.0510
60.401,0.0310
60.401,0.0111
60.404,0.0092
60.409,0.0109
60.452,0.1509
60.453,0.1308
60.453,0.1108
60.453,0.0908
60.453,0.0708
60.453,0.0507
60.453,0.0307
60.453,0.0107
60.455,0.0096
60.459,0.0107
60.501,0.1507
60.501,0.1307
60.501,0.1106
60.501,0.0905
60.501,0.0707
60.501,0.0507
60.501,0.0306
60.501,0.0106
60.505,0.0096
60.509,0.0106
60.556,0.1505
60.557,0.1305
60.557,0.1106
60.557,0.0904
60.557,0.0704
60.557,0.0504
60.557,0.0305
60.557,0.0105
60.557,0.0097
60.559,0.0104
60.564,0.0097
60.608,0.1701
60.608,0.1501
60.608,0.1302
60.608,0.1102
60.608,0.0902
60.608,0.0702
60.608,0.0503
60.608,0.0302
60.609,0.0102
60.614,0.0097
60.656,0.1299
60.657,0.1100
60.657,0.0900
60.657,0.0700
60.657,0.0499
60.657,0.0302
60.657,0.0103
60.657,0.0098
60.659,0.0102
60.664,0.0098
60.708,0.1694
60.709,0.1495
60.709,0.1296
60.709,0.1097
60.709,0.0897
60.709,0.0698
60.709,0.0499
60.709,0.0300
60.709,0.0101
60.714,0.0099
60.757,0.1294
60.757,0.1096
60.757,0.0896
60.757,0.0697
60.757,0.0498
60.757,0.0300
60.757,0.0101
60.757,0.0098
60.760,0.0103
60.764,0.0096
60.808,0.1689
60.808,0.1491
60.808,0.1293
60.808,0.1094
60.809,0.0895
60.809,0.0697
60.809,0.0498
60.809,0.0300
60.809,0.0102
60.814,0.0099
60.856,0.1291
60.856,0.1092
60.856,0.0895
60.856,0.0697
60.856,0.0498
60.857,0.0299
60.857,0.0102
60.857,0.0099
60.859,0.0102
60.864,0.0099
60.908,0.1688
60.909,0.1490
60.909,0.1292
60.909,0.1094
60.909,0.0895
60.909,0.0696
60.909,0.0497
60.909,0.0301
60.909,0.0103
60.914,0.0099
60.961,0.1686
60.961,0.1488
60.961,0.1289
60.961,0.1091
60.961,0.0894
60.961,0.0696
60.961,0.0497
60.961,0.0300
60.961,0.0104
60.965,0.0101
60.969,0.0103
61.013,0.1490
61.013,0.1291
61.013,0.1093
61.013,0.0896
61.013,0.0697
61.013,0.0499
61.013,0.0301
61.013,0.0104
61.014,0.0101
61.019,0.0105
61.060,0.1489
61.061,0.1293
61.061,0.1093
61.061,0.0895
61.061,0.0697
61.061,0.0499
61.061,0.0301
61.061,0.0106
61.065,0.0101
61.069,0.0106
61.116,0.1489
61.117,0.1292
61.117,0.1095
61.117,0.0896
61.117,0.0699
61.117,0.0500
61.117,0.0302
61.117,0.0107
61.117,0.0100
61.119,0.0106
61.124,0.0101
61.172,0.1687
61.173,0.1489
61.173,0.1292
61.173,0.1091
61.173,0.0893
61.173,0.0696
61.173,0.0498
61.173,0.0299
61.173,0.0106
61.174,0.0103
61.179,0.0106
61.221,0.1488
61.221,0.1289
61.221,0.1091
61.221,0.0893
61.221,0.0695
61.221,0.0498
61.221,0.0301
61.221,0.0106
61.224,0.0102
61.229,0.0105
61.272,0.1484
61.273,0.1287
61.273,0.1089
61.273,0.0892
61.273,0.0694
61.273,0.0498
61.273,0.0300
61.273,0.0105
61.275,0.0103
61.279,0.0105
61.320,0.1483
61.321,0.1285
61.321,0.1088
61.321,0.0891
61.321,0.0693
61.321,0.0496
61.321,0.0299
61.321,0.0106
61.324,0.0102
61.329,0.0105
61.372,0.1482
61.373,0.1283
61.373,0.1087
61.373,0.0890
61.373,0.0692
61.373,0.0496
61.373,0.0299
61.373,0.0106
61.374,0.0102
61.379,0.0107
61.420,0.1481
61.421,0.1283
61.421,0.1087
61.421,0.0890
61.421,0.0693
61.421,0.0494
61.421,0.0298
61.421,0.0106
61.424,0.0101
61.429,0.0105
61.472,0.1480
61.473,0.1283
61.473,0.1085
61.473,0.0888
61.473,0.0692
61.473,0.0494
61.473,0.0299
61.473,0.0105
61.474,0.0101
61.479,0.0106
61.520,0.1480
61.521,0.1280
61.521,0.1085
61.521,0.0887
61.521,0.0691
61.521,0.0496
61.521,0.0300
61.521,0.0106
61.524,0.0100
61.529,0.0106
61.572,0.1477
61.572,0.1279
61.572,0.1083
61.572,0.0886
61.572,0.0690
61.572,0.0493
61.572,0.0298
61.572,0.0104
61.574,0.0102
61.579,0.0104
61.620,0.1475
61.621,0.1277
61.621,0.1080
61.621,0.0885
61.621,0.0689
61.621,0.0492
61.621,0.0297
61.621,0.0103
61.625,0.0102
61.629,0.0103
61.673,0.1470
61.673,0.1274
61.673,0.1076
61.673,0.0882
61.673,0.0687
61.673,0.0490
61.673,0.0295
61.673,0.0102
61.675,0.0102
61.679,0.0102
61.720,0.1464
61.720,0.1269
61.720,0.1074
61.721,0.0879
61.721,0.0684
61.721,0.0488
61.721,0.0294
61.721,0.0100
61.725,0.0101
61.729,0.0100
61.772,0.1455
61.773,0.1261
61.773,0.1067
61.773,0.0873
61.773,0.0679
61.773,0.0484
61.773,0.0290
61.773,0.0098
61.774,0.0103
61.779,0.0098
61.824,0.1444
61.824,0.1251
61.824,0.1058
61.824,0.0863
61.824,0.0672
61.824,0.0479
61.824,0.0285
61.824,0.0095
61.825,0.0103
61.829,0.0097
61.872,0.1433
61.872,0.1241
61.873,0.1048
61.873,0.0856
61.873,0.0664
61.873,0.0474
61.873,0.0283
61.873,0.0093
61.874,0.0104
61.879,0.0093
61.924,0.1416
61.924,0.1226
61.924,0.1036
61.924,0.0845
61.924,0.0653
61.924,0.0466
61.924,0.0276
61.924,0.0090
61.925,0.0104
61.929,0.0089
61.972,0.1398
61.972,0.1209
61.972,0.1020
61.972,0.0833
61.972,0.0645
61.972,0.0458
61.972,0.0271
61.972,0.0087
61.974,0.0105
61.979,0.0086
62.020,0.1375
62.021,0.1189
62.021,0.1005
62.021,0.0819
62.021,0.0634
62.021,0.0449
62.021,0.0266
62.021,0.0083
62.024,0.0105
62.029,0.0083
62.072,0.1353
62.072,0.1170
62.072,0.0986
62.072,0.0804
62.072,0.0623
62.073,0.0441
62.073,0.0260
62.073,0.0080
62.074,0.0104
62.079,0.0078
62.120,0.1330
62.121,0.1149
62.121,0.0969
62.121,0.0790
62.121,0.0611
62.121,0.0432
62.121,0.0253
62.121,0.0075
62.124,0.0104
62.129,0.0076
62.177,0.1307
62.177,0.1130
62.177,0.0953
62.177,0.0776
62.177,0.0600
62.177,0.0424
62.177,0.0247
62.177,0.0072
62.177,0.0103
62.179,0.0073
62.184,0.0103
62.228,0.1454
62.229,0.1279
62.229,0.1105
62.229,0.0932
62.229,0.0758
62.229,0.0585
62.229,0.0413
62.229,0.0241
62.229,0.0070
62.234,0.0103
62.276,0.1092
62.276,0.0921
62.276,0.0749
62.276,0.0579
62.276,0.0409
62.276,0.0239
62.276,0.0068
62.277,0.0101
62.279,0.0068
62.284,0.0102
62.329,0.1410
62.329,0.1241
62.329,0.1072
62.329,0.0905
62.329,0.0736
62.329,0.0568
62.329,0.0401
62.329,0.0234
62.329,0.0067
62.334,0.0099
62.381,0.1393
62.381,0.1227
62.381,0.1061
62.381,0.0895
62.381,0.0729
62.381,0.0564
62.381,0.0397
62.381,0.0232
62.381,0.0067
62.384,0.0099
62.389,0.0068
62.433,0.1217
62.433,0.1052
62.433,0.0888
62.433,0.0723
62.433,0.0560
62.433,0.0395
62.433,0.0231
62.433,0.0070
62.434,0.0096
62.439,0.0071
62.481,0.1211
62.481,0.1047
62.481,0.0884
62.481,0.0721
62.481,0.0558
62.481,0.0395
62.481,0.0233
62.481,0.0072
62.485,0.0095
62.489,0.0072
62.536,0.1209
62.536,0.1047
62.536,0.0884
62.536,0.0721
62.536,0.0559
62.536,0.0396
62.536,0.0234
62.536,0.0075
62.536,0.0093
62.539,0.0077
62.544,0.0093
62.589,0.1378
62.589,0.1216
62.589,0.1053
62.589,0.0891
62.589,0.0727
62.589,0.0564
62.589,0.0403
62.589,0.0240
62.589,0.0080
62.594,0.0091
62.641,0.1386
62.641,0.1224
62.641,0.1060
62.641,0.0898
62.641,0.0735
62.641,0.0572
62.641,0.0408
62.641,0.0245
62.641,0.0085
62.644,0.0089
62.649,0.0084
62.692,0.1236
62.693,0.1072
62.693,0.0908
62.693,0.0743
62.693,0.0579
62.693,0.0414
62.693,0.0249
62.693,0.0089
62.694,0.0086
62.699,0.0089
62.741,0.1252
62.741,0.1086
62.741,0.0920
62.741,0.0754
62.741,0.0587
62.741,0.0422
62.741,0.0257
62.741,0.0091
62.745,0.0085
62.749,0.0093
62.796,0.1270
62.796,0.1102
62.796,0.0934
62.796,0.0766
62.796,0.0599
62.796,0.0431
62.797,0.0263
62.797,0.0096
62.797,0.0083
62.799,0.0097
62.804,0.0083
62.848,0.1464
62.849,0.1293
62.849,0.1124
62.849,0.0954
62.849,0.0782
62.849,0.0612
62.849,0.0440
62.849,0.0269
62.849,0.0100
62.854,0.0082
62.896,0.1138
62.896,0.0966
62.896,0.0793
62.896,0.0620
62.896,0.0447
62.896,0.0274
62.897,0.0101
62.897,0.0080
62.899,0.0103
62.904,0.0079
62.948,0.1511
62.949,0.1336
62.949,0.1159
62.949,0.0984
62.949,0.0809
62.949,0.0633
62.949,0.0457
62.949,0.0281
62.949,0.0104
62.954,0.0078
63.000,0.1535
63.001,0.1357
63.001,0.1179
63.001,0.1000
63.001,0.0821
63.001,0.0644
63.001,0.0465
63.001,0.0286
63.001,0.0108
63.004,0.0077
63.009,0.0107
63.052,0.1377
63.052,0.1197
63.053,0.1017
63.053,0.0836
63.053,0.0655
63.053,0.0472
63.053,0.0291
63.053,0.0109
63.055,0.0077
63.059,0.0109
63.105,0.1397
63.105,0.1214
63.105,0.1031
63.105,0.0847
63.105,0.0662
63.105,0.0480
63.105,0.0296
63.105,0.0110
63.105,0.0075
63.109,0.0110
63.157,0.1415
63.157,0.1230
63.157,0.1045
63.157,0.0859
63.157,0.0671
63.157,0.0485
63.157,0.0299
63.157,0.0114
63.157,0.0075
63.159,0.0114
63.164,0.0074
63.208,0.1625
63.209,0.1437
63.209,0.1249
63.209,0.1060
63.209,0.0871
63.209,0.0682
63.209,0.0494
63.209,0.0304
63.209,0.0115
63.214,0.0076
63.260,0.1642
63.260,0.1452
63.260,0.1262
63.260,0.1071
63.261,0.0881
63.261,0.0690
63.261,0.0499
63.261,0.0308
63.261,0.0117
63.264,0.0075
63.269,0.0116
63.312,0.1467
63.312,0.1275
63.312,0.1083
63.312,0.0889
63.312,0.0697
63.312,0.0504
63.312,0.0311
63.312,0.0118
63.314,0.0077
63.319,0.0116
63.364,0.1479
63.365,0.1285
63.365,0.1091
63.365,0.0897
63.365,0.0703
63.365,0.0507
63.365,0.0312
63.365,0.0116
63.365,0.0079
63.369,0.0117
63.413,0.1488
63.413,0.1293
63.413,0.1097
63.413,0.0902
63.413,0.0703
63.413,0.0508
63.413,0.0313
63.413,0.0117
63.415,0.0081
63.419,0.0117
63.460,0.1490
63.460,0.1293
63.460,0.1098
63.460,0.0901
63.460,0.0704
63.460,0.0508
63.460,0.0311
63.460,0.0114
63.464,0.0084
63.469,0.0115
63.512,0.1487
63.512,0.1291
63.512,0.1092
63.512,0.0899
63.512,0.0701
63.512,0.0505
63.512,0.0309
63.512,0.0112
63.514,0.0085
63.519,0.0111
63.560,0.1478
63.561,0.1280
63.561,0.1085
63.561,0.0889
63.561,0.0693
63.561,0.0497
63.561,0.0301
63.561,0.0107
63.564,0.0089
63.569,0.0106
63.616,0.1459
63.616,0.1265
63.616,0.1070
63.616,0.0876
63.616,0.0682
63.616,0.0488
63.616,0.0295
63.617,0.0102
63.617,0.0092
63.620,0.0100
63.624,0.0094
63.668,0.1620
63.669,0.1428
63.669,0.1237
63.669,0.1046
63.669,0.0854
63.669,0.0664
63.669,0.0474
63.669,0.0283
63.669,0.0095
63.674,0.0095
63.716,0.1213
63.717,0.1025
63.717,0.0837
63.717,0.0650
63.717,0.0462
63.717,0.0276
63.717,0.0090
63.717,0.0098
63.720,0.0088
63.724,0.0098
63.769,0.1542
63.769,0.1359
63.769,0.1175
63.769,0.0991
63.769,0.0808
63.769,0.0626
63.769,0.0445
63.769,0.0263
63.769,0.0084
63.774,0.0099
63.820,0.1495
63.821,0.1316
63.821,0.1137
63.821,0.0959
63.821,0.0782
63.821,0.0605
63.821,0.0428
63.821,0.0251
63.821,0.0077
63.824,0.0102
63.829,0.0077
63.876,0.1274
63.876,0.1101
63.877,0.0927
63.877,0.0755
63.877,0.0583
63.877,0.0412
63.877,0.0242
63.877,0.0075
63.877,0.0103
63.880,0.0074
63.884,0.0103
63.928,0.1388
63.928,0.1221
63.928,0.1055
63.928,0.0889
63.928,0.0724
63.928,0.0559
63.928,0.0394
63.928,0.0231
63.929,0.0073
63.934,0.0104
63.976,0.1026
63.976,0.0864
63.976,0.0703
63.976,0.0542
63.976,0.0383
63.976,0.0225
63.976,0.0074
63.976,0.0103
63.979,0.0073
63.984,0.0105
64.029,0.1299
64.029,0.1143
64.029,0.0987
64.029,0.0832
64.029,0.0676
64.029,0.0523
64.029,0.0369
64.029,0.0218
64.029,0.0075
64.034,0.0104
64.076,0.0963
64.076,0.0811
64.076,0.0659
64.077,0.0510
64.077,0.0361
64.077,0.0213
64.077,0.0077
64.077,0.0104
64.080,0.0076
64.084,0.0104
64.128,0.1226
64.129,0.1079
64.129,0.0932
64.129,0.0786
64.129,0.0640
64.129,0.0495
64.129,0.0352
64.129,0.0210
64.129,0.0080
64.134,0.0102
64.181,0.1196
64.181,0.1053
64.181,0.0910
64.181,0.0768
64.181,0.0626
64.181,0.0485
64.181,0.0345
64.181,0.0207
64.181,0.0081
64.185,0.0099
64.189,0.0081
64.232,0.1028
64.232,0.0889
64.232,0.0751
64.232,0.0613
64.232,0.0475
64.232,0.0338
64.232,0.0204
64.232,0.0082
64.234,0.0097
64.239,0.0081
64.280,0.1004
64.281,0.0869
64.281,0.0734
64.281,0.0599
64.281,0.0463
64.281,0.0329
64.281,0.0199
64.281,0.0080
64.284,0.0095
64.289,0.0080
64.332,0.0979
64.333,0.0847
64.333,0.0715
64.333,0.0583
64.333,0.0452
64.333,0.0322
64.333,0.0194
64.333,0.0077
64.334,0.0092
64.339,0.0076
64.380,0.0951
64.380,0.0822
64.381,0.0693
64.381,0.0565
64.381,0.0437
64.381,0.0311
64.381,0.0186
64.381,0.0072
64.385,0.0089
64.389,0.0071
64.436,0.0920
64.436,0.0795
64.436,0.0670
64.437,0.0545
64.437,0.0422
64.437,0.0298
64.437,0.0177
64.437,0.0066
64.437,0.0086
64.439,0.0064
64.444,0.0085
64.488,0.0998
64.489,0.0876
64.489,0.0757
64.489,0.0637
64.489,0.0517
64.489,0.0398
64.489,0.0282
64.489,0.0165
64.490,0.0056
64.494,0.0082
64.536,0.0728
64.537,0.0613
64.537,0.0497
64.537,0.0383
64.537,0.0268
64.537,0.0156
64.537,0.0050
64.537,0.0080
64.540,0.0048
64.544,0.0079
64.588,0.0904
64.588,0.0793
64.588,0.0684
64.588,0.0574
64.588,0.0465
64.589,0.0356
64.589,0.0249
64.589,0.0142
64.589,0.0040
64.594,0.0076
64.640,0.0854
64.640,0.0749
64.640,0.0644
64.641,0.0541
64.641,0.0437
64.641,0.0334
64.641,0.0232
64.641,0.0130
64.641,0.0032
64.644,0.0073
64.649,0.0031
64.696,0.0705
64.696,0.0607
64.696,0.0508
64.696,0.0411
64.696,0.0314
64.697,0.0217
64.697,0.0122
64.697,0.0028
64.697,0.0072
64.699,0.0028
64.704,0.0071
64.748,0.0752
64.748,0.0659
64.748,0.0567
64.749,0.0474
64.749,0.0384
64.749,0.0293
64.749,0.0204
64.749,0.0115
64.750,0.0032
64.754,0.0069
64.800,0.0718
64.800,0.0630
64.800,0.0542
64.800,0.0456
64.800,0.0369
64.800,0.0284
64.800,0.0199
64.800,0.0115
64.801,0.0041
64.804,0.0066
64.809,0.0043
64.852,0.0614
64.853,0.0530
64.853,0.0447
64.853,0.0365
64.853,0.0282
64.853,0.0201
64.853,0.0121
64.853,0.0052
64.854,0.0064
64.859,0.0053
64.905,0.0614
64.905,0.0533
64.905,0.0452
64.905,0.0370
64.905,0.0290
64.905,0.0210
64.905,0.0132
64.905,0.0063
64.905,0.0061
64.909,0.0065
64.953,0.0628
64.953,0.0547
64.953,0.0466
64.953,0.0385
64.953,0.0304
64.953,0.0224
64.953,0.0145
64.953,0.0074
64.955,0.0059
64.959,0.0076
65.000,0.0657
65.001,0.0575
65.001,0.0492
65.001,0.0409
65.001,0.0325
65.001,0.0242
65.001,0.0160
65.001,0.0085
65.005,0.0056
65.009,0.0087
65.057,0.0698
65.057,0.0612
65.057,0.0525
65.057,0.0438
65.057,0.0351
65.057,0.0263
65.057,0.0177
65.057,0.0094
65.057,0.0052
65.060,0.0096
65.064,0.0052
65.108,0.0850
65.109,0.0758
65.109,0.0665
65.109,0.0572
65.109,0.0478
65.109,0.0384
65.109,0.0290
65.109,0.0196
65.110,0.0105
65.114,0.0048
65.161,0.0910
65.161,0.0812
65.161,0.0713
65.161,0.0613
65.161,0.0514
65.161,0.0413
65.161,0.0312
65.161,0.0212
65.161,0.0113
65.164,0.0044
65.169,0.0114
65.212,0.0869
65.212,0.0763
65.212,0.0657
65.212,0.0550
65.213,0.0443
65.213,0.0335
65.213,0.0227
65.213,0.0120
65.214,0.0040
65.219,0.0121
65.260,0.0926
65.261,0.0813
65.261,0.0700
65.261,0.0586
65.261,0.0471
65.261,0.0357
65.261,0.0241
65.261,0.0126
65.264,0.0036
65.269,0.0127
65.316,0.0981
65.316,0.0862
65.316,0.0741
65.316,0.0621
65.316,0.0499
65.317,0.0377
65.317,0.0254
65.317,0.0131
65.317,0.0032
65.319,0.0132
65.325,0.0031
65.372,0.1172
65.372,0.1044
65.372,0.0917
65.372,0.0788
65.372,0.0658
65.372,0.0528
65.372,0.0397
65.373,0.0266
65.373,0.0135
65.374,0.0027
65.379,0.0137
65.421,0.1094
65.421,0.0960
65.421,0.0824
65.421,0.0688
65.421,0.0552
65.421,0.0415
65.421,0.0276
65.421,0.0139
65.424,0.0023
65.429,0.0139
65.473,0.1140
65.473,0.0999
65.473,0.0858
65.473,0.0715
65.473,0.0572
65.473,0.0429
65.473,0.0285
65.473,0.0141
65.475,0.0021
65.479,0.0143
65.520,0.1182
65.521,0.1034
65.521,0.0887
65.521,0.0739
65.521,0.0591
65.521,0.0441
65.521,0.0292
65.521,0.0142
65.524,0.0019
65.529,0.0143
65.572,0.1217
65.572,0.1065
65.572,0.0913
65.572,0.0760
65.572,0.0606
65.572,0.0452
65.572,0.0298
65.572,0.0143
65.574,0.0020
65.579,0.0143
65.620,0.1248
65.620,0.1090
65.620,0.0933
65.620,0.0775
65.620,0.0619
65.620,0.0460
65.620,0.0301
65.620,0.0142
65.624,0.0023
65.629,0.0143
65.672,0.1272
65.673,0.1111
65.673,0.0949
65.673,0.0789
65.673,0.0628
65.673,0.0465
65.673,0.0303
65.673,0.0142
65.674,0.0026
65.679,0.0142
65.720,0.1290
65.721,0.1126
65.721,0.0963
65.721,0.0798
65.721,0.0634
65.721,0.0470
65.721,0.0304
65.721,0.0141
65.724,0.0031
65.729,0.0140
65.773,0.1302
65.773,0.1136
65.773,0.0970
65.773,0.0803
65.773,0.0639
65.773,0.0471
65.773,0.0305
65.773,0.0138
65.774,0.0036
65.779,0.0138
65.820,0.1310
65.820,0.1142
65.820,0.0972
65.821,0.0808
65.821,0.0640
65.821,0.0471
65.821,0.0304
65.821,0.0137
65.825,0.0041
65.830,0.0135
65.872,0.1313
65.872,0.1144
65.872,0.0976
65.872,0.0807
65.872,0.0639
65.872,0.0471
65.873,0.0302
65.873,0.0135
65.874,0.0047
65.879,0.0134
65.920,0.1312
65.920,0.1143
65.920,0.0974
65.920,0.0805
65.920,0.0637
65.920,0.0468
65.920,0.0300
65.920,0.0133
65.924,0.0052
65.929,0.0134
65.977,0.1307
65.977,0.1139
65.977,0.0971
65.977,0.0803
65.977,0.0634
65.977,0.0465
65.977,0.0298
65.977,0.0133
65.977,0.0057
65.979,0.0132
65.984,0.0058
66.029,0.1470
66.029,0.1302
66.029,0.1134
66.029,0.0966
66.029,0.0798
66.029,0.0630
66.029,0.0463
66.029,0.0296
66.029,0.0133
66.034,0.0062
66.076,0.1129
66.076,0.0962
66.076,0.0795
66.076,0.0627
66.076,0.0461
66.076,0.0295
66.076,0.0133
66.076,0.0066
66.080,0.0134
66.084,0.0067
66.128,0.1456
66.128,0.1290
66.128,0.1124
66.128,0.0958
66.128,0.0791
66.128,0.0626
66.129,0.0461
66.129,0.0296
66.129,0.0136
66.134,0.0070
66.176,0.1120
66.177,0.0955
66.177,0.0789
66.177,0.0624
66.177,0.0459
66.177,0.0294
66.177,0.0138
66.177,0.0073
66.180,0.0139
66.184,0.0073
66.232,0.1449
66.233,0.1285
66.233,0.1118
66.233,0.0955
66.233,0.0790
66.233,0.0625
66.233,0.0461
66.233,0.0298
66.233,0.0141
66.234,0.0075
66.239,0.0143
66.280,0.1287
66.281,0.1123
66.281,0.0958
66.281,0.0793
66.281,0.0629
66.281,0.0464
66.281,0.0302
66.281,0.0146
66.284,0.0076
66.289,0.0147
66.333,0.1294
66.333,0.1131
66.333,0.0966
66.333,0.0801
66.333,0.0635
66.333,0.0470
66.333,0.0307
66.333,0.0149
66.335,0.0076
66.339,0.0149
66.384,0.1307
66.384,0.1140
66.384,0.0974
66.384,0.0808
66.384,0.0643
66.384,0.0477
66.384,0.0312
66.384,0.0153
66.385,0.0074
66.389,0.0154
66.436,0.1321
66.436,0.1152
66.436,0.0985
66.436,0.0818
66.436,0.0649
66.436,0.0482
66.436,0.0316
66.437,0.0155
66.437,0.0071
66.439,0.0154
66.444,0.0071
66.488,0.1509
66.488,0.1340
66.489,0.1169
66.489,0.0999
66.489,0.0829
66.489,0.0659
66.489,0.0489
66.489,0.0320
66.489,0.0155
66.494,0.0068
66.536,0.1181
66.536,0.1008
66.536,0.0837
66.536,0.0665
66.537,0.0493
66.537,0.0321
66.537,0.0155
66.537,0.0065
66.539,0.0155
66.544,0.0064
66.592,0.1543
66.592,0.1370
66.592,0.1194
66.593,0.1021
66.593,0.0847
66.593,0.0673
66.593,0.0498
66.593,0.0325
66.593,0.0154
66.594,0.0061
66.599,0.0154
66.640,0.1382
66.640,0.1206
66.640,0.1030
66.640,0.0854
66.640,0.0678
66.640,0.0501
66.640,0.0325
66.640,0.0153
66.645,0.0056
66.649,0.0153
66.692,0.1393
66.693,0.1215
66.693,0.1037
66.693,0.0859
66.693,0.0682
66.693,0.0503
66.693,0.0327
66.693,0.0152
66.694,0.0053
66.699,0.0151
66.740,0.1400
66.741,0.1221
66.741,0.1042
66.741,0.0863
66.741,0.0685
66.741,0.0505
66.741,0.0326
66.741,0.0149
66.744,0.0048
66.749,0.0150
66.792,0.1405
66.793,0.1226
66.793,0.1046
66.793,0.0866
66.793,0.0686
66.793,0.0505
66.793,0.0326
66.793,0.0148
66.795,0.0045
66.799,0.0148
66.840,0.1409
66.840,0.1227
66.840,0.1047
66.840,0.0867
66.840,0.0685
66.840,0.0506
66.840,0.0326
66.840,0.0146
66.844,0.0042
66.849,0.0146
66.897,0.1411
66.897,0.1230
66.897,0.1048
66.897,0.0868
66.897,0.0686
66.897,0.0506
66.897,0.0325
66.897,0.0145
66.897,0.0040
66.900,0.0145
66.904,0.0040
66.948,0.1589
66.949,0.1410
66.949,0.1229
66.949,0.1048
66.949,0.0866
66.949,0.0686
66.949,0.0505
66.949,0.0324
66.949,0.0144
66.954,0.0039
66.997,0.1228
66.997,0.1049
66.997,0.0868
66.997,0.0686
66.997,0.0505
66.997,0.0324
66.997,0.0143
66.997,0.0040
66.999,0.0144
67.004,0.0040
67.053,0.1594
67.053,0.1413
67.053,0.1231
67.053,0.1052
67.053,0.0870
67.053,0.0689
67.053,0.0507
67.053,0.0326
67.053,0.0145
67.055,0.0040
67.059,0.0145
67.100,0.1415
67.100,0.1234
67.100,0.1054
67.100,0.0873
67.100,0.0691
67.100,0.0509
67.100,0.0328
67.100,0.0146
67.104,0.0040
67.109,0.0146
67.152,0.1421
67.152,0.1241
67.152,0.1058
67.152,0.0876
67.152,0.0695
67.152,0.0513
67.152,0.0329
67.153,0.0148
67.154,0.0040
67.159,0.0148
67.200,0.1429
67.201,0.1247
67.201,0.1064
67.201,0.0881
67.201,0.0698
67.201,0.0514
67.201,0.0331
67.201,0.0149
67.205,0.0042
67.209,0.0149
67.253,0.1439
67.253,0.1255
67.253,0.1071
67.253,0.0887
67.253,0.0702
67.253,0.0518
67.253,0.0334
67.253,0.0151
67.255,0.0042
67.259,0.0150
67.300,0.1451
67.300,0.1265
67.300,0.1079
67.300,0.0894
67.301,0.0708
67.301,0.0523
67.301,0.0336
67.301,0.0152
67.304,0.0042
67.309,0.0153
67.352,0.1463
67.352,0.1275
67.352,0.1089
67.352,0.0902
67.352,0.0715
67.352,0.0528
67.352,0.0341
67.352,0.0154
67.354,0.0043
67.360,0.0150
67.404,0.1474
67.404,0.1284
67.405,0.1097
67.405,0.0907
67.405,0.0720
67.405,0.0531
67.405,0.0342
67.405,0.0151
67.405,0.0044
67.409,0.0154
67.452,0.1485
67.453,0.1293
67.453,0.1106
67.453,0.0915
67.453,0.0724
67.453,0.0534
67.453,0.0343
67.453,0.0153
67.454,0.0045
67.459,0.0154
67.504,0.1497
67.505,0.1306
67.505,0.1114
67.505,0.0922
67.505,0.0729
67.505,0.0538
67.505,0.0346
67.505,0.0152
67.505,0.0046
67.509,0.0154
67.556,0.1507
67.556,0.1315
67.557,0.1113
67.557,0.0929
67.557,0.0735
67.557,0.0540
67.557,0.0346
67.557,0.0153
67.557,0.0046
67.560,0.0154
67.564,0.0046
67.608,0.1714
67.608,0.1520
67.608,0.1325
67.608,0.1129
67.608,0.0935
67.608,0.0739
67.608,0.0543
67.608,0.0348
67.609,0.0152
67.614,0.0049
67.656,0.1329
67.657,0.1134
67.657,0.0939
67.657,0.0742
67.657,0.0545
67.657,0.0347
67.657,0.0152
67.657,0.0048
67.659,0.0151
67.664,0.0049
67.708,0.1733
67.709,0.1535
67.709,0.1338
67.709,0.1140
67.709,0.0942
67.709,0.0744
67.709,0.0546
67.709,0.0348
67.709,0.0150
67.714,0.0052
67.756,0.1341
67.757,0.1141
67.757,0.0944
67.757,0.0745
67.757,0.0545
67.757,0.0347
67.757,0.0147
67.757,0.0054
67.760,0.0147
67.764,0.0054
67.808,0.1742
67.808,0.1542
67.809,0.1343
67.809,0.1143
67.809,0.0945
67.809,0.0745
67.809,0.0544
67.809,0.0344
67.809,0.0146
67.814,0.0057
67.856,0.1342
67.856,0.1142
67.856,0.0942
67.856,0.0742
67.856,0.0542
67.856,0.0343
67.856,0.0144
67.856,0.0058
67.859,0.0143
67.864,0.0059
67.908,0.1743
67.909,0.1543
67.909,0.1342
67.909,0.1141
67.909,0.0942
67.909,0.0741
67.909,0.0540
67.909,0.0340
67.909,0.0141
67.914,0.0062
67.956,0.1340
67.956,0.1139
67.956,0.0939
67.956,0.0739
67.956,0.0539
67.956,0.0338
67.956,0.0138
67.956,0.0063
67.959,0.0137
67.964,0.0064
68.008,0.1735
68.008,0.1535
68.008,0.1335
68.008,0.1135
68.008,0.0933
68.008,0.0733
68.008,0.0534
68.008,0.0335
68.009,0.0134
68.014,0.0066
68.057,0.1332
68.057,0.1131
68.057,0.0930
68.057,0.0730
68.057,0.0531
68.057,0.0331
68.057,0.0132
68.057,0.0067
68.059,0.0133
68.064,0.0069
68.108,0.1724
68.109,0.1524
68.109,0.1325
68.109,0.1126
68.109,0.0926
68.109,0.0727
68.109,0.0528
68.109,0.0329
68.109,0.0130
68.114,0.0070
68.156,0.1320
68.156,0.1121
68.156,0.0920
68.156,0.0723
68.156,0.0523
68.156,0.0325
68.156,0.0128
68.157,0.0071
68.159,0.0128
68.164,0.0071
68.208,0.1708
68.208,0.1510
68.208,0.1310
68.208,0.1112
68.208,0.0915
68.208,0.0717
68.208,0.0520
68.208,0.0322
68.209,0.0123
68.214,0.0075
68.256,0.1306
68.256,0.1109
68.256,0.0911
68.256,0.0714
68.256,0.0516
68.256,0.0318
68.256,0.0122
68.256,0.0076
68.259,0.0121
68.264,0.0078
68.309,0.1691
68.309,0.1492
68.309,0.1298
68.309,0.1101
68.309,0.0904
68.309,0.0707
68.309,0.0511
68.309,0.0315
68.309,0.0119
68.314,0.0079
68.361,0.1683
68.361,0.1487
68.361,0.1290
68.361,0.1093
68.361,0.0898
68.361,0.0703
68.361,0.0507
68.361,0.0312
68.361,0.0116
68.364,0.0080
68.369,0.0116
68.412,0.1480
68.412,0.1285
68.412,0.1090
68.412,0.0895
68.412,0.0700
68.412,0.0503
68.412,0.0310
68.412,0.0115
68.414,0.0082
68.419,0.0114
68.464,0.1474
68.464,0.1279
68.464,0.1084
68.464,0.0890
68.464,0.0696
68.464,0.0501
68.464,0.0306
68.465,0.0113
68.465,0.0083
68.469,0.0112
68.516,0.1470
68.517,0.1275
68.517,0.1080
68.517,0.0888
68.517,0.0694
68.517,0.0500
68.517,0.0305
68.517,0.0112
68.517,0.0084
68.519,0.0112
68.524,0.0084
68.568,0.1660
68.568,0.1465
68.568,0.1272
68.568,0.1078
68.568,0.0885
68.568,0.0692
68.568,0.0498
68.568,0.0304
68.569,0.0111
68.574,0.0084
68.621,0.1657
68.621,0.1464
68.621,0.1271
68.621,0.1078
68.621,0.0883
68.621,0.0691
68.621,0.0497
68.621,0.0303
68.621,0.0111
68.625,0.0086
68.629,0.0109
68.673,0.1465
68.673,0.1272
68.673,0.1078
68.673,0.0883
68.673,0.0691
68.673,0.0497
68.673,0.0303
68.673,0.0110
68.674,0.0085
68.679,0.0110
68.720,0.1466
68.720,0.1272
68.720,0.1078
68.720,0.0885
68.721,0.0691
68.721,0.0498
68.721,0.0304
68.721,0.0110
68.725,0.0086
68.730,0.0110
68.773,0.1468
68.773,0.1274
68.773,0.1081
68.773,0.0886
68.773,0.0692
68.773,0.0498
68.773,0.0304
68.773,0.0110
68.774,0.0087
68.780,0.0109
68.824,0.1472
68.825,0.1278
68.825,0.1083
68.825,0.0889
68.825,0.0695
68.825,0.0499
68.825,0.0305
68.825,0.0111
68.825,0.0088
68.829,0.0110
68.872,0.1478
68.873,0.1280
68.873,0.1088
68.873,0.0892
68.873,0.0696
68.873,0.0501
68.873,0.0306
68.873,0.0110
68.874,0.0087
68.879,0.0111
68.920,0.1482
68.920,0.1286
68.920,0.1091
68.920,0.0894
68.920,0.0698
68.920,0.0503
68.920,0.0306
68.920,0.0111
68.924,0.0087
68.929,0.0111
68.973,0.1489
68.973,0.1289
68.973,0.1094
68.973,0.0899
68.973,0.0702
68.973,0.0505
68.973,0.0308
68.973,0.0110
68.975,0.0088
68.979,0.0110
69.024,0.1494
69.024,0.1296
69.024,0.1099
69.024,0.0902
69.024,0.0704
69.024,0.0506
69.024,0.0309
69.024,0.0111
69.025,0.0087
69.029,0.0111
69.072,0.1498
69.073,0.1300
69.073,0.1102
69.073,0.0904
69.073,0.0706
69.073,0.0506
69.073,0.0309
69.073,0.0111
69.075,0.0089
69.079,0.0109
69.121,0.1502
69.121,0.1305
69.121,0.1106
69.121,0.0907
69.121,0.0709
69.121,0.0508
69.121,0.0310
69.121,0.0110
69.124,0.0091
69.129,0.0110
69.172,0.1507
69.173,0.1307
69.173,0.1108
69.173,0.0908
69.173,0.0709
69.173,0.0508
69.173,0.0309
69.173,0.0109
69.174,0.0091
69.179,0.0108
69.221,0.1509
69.221,0.1309
69.221,0.1109
69.221,0.0909
69.221,0.0709
69.221,0.0509
69.221,0.0310
69.221,0.0109
69.224,0.0092
69.229,0.0108
69.273,0.1507
69.273,0.1309
69.273,0.1108
69.273,0.0909
69.273,0.0709
69.273,0.0510
69.273,0.0309
69.273,0.0108
69.275,0.0094
69.279,0.0108
69.320,0.1508
69.320,0.1307
69.320,0.1109
69.320,0.0909
69.320,0.0708
69.320,0.0509
69.320,0.0308
69.320,0.0108
69.324,0.0093
69.329,0.0107
69.376,0.1506
69.377,0.1306
69.377,0.1106
69.377,0.0906
69.377,0.0706
69.377,0.0506
69.377,0.0306
69.377,0.0106
69.377,0.0094
69.379,0.0107
69.384,0.0094
69.429,0.1704
69.429,0.1504
69.429,0.1305
69.429,0.1105
69.429,0.0906
69.429,0.0706
69.429,0.0505
69.429,0.0306
69.429,0.0106
69.434,0.0094
69.477,0.1302
69.477,0.1103
69.477,0.0904
69.477,0.0703
69.477,0.0504
69.477,0.0304
69.477,0.0105
69.477,0.0096
69.479,0.0105
69.484,0.0096
69.528,0.1697
69.529,0.1497
69.529,0.1298
69.529,0.1098
69.529,0.0900
69.529,0.0700
69.529,0.0499
69.529,0.0300
69.529,0.0104
69.534,0.0097
69.576,0.1295
69.577,0.1097
69.577,0.0898
69.577,0.0699
69.577,0.0501
69.577,0.0301
69.577,0.0102
69.577,0.0096
69.579,0.0104
69.584,0.0098
69.632,0.1688
69.632,0.1489
69.632,0.1291
69.632,0.1092
69.632,0.0894
69.632,0.0696
69.632,0.0498
69.632,0.0300
69.632,0.0102
69.634,0.0097
69.639,0.0102
69.685,0.1484
69.685,0.1286
69.685,0.1086
69.685,0.0888
69.685,0.0693
69.685,0.0495
69.685,0.0297
69.685,0.0099
69.685,0.0098
69.689,0.0100
69.733,0.1477
69.733,0.1280
69.733,0.1083
69.733,0.0886
69.733,0.0689
69.733,0.0493
69.733,0.0295
69.733,0.0099
69.734,0.0100
69.739,0.0099
69.784,0.1467
69.784,0.1268
69.784,0.1077
69.784,0.0880
69.784,0.0682
69.785,0.0487
69.785,0.0291
69.785,0.0096
69.785,0.0101
69.789,0.0095
69.837,0.1455
69.837,0.1259
69.837,0.1064
69.837,0.0869
69.837,0.0675
69.837,0.0480
69.837,0.0287
69.837,0.0093
69.837,0.0102
69.840,0.0092
69.844,0.0103
69.893,0.1623
69.893,0.1432
69.893,0.1239
69.893,0.1046
69.893,0.0854
69.893,0.0662
69.893,0.0471
69.893,0.0278
69.893,0.0088
69.894,0.0104
69.899,0.0086
69.940,0.1405
69.940,0.1215
69.940,0.1025
69.940,0.0836
69.940,0.0648
69.940,0.0458
69.940,0.0270
69.940,0.0083
69.944,0.0106
69.949,0.0081
69.992,0.1371
69.992,0.1185
69.993,0.0999
69.993,0.0813
69.993,0.0628
69.993,0.0443
69.993,0.0260
69.993,0.0076
69.994,0.0108
69.999,0.0075
70.044,0.1331
70.044,0.1148
70.044,0.0967
70.044,0.0786
70.044,0.0606
70.044,0.0426
70.045,0.0245
70.045,0.0068
70.045,0.0111
70.049,0.0067
70.092,0.1284
70.092,0.1106
70.092,0.0930
70.092,0.0755
70.093,0.0581
70.093,0.0407
70.093,0.0233
70.093,0.0061
70.094,0.0113
70.099,0.0059
70.140,0.1229
70.141,0.1059
70.141,0.0890
70.141,0.0721
70.141,0.0553
70.141,0.0385
70.141,0.0218
70.141,0.0052
70.144,0.0116
70.149,0.0051
70.197,0.1169
70.197,0.1006
70.197,0.0841
70.197,0.0681
70.197,0.0521
70.197,0.0360
70.197,0.0201
70.197,0.0045
70.197,0.0117
70.200,0.0044
70.204,0.0117
70.253,0.1244
70.253,0.1088
70.253,0.0936
70.253,0.0784
70.253,0.0632
70.253,0.0481
70.253,0.0329
70.253,0.0181
70.253,0.0037
70.255,0.0119
70.259,0.0037
70.300,0.1018
70.300,0.0873
70.300,0.0729
70.300,0.0585
70.300,0.0444
70.300,0.0303
70.300,0.0164
70.300,0.0035
70.304,0.0120
70.309,0.0035
70.352,0.0944
70.353,0.0808
70.353,0.0673
70.353,0.0540
70.353,0.0407
70.353,0.0276
70.353,0.0147
70.353,0.0036
70.354,0.0121
70.359,0.0037
70.405,0.0866
70.405,0.0741
70.405,0.0616
70.405,0.0493
70.405,0.0370
70.405,0.0249
70.405,0.0131
70.405,0.0041
70.405,0.0122
70.409,0.0043
70.453,0.0792
70.453,0.0676
70.453,0.0561
70.453,0.0448
70.453,0.0335
70.453,0.0226
70.453,0.0120
70.453,0.0050
70.455,0.0121
70.459,0.0052
70.501,0.0722
70.501,0.0616
70.501,0.0511
70.501,0.0408
70.501,0.0306
70.501,0.0207
70.501,0.0113
70.501,0.0060
70.505,0.0120
70.509,0.0062
70.556,0.0660
70.556,0.0564
70.556,0.0469
70.556,0.0375
70.556,0.0283
70.556,0.0193
70.556,0.0112
70.556,0.0069
70.556,0.0117
70.559,0.0071
70.564,0.0117
70.609,0.0690
70.609,0.0603
70.609,0.0517
70.609,0.0432
70.609,0.0348
70.609,0.0266
70.609,0.0188
70.609,0.0117
70.609,0.0081
70.614,0.0113
70.656,0.0497
70.656,0.0417
70.657,0.0338
70.657,0.0263
70.657,0.0189
70.657,0.0125
70.657,0.0088
70.657,0.0111
70.660,0.0089
70.664,0.0109
70.713,0.0635
70.713,0.0560
70.713,0.0485
70.713,0.0411
70.713,0.0339
70.713,0.0267
70.713,0.0199
70.713,0.0138
70.713,0.0097
70.714,0.0105
70.719,0.0099
70.761,0.0565
70.761,0.0493
70.761,0.0421
70.761,0.0350
70.761,0.0280
70.761,0.0213
70.761,0.0151
70.761,0.0105
70.765,0.0100
70.769,0.0106
70.812,0.0587
70.813,0.0514
70.813,0.0442
70.813,0.0370
70.813,0.0299
70.813,0.0230
70.813,0.0165
70.813,0.0112
70.814,0.0094
70.819,0.0113
70.861,0.0621
70.861,0.0546
70.861,0.0472
70.861,0.0397
70.861,0.0323
70.861,0.0250
70.861,0.0180
70.861,0.0119
70.865,0.0089
70.869,0.0120
70.912,0.0665
70.912,0.0586
70.912,0.0507
70.912,0.0428
70.912,0.0349
70.912,0.0271
70.912,0.0195
70.912,0.0125
70.915,0.0084
70.919,0.0127
70.964,0.0716
70.965,0.0633
70.965,0.0548
70.965,0.0463
70.965,0.0378
70.965,0.0294
70.965,0.0210
70.965,0.0132
70.965,0.0079
70.969,0.0133
71.012,0.0772
71.012,0.0682
71.012,0.0591
71.012,0.0499
71.012,0.0408
71.012,0.0316
71.012,0.0225
71.012,0.0138
71.014,0.0074
71.019,0.0140
71.060,0.0830
71.061,0.0733
71.061,0.0635
71.061,0.0536
71.061,0.0437
71.061,0.0337
71.061,0.0240
71.061,0.0144
71.065,0.0068
71.070,0.0145
71.112,0.0888
71.112,0.0784
71.112,0.0679
71.112,0.0573
71.112,0.0467
71.112,0.0359
71.112,0.0253
71.112,0.0150
71.114,0.0064
71.119,0.0150
71.165,0.0945
71.165,0.0833
71.165,0.0721
71.165,0.0607
71.165,0.0494
71.165,0.0380
71.165,0.0265
71.165,0.0152
71.165,0.0058
71.169,0.0155
71.212,0.0997
71.212,0.0878
71.212,0.0759
71.212,0.0639
71.212,0.0518
71.212,0.0397
71.212,0.0276
71.212,0.0156
71.214,0.0052
71.219,0.0155
71.260,0.1043
71.261,0.0918
71.261,0.0792
71.261,0.0666
71.261,0.0539
71.261,0.0412
71.261,0.0284
71.261,0.0158
71.264,0.0046
71.269,0.0157
71.312,0.1081
71.312,0.0951
71.312,0.0819
71.312,0.0686
71.312,0.0556
71.313,0.0421
71.313,0.0289
71.313,0.0157
71.314,0.0040
71.319,0.0156
71.360,0.1112
71.360,0.0976
71.360,0.0840
71.360,0.0704
71.360,0.0567
71.360,0.0429
71.360,0.0292
71.360,0.0155
71.365,0.0034
71.369,0.0154
71.413,0.1135
71.413,0.0995
71.413,0.0855
71.413,0.0714
71.413,0.0572
71.413,0.0433
71.413,0.0292
71.413,0.0152
71.414,0.0027
71.419,0.0151
71.460,0.1148
71.460,0.1005
71.460,0.0863
71.460,0.0719
71.460,0.0576
71.460,0.0434
71.460,0.0291
71.460,0.0148
71.465,0.0022
71.469,0.0146
71.517,0.1153
71.517,0.1008
71.517,0.0864
71.517,0.0719
71.517,0.0575
71.517,0.0431
71.517,0.0286
71.517,0.0142
71.517,0.0017
71.520,0.0140
71.524,0.0017
71.568,0.1291
71.569,0.1146
71.569,0.1002
71.569,0.0857
71.569,0.0713
71.569,0.0568
71.569,0.0423
71.569,0.0279
71.570,0.0134
71.574,0.0016
71.617,0.0991
71.617,0.0847
71.617,0.0702
71.617,0.0559
71.617,0.0415
71.617,0.0272
71.617,0.0129
71.617,0.0018
71.620,0.0127
71.624,0.0019
71.668,0.1250
71.669,0.1109
71.669,0.0966
71.669,0.0825
71.669,0.0682
71.669,0.0541
71.669,0.0401
71.669,0.0261
71.669,0.0121
71.674,0.0024
71.720,0.1218
71.721,0.1079
71.721,0.0940
71.721,0.0801
71.721,0.0663
71.721,0.0525
71.721,0.0387
71.721,0.0249
71.721,0.0113
71.724,0.0031
71.729,0.0112
71.773,0.1042
71.773,0.0906
71.773,0.0772
71.773,0.0638
71.773,0.0504
71.773,0.0370
71.773,0.0237
71.773,0.0106
71.775,0.0038
71.779,0.0105
71.820,0.1000
71.821,0.0870
71.821,0.0740
71.821,0.0611
71.821,0.0482
71.821,0.0354
71.821,0.0226
71.821,0.0100
71.824,0.0044
71.829,0.0100
71.872,0.0955
71.873,0.0829
71.873,0.0705
71.873,0.0581
71.873,0.0458
71.873,0.0335
71.873,0.0213
71.873,0.0096
71.874,0.0050
71.879,0.0096
71.920,0.0908
71.920,0.0788
71.920,0.0670
71.920,0.0551
71.920,0.0434
71.920,0.0318
71.920,0.0203
71.920,0.0092
71.924,0.0055
71.929,0.0093
71.977,0.0859
71.977,0.0746
71.977,0.0634
71.977,0.0522
71.977,0.0411
71.977,0.0301
71.977,0.0193
71.977,0.0091
71.977,0.0060
71.979,0.0091
71.984,0.0061
72.033,0.0906
72.033,0.0800
72.033,0.0695
72.033,0.0590
72.033,0.0486
72.033,0.0384
72.033,0.0282
72.033,0.0182
72.033,0.0092
72.034,0.0065
72.039,0.0092
72.081,0.0755
72.081,0.0656
72.081,0.0558
72.081,0.0460
72.081,0.0364
72.081,0.0269
72.081,0.0177
72.081,0.0094
72.085,0.0068
72.089,0.0095
72.136,0.0715
72.136,0.0621
72.136,0.0530
72.136,0.0438
72.136,0.0348
72.136,0.0259
72.136,0.0173
72.136,0.0097
72.136,0.0071
72.140,0.0098
72.144,0.0071
72.188,0.0766
72.188,0.0679
72.188,0.0592
72.189,0.0507
72.189,0.0421
72.189,0.0337
72.189,0.0254
72.189,0.0175
72.189,0.0103
72.194,0.0072
72.236,0.0580
72.237,0.0498
72.237,0.0416
72.237,0.0334
72.237,0.0254
72.237,0.0177
72.237,0.0108
72.237,0.0073
72.240,0.0109
72.244,0.0073
72.289,0.0737
72.289,0.0657
72.289,0.0577
72.289,0.0497
72.289,0.0417
72.289,0.0339
72.289,0.0261
72.289,0.0185
72.289,0.0116
72.294,0.0073
72.336,0.0584
72.336,0.0505
72.336,0.0425
72.336,0.0346
72.336,0.0268
72.336,0.0192
72.336,0.0121
72.336,0.0073
72.339,0.0122
72.344,0.0072
72.388,0.0770
72.388,0.0690
72.388,0.0609
72.388,0.0528
72.389,0.0447
72.389,0.0366
72.389,0.0285
72.389,0.0205
72.389,0.0130
72.394,0.0071
72.437,0.0634
72.437,0.0550
72.437,0.0467
72.437,0.0383
72.437,0.0299
72.437,0.0215
72.437,0.0135
72.437,0.0070
72.440,0.0136
72.444,0.0069
72.492,0.0860
72.492,0.0771
72.493,0.0683
72.493,0.0593
72.493,0.0503
72.493,0.0412
72.493,0.0322
72.493,0.0232
72.493,0.0143
72.494,0.0066
72.499,0.0144
72.540,0.0826
72.540,0.0730
72.540,0.0634
72.540,0.0538
72.540,0.0441
72.540,0.0343
72.540,0.0246
72.540,0.0149
72.544,0.0063
72.549,0.0150
72.596,0.0883
72.597,0.0780
72.597,0.0678
72.597,0.0573
72.597,0.0469
72.597,0.0365
72.597,0.0259
72.597,0.0155
72.597,0.0059
72.599,0.0156
72.604,0.0058
72.648,0.1065
72.648,0.0954
72.648,0.0843
72.648,0.0731
72.648,0.0618
72.648,0.0504
72.648,0.0390
72.649,0.0275
72.649,0.0161
72.654,0.0053
72.696,0.0883
72.697,0.0765
72.697,0.0646
72.697,0.0526
72.697,0.0405
72.697,0.0284
72.697,0.0162
72.697,0.0049
72.699,0.0164
72.704,0.0048
72.748,0.1197
72.749,0.1069
72.749,0.0943
72.749,0.0815
72.749,0.0686
72.749,0.0557
72.749,0.0428
72.749,0.0297
72.749,0.0167
72.754,0.0042
72.796,0.0980
72.797,0.0846
72.797,0.0712
72.797,0.0576
72.797,0.0441
72.797,0.0304
72.797,0.0169
72.797,0.0038
72.800,0.0169
72.804,0.0036
72.853,0.1313
72.853,0.1173
72.853,0.1032
72.853,0.0890
72.853,0.0747
72.853,0.0603
72.853,0.0459
72.853,0.0315
72.853,0.0170
72.854,0.0030
72.859,0.0170
72.901,0.1219
72.901,0.1071
72.901,0.0922
72.901,0.0774
72.901,0.0624
72.901,0.0473
72.901,0.0322
72.901,0.0171
72.905,0.0024
72.910,0.0170
72.956,0.1260
72.957,0.1105
72.957,0.0953
72.957,0.0795
72.957,0.0640
72.957,0.0484
72.957,0.0329
72.957,0.0169
72.957,0.0017
72.959,0.0171
72.964,0.0017
73.012,0.1465
73.012,0.1304
73.012,0.1144
73.012,0.0982
73.012,0.0819
73.012,0.0658
73.012,0.0496
73.012,0.0333
73.012,0.0170
73.014,0.0012
73.019,0.0170
73.064,0.1336
73.065,0.1171
73.065,0.1005
73.065,0.0837
73.065,0.0671
73.065,0.0505
73.065,0.0337
73.065,0.0168
73.065,0.0010
73.069,0.0168
73.117,0.1364
73.117,0.1194
73.117,0.1024
73.117,0.0854
73.117,0.0683
73.117,0.0511
73.117,0.0339
73.117,0.0166
73.117,0.0012
73.119,0.0166
73.124,0.0013
73.169,0.1568
73.169,0.1394
73.169,0.1219
73.169,0.1044
73.169,0.0869
73.169,0.0693
73.169,0.0517
73.169,0.0341
73.170,0.0164
73.174,0.0018
73.216,0.1233
73.217,0.1055
73.217,0.0877
73.217,0.0699
73.217,0.0520
73.217,0.0341
73.217,0.0163
73.217,0.0022
73.219,0.0163
73.224,0.0023
73.269,0.1612
73.269,0.1432
73.269,0.1249
73.269,0.1068
73.269,0.0889
73.269,0.0706
73.269,0.0525
73.269,0.0343
73.269,0.0161
73.274,0.0029
73.316,0.1260
73.317,0.1077
73.317,0.0894
73.317,0.0709
73.317,0.0524
73.317,0.0343
73.317,0.0159
73.317,0.0033
73.319,0.0159
73.324,0.0034
73.368,0.1641
73.369,0.1457
73.369,0.1272
73.369,0.1085
73.369,0.0900
73.369,0.0714
73.369,0.0528
73.369,0.0342
73.369,0.0156
73.374,0.0039
73.421,0.1653
73.421,0.1466
73.421,0.1279
73.421,0.1092
73.421,0.0903
73.421,0.0716
73.421,0.0528
73.421,0.0341
73.421,0.0153
73.425,0.0045
73.429,0.0154
73.472,0.1474
73.472,0.1285
73.472,0.1096
73.472,0.0907
73.472,0.0718
73.472,0.0529
73.472,0.0341
73.472,0.0152
73.474,0.0049
73.479,0.0150
73.520,0.1481
73.520,0.1292
73.520,0.1102
73.520,0.0911
73.520,0.0721
73.520,0.0529
73.520,0.0340
73.520,0.0150
73.524,0.0055
73.529,0.0150
73.573,0.1488
73.573,0.1297
73.573,0.1105
73.573,0.0914
73.573,0.0720
73.573,0.0529
73.573,0.0338
73.573,0.0148
73.574,0.0058
73.579,0.0149
73.620,0.1492
73.620,0.1300
73.620,0.1108
73.620,0.0915
73.620,0.0721
73.620,0.0529
73.620,0.0338
73.620,0.0148
73.624,0.0062
73.629,0.0147
73.672,0.1497
73.672,0.1304
73.672,0.1110
73.672,0.0917
73.672,0.0723
73.672,0.0528
73.672,0.0337
73.672,0.0147
73.674,0.0066
73.679,0.0147
73.720,0.1503
73.721,0.1308
73.721,0.1115
73.721,0.0920
73.721,0.0726
73.721,0.0533
73.721,0.0339
73.721,0.0146
73.725,0.0069
73.730,0.0146
73.773,0.1506
73.773,0.1313
73.773,0.1117
73.773,0.0922
73.773,0.0727
73.773,0.0532
73.773,0.0337
73.773,0.0145
73.774,0.0071
73.779,0.0145
73.824,0.1511
73.824,0.1314
73.824,0.1119
73.824,0.0923
73.824,0.0728
73.824,0.0531
73.824,0.0336
73.824,0.0144
73.824,0.0074
73.829,0.0145
73.872,0.1513
73.873,0.1317
73.873,0.1121
73.873,0.0923
73.873,0.0728
73.873,0.0531
73.873,0.0336
73.873,0.0143
73.874,0.0077
73.879,0.0143
73.920,0.1512
73.920,0.1316
73.920,0.1119
73.920,0.0921
73.920,0.0724
73.920,0.0529
73.920,0.0334
73.920,0.0142
73.924,0.0079
73.929,0.0141
73.972,0.1510
73.972,0.1313
73.972,0.1116
73.972,0.0919
73.972,0.0723
73.972,0.0526
73.972,0.0331
73.972,0.0139
73.974,0.0084
73.979,0.0139
74.020,0.1502
74.020,0.1304
74.020,0.1109
74.020,0.0912
74.020,0.0714
74.020,0.0520
74.020,0.0326
74.020,0.0137
74.024,0.0085
74.029,0.0135
74.072,0.1487
74.073,0.1292
74.073,0.1097
74.073,0.0902
74.073,0.0708
74.073,0.0514
74.073,0.0319
74.073,0.0132
74.074,0.0089
74.079,0.0132
74.124,0.1468
74.124,0.1274
74.124,0.1081
74.124,0.0888
74.124,0.0696
74.124,0.0502
74.124,0.0313
74.124,0.0129
74.124,0.0092
74.129,0.0127
74.177,0.1444
74.177,0.1253
74.177,0.1062
74.177,0.0872
74.177,0.0683
74.177,0.0494
74.177,0.0306
74.177,0.0124
74.177,0.0097
74.179,0.0123
74.184,0.0096
74.228,0.1595
74.228,0.1408
74.228,0.1221
74.228,0.1034
74.228,0.0848
74.228,0.0662
74.228,0.0478
74.228,0.0295
74.229,0.0119
74.234,0.0100
74.280,0.1553
74.280,0.1370
74.280,0.1188
74.280,0.1005
74.280,0.0823
74.280,0.0642
74.280,0.0461
74.280,0.0284
74.280,0.0114
74.284,0.0104
74.289,0.0113
74.332,0.1330
74.332,0.1152
74.332,0.0974
74.332,0.0797
74.332,0.0621
74.332,0.0445
74.332,0.0272
74.332,0.0110
74.334,0.0106
74.339,0.0110
74.384,0.1285
74.384,0.1112
74.384,0.0940
74.384,0.0768
74.384,0.0598
74.385,0.0428
74.385,0.0262
74.385,0.0107
74.385,0.0110
74.389,0.0107
74.433,0.1236
74.433,0.1068
74.433,0.0901
74.433,0.0737
74.433,0.0573
74.433,0.0409
74.433,0.0248
74.433,0.0104
74.435,0.0113
74.439,0.0103
74.485,0.1185
74.485,0.1024
74.485,0.0864
74.485,0.0705
74.485,0.0547
74.485,0.0391
74.485,0.0237
74.485,0.0102
74.485,0.0116
74.490,0.0103
74.537,0.1134
74.537,0.0979
74.537,0.0825
74.537,0.0674
74.537,0.0522
74.537,0.0373
74.537,0.0227
74.537,0.0102
74.537,0.0118
74.540,0.0103
74.545,0.0119
74.592,0.1221
74.593,0.1075
74.593,0.0928
74.593,0.0783
74.593,0.0638
74.593,0.0495
74.593,0.0356
74.593,0.0220
74.593,0.0105
74.594,0.0121
74.599,0.0105
74.640,0.1029
74.641,0.0890
74.641,0.0751
74.641,0.0613
74.641,0.0477
74.641,0.0343
74.641,0.0214
74.641,0.0107
74.644,0.0121
74.649,0.0109
74.692,0.0989
74.693,0.0855
74.693,0.0722
74.693,0.0591
74.693,0.0461
74.693,0.0333
74.693,0.0211
74.693,0.0112
74.694,0.0122
74.699,0.0113
74.744,0.0955
74.744,0.0827
74.745,0.0700
74.745,0.0573
74.745,0.0449
74.745,0.0327
74.745,0.0210
74.745,0.0117
74.745,0.0121
74.749,0.0118
74.792,0.0927
74.792,0.0805
74.792,0.0683
74.792,0.0561
74.792,0.0441
74.792,0.0324
74.792,0.0212
74.792,0.0122
74.794,0.0121
74.799,0.0123
74.841,0.0909
74.841,0.0790
74.841,0.0671
74.841,0.0554
74.841,0.0438
74.841,0.0324
74.841,0.0216
74.841,0.0127
74.845,0.0119
74.849,0.0128
74.897,0.0900
74.897,0.0783
74.897,0.0668
74.897,0.0552
74.897,0.0439
74.897,0.0326
74.897,0.0221
74.897,0.0133
74.897,0.0117
74.900,0.0133
74.904,0.0116
74.948,0.1015
74.949,0.0900
74.949,0.0786
74.949,0.0671
74.949,0.0558
74.949,0.0445
74.949,0.0334
74.949,0.0229
74.949,0.0139
74.954,0.0114
75.000,0.1024
75.001,0.0910
75.001,0.0794
75.001,0.0681
75.001,0.0568
75.001,0.0455
75.001,0.0343
75.001,0.0237
75.001,0.0144
75.004,0.0111
75.009,0.0145
75.052,0.0927
75.052,0.0811
75.053,0.0697
75.053,0.0582
75.053,0.0468
75.053,0.0355
75.053,0.0246
75.053,0.0149
75.054,0.0107
75.060,0.0150
75.101,0.0949
75.101,0.0834
75.101,0.0717
75.101,0.0599
75.101,0.0483
75.101,0.0368
75.101,0.0254
75.101,0.0153
75.104,0.0103
75.109,0.0154
75.153,0.0980
75.153,0.0860
75.153,0.0740
75.153,0.0620
75.153,0.0500
75.153,0.0380
75.153,0.0264
75.153,0.0157
75.155,0.0099
75.159,0.0158
75.200,0.1013
75.201,0.0889
75.201,0.0765
75.201,0.0640
75.201,0.0518
75.201,0.0394
75.201,0.0274
75.201,0.0161
75.204,0.0094
75.209,0.0162
75.253,0.1049
75.253,0.0919
75.253,0.0792
75.253,0.0664
75.253,0.0535
75.253,0.0408
75.253,0.0282
75.253,0.0163
75.254,0.0089
75.259,0.0164
75.305,0.1085
75.305,0.0952
75.305,0.0819
75.305,0.0687
75.305,0.0554
75.305,0.0422
75.305,0.0291
75.305,0.0165
75.305,0.0084
75.309,0.0166
75.353,0.1122
75.353,0.0984
75.353,0.0847
75.353,0.0710
75.353,0.0572
75.353,0.0433
75.353,0.0297
75.353,0.0166
75.354,0.0079
75.360,0.0167
75.400,0.1159
75.400,0.1017
75.400,0.0875
75.400,0.0730
75.400,0.0588
75.400,0.0447
75.400,0.0305
75.400,0.0167
75.404,0.0073
75.409,0.0168
75.453,0.1196
75.453,0.1050
75.453,0.0902
75.453,0.0754
75.453,0.0606
75.453,0.0458
75.453,0.0310
75.453,0.0168
75.454,0.0069
75.459,0.0168
75.500,0.1232
75.500,0.1080
75.501,0.0928
75.501,0.0775
75.501,0.0622
75.501,0.0469
75.501,0.0317
75.501,0.0168
75.505,0.0064
75.509,0.0168
75.552,0.1264
75.553,0.1108
75.553,0.0949
75.553,0.0794
75.553,0.0636
75.553,0.0479
75.553,0.0321
75.553,0.0167
75.555,0.0059
75.559,0.0168
75.600,0.1295
75.601,0.1135
75.601,0.0974
75.601,0.0811
75.601,0.0650
75.601,0.0488
75.601,0.0327
75.601,0.0167
75.604,0.0056
75.609,0.0168
75.657,0.1327
75.657,0.1161
75.657,0.0996
75.657,0.0829
75.657,0.0663
75.657,0.0496
75.657,0.0330
75.657,0.0166
75.657,0.0052
75.659,0.0166
75.664,0.0052
75.708,0.1532
75.708,0.1360
75.708,0.1190
75.708,0.1020
75.708,0.0849
75.708,0.0677
75.708,0.0506
75.709,0.0332
75.709,0.0164
75.714,0.0049
75.756,0.1209
75.757,0.1034
75.757,0.0859
75.757,0.0683
75.757,0.0510
75.757,0.0335
75.757,0.0163
75.757,0.0048
75.759,0.0163
75.764,0.0048
75.812,0.1588
75.813,0.1410
75.813,0.1232
75.813,0.1055
75.813,0.0876
75.813,0.0697
75.813,0.0517
75.813,0.0339
75.813,0.0160
75.815,0.0047
75.819,0.0160
75.864,0.1432
75.865,0.1249
75.865,0.1068
75.865,0.0887
75.865,0.0705
75.865,0.0522
75.865,0.0340
75.865,0.0159
75.865,0.0047
75.869,0.0158
75.912,0.1449
75.912,0.1265
75.912,0.1081
75.912,0.0895
75.912,0.0711
75.912,0.0526
75.912,0.0340
75.912,0.0156
75.914,0.0048
75.919,0.0156
75.960,0.1466
75.961,0.1277
75.961,0.1091
75.961,0.0903
75.961,0.0717
75.961,0.0529
75.961,0.0341
75.961,0.0154
75.964,0.0049
75.969,0.0153
76.012,0.1480
76.013,0.1291
76.013,0.1100
76.013,0.0912
76.013,0.0722
76.013,0.0531
76.013,0.0341
76.013,0.0151
76.014,0.0051
76.019,0.0151
76.061,0.1492
76.061,0.1301
76.061,0.1109
76.061,0.0917
76.061,0.0725
76.061,0.0533
76.061,0.0341
76.061,0.0149
76.065,0.0055
76.069,0.0148
76.112,0.1502
76.113,0.1308
76.113,0.1115
76.113,0.0923
76.113,0.0728
76.113,0.0534
76.113,0.0340
76.113,0.0145
76.115,0.0057
76.119,0.0145
76.161,0.1509
76.161,0.1314
76.161,0.1117
76.161,0.0923
76.161,0.0728
76.161,0.0533
76.161,0.0338
76.161,0.0143
76.164,0.0060
76.170,0.0142
76.217,0.1514
76.217,0.1317
76.217,0.1121
76.217,0.0925
76.217,0.0729
76.217,0.0532
76.217,0.0336
76.217,0.0140
76.217,0.0063
76.220,0.0138
76.224,0.0064
76.273,0.1716
76.273,0.1519
76.273,0.1321
76.273,0.1124
76.273,0.0927
76.273,0.0729
76.273,0.0531
76.273,0.0334
76.273,0.0137
76.275,0.0067
76.279,0.0137
76.320,0.1522
76.320,0.1324
76.320,0.1125
76.320,0.0926
76.320,0.0729
76.320,0.0531
76.320,0.0332
76.320,0.0134
76.325,0.0070
76.329,0.0133
76.372,0.1525
76.373,0.1327
76.373,0.1128
76.373,0.0929
76.373,0.0730
76.373,0.0530
76.373,0.0331
76.373,0.0133
76.375,0.0071
76.379,0.0131
76.420,0.1524
76.421,0.1325
76.421,0.1126
76.421,0.0926
76.421,0.0727
76.421,0.0527
76.421,0.0328
76.421,0.0129
76.425,0.0075
76.429,0.0129
76.472,0.1525
76.473,0.1324
76.473,0.1126
76.473,0.0927
76.473,0.0727
76.473,0.0527
76.473,0.0327
76.473,0.0128
76.474,0.0076
76.479,0.0126
76.520,0.1523
76.521,0.1323
76.521,0.1124
76.521,0.0924
76.521,0.0724
76.521,0.0524
76.521,0.0325
76.521,0.0125
76.524,0.0080
76.529,0.0124
76.572,0.1520
76.573,0.1320
76.573,0.1120
76.573,0.0920
76.573,0.0721
76.573,0.0521
76.573,0.0322
76.573,0.0122
76.574,0.0082
76.579,0.0121
76.624,0.1514
76.624,0.1315
76.624,0.1115
76.624,0.0915
76.624,0.0716
76.624,0.0517
76.624,0.0318
76.624,0.0120
76.625,0.0085
76.629,0.0119
76.672,0.1508
76.672,0.1307
76.672,0.1109
76.672,0.0910
76.672,0.0712
76.672,0.0513
76.672,0.0316
76.672,0.0118
76.674,0.0086
76.679,0.0116
76.721,0.1498
76.721,0.1300
76.721,0.1100
76.721,0.0904
76.721,0.0706
76.721,0.0508
76.721,0.0310
76.721,0.0115
76.724,0.0090
76.729,0.0114
76.772,0.1486
76.772,0.1289
76.773,0.1092
76.773,0.0895
76.773,0.0699
76.773,0.0501
76.773,0.0306
76.773,0.0113
76.774,0.0092
76.779,0.0112
76.821,0.1472
76.821,0.1277
76.821,0.1082
76.821,0.0887
76.821,0.0692
76.821,0.0498
76.821,0.0302
76.821,0.0111
76.825,0.0095
76.829,0.0111
76.872,0.1460
76.873,0.1265
76.873,0.1071
76.873,0.0878
76.873,0.0685
76.873,0.0491
76.873,0.0299
76.873,0.0109
76.874,0.0096
76.879,0.0109
76.924,0.1444
76.925,0.1252
76.925,0.1060
76.925,0.0868
76.925,0.0677
76.925,0.0485
76.925,0.0295
76.925,0.0106
76.925,0.0097
76.929,0.0108
76.976,0.1430
76.977,0.1238
76.977,0.1048
76.977,0.0859
76.977,0.0669
76.977,0.0480
76.977,0.0292
76.977,0.0108
76.977,0.0098
76.980,0.0108
76.984,0.0098
77.032,0.1599
77.032,0.1411
77.032,0.1223
77.032,0.1036
77.032,0.0847
77.032,0.0659
77.032,0.0475
77.032,0.0289
77.032,0.0106
77.034,0.0100
77.039,0.0108
77.081,0.1399
77.081,0.1210
77.081,0.1026
77.081,0.0840
77.081,0.0655
77.081,0.0470
77.081,0.0287
77.081,0.0109
77.085,0.0100
77.089,0.0108
77.132,0.1385
77.133,0.1202
77.133,0.1016
77.133,0.0833
77.133,0.0650
77.133,0.0467
77.133,0.0285
77.133,0.0111
77.135,0.0102
77.140,0.0109
77.180,0.1373
77.181,0.1190
77.181,0.1010
77.181,0.0827
77.181,0.0646
77.181,0.0465
77.181,0.0285
77.181,0.0112
77.184,0.0102
77.189,0.0113
77.232,0.1364
77.232,0.1183
77.232,0.1003
77.233,0.0822
77.233,0.0642
77.233,0.0462
77.233,0.0284
77.233,0.0114
77.235,0.0101
77.239,0.0114
77.284,0.1355
77.285,0.1176
77.285,0.0997
77.285,0.0818
77.285,0.0639
77.285,0.0461
77.285,0.0284
77.285,0.0116
77.285,0.0100
77.289,0.0116
77.332,0.1348
77.332,0.1169
77.332,0.0992
77.332,0.0814
77.332,0.0637
77.332,0.0460
77.332,0.0284
77.332,0.0117
77.334,0.0098
77.339,0.0116
77.381,0.1340
77.381,0.1162
77.381,0.0986
77.381,0.0809
77.381,0.0633
77.381,0.0457
77.381,0.0283
77.381,0.0116
77.385,0.0098
77.389,0.0117
77.432,0.1332
77.433,0.1156
77.433,0.0980
77.433,0.0805
77.433,0.0630
77.433,0.0455
77.433,0.0282
77.433,0.0116
77.434,0.0096
77.439,0.0117
77.480,0.1324
77.480,0.1148
77.480,0.0975
77.480,0.0800
77.480,0.0626
77.480,0.0452
77.480,0.0279
77.481,0.0115
77.484,0.0096
77.489,0.0116
77.536,0.1315
77.537,0.1142
77.537,0.0968
77.537,0.0796
77.537,0.0623
77.537,0.0450
77.537,0.0278
77.537,0.0115
77.537,0.0093
77.539,0.0115
77.545,0.0093
77.588,0.1476
77.588,0.1302
77.588,0.1131
77.588,0.0960
77.588,0.0788
77.588,0.0617
77.588,0.0446
77.588,0.0276
77.589,0.0113
77.594,0.0090
77.636,0.1122
77.637,0.0953
77.637,0.0783
77.637,0.0613
77.637,0.0443
77.637,0.0274
77.637,0.0112
77.637,0.0089
77.640,0.0110
77.644,0.0089
77.689,0.1451
77.689,0.1282
77.689,0.1113
77.689,0.0943
77.689,0.0773
77.689,0.0605
77.689,0.0437
77.689,0.0270
77.689,0.0109
77.694,0.0086
77.740,0.1438
77.740,0.1270
77.740,0.1103
77.741,0.0934
77.741,0.0767
77.741,0.0601
77.741,0.0434
77.741,0.0267
77.741,0.0107
77.744,0.0084
77.749,0.0106
77.796,0.1257
77.796,0.1090
77.796,0.0925
77.796,0.0760
77.796,0.0593
77.796,0.0428
77.796,0.0263
77.796,0.0105
77.797,0.0081
77.799,0.0104
77.804,0.0080
77.852,0.1403
77.853,0.1237
77.853,0.1074
77.853,0.0911
77.853,0.0747
77.853,0.0584
77.853,0.0422
77.853,0.0258
77.853,0.0099
77.854,0.0080
77.859,0.0099
77.900,0.1225
77.900,0.1063
77.900,0.0901
77.900,0.0738
77.900,0.0576
77.900,0.0417
77.900,0.0256
77.900,0.0098
77.905,0.0076
77.909,0.0097
77.952,0.1211
77.953,0.1050
77.953,0.0890
77.953,0.0730
77.953,0.0571
77.953,0.0411
77.953,0.0250
77.953,0.0094
77.954,0.0074
77.959,0.0093
78.000,0.1197
78.000,0.1037
78.000,0.0879
78.000,0.0722
78.000,0.0564
78.000,0.0406
78.000,0.0249
78.000,0.0093
78.004,0.0071
78.009,0.0093
78.057,0.1187
78.057,0.1028
78.057,0.0871
78.057,0.0716
78.057,0.0559
78.057,0.0403
78.057,0.0247
78.057,0.0092
78.057,0.0069
78.059,0.0091
78.064,0.0070
78.108,0.1329
78.109,0.1173
78.109,0.1019
78.109,0.0864
78.109,0.0709
78.109,0.0554
78.109,0.0399
78.109,0.0244
78.109,0.0090
78.114,0.0069
78.157,0.1014
78.157,0.0860
78.157,0.0706
78.157,0.0551
78.157,0.0397
78.157,0.0243
78.157,0.0090
78.157,0.0066
78.159,0.0091
78.164,0.0066
78.208,0.1319
78.208,0.1165
78.208,0.1012
78.208,0.0857
78.208,0.0705
78.208,0.0552
78.208,0.0399
78.208,0.0246
78.209,0.0093
78.214,0.0065
78.260,0.1317
78.261,0.1164
78.261,0.1012
78.261,0.0859
78.261,0.0706
78.261,0.0553
78.261,0.0400
78.261,0.0247
78.261,0.0095
78.265,0.0066
78.269,0.0096
78.312,0.1170
78.313,0.1017
78.313,0.0864
78.313,0.0711
78.313,0.0558
78.313,0.0404
78.313,0.0251
78.313,0.0099
78.314,0.0064
78.319,0.0099
78.361,0.1181
78.361,0.1026
78.361,0.0872
78.361,0.0718
78.361,0.0563
78.361,0.0409
78.361,0.0255
78.361,0.0102
78.364,0.0064
78.369,0.0104
78.412,0.1195
78.412,0.1039
78.412,0.0884
78.412,0.0728
78.412,0.0572
78.412,0.0417
78.412,0.0262
78.412,0.0108
78.414,0.0064
78.419,0.0109
78.461,0.1214
78.461,0.1056
78.461,0.0900
78.461,0.0742
78.461,0.0584
78.461,0.0426
78.461,0.0268
78.461,0.0114
78.464,0.0064
78.469,0.0115
78.512,0.1238
78.513,0.1078
78.513,0.0918
78.513,0.0758
78.513,0.0598
78.513,0.0438
78.513,0.0278
78.513,0.0120
78.514,0.0063
78.520,0.0120
78.561,0.1262
78.561,0.1102
78.561,0.0939
78.561,0.0775
78.561,0.0612
78.561,0.0450
78.561,0.0287
78.561,0.0125
78.564,0.0063
78.569,0.0125
78.612,0.1291
78.613,0.1125
78.613,0.0960
78.613,0.0792
78.613,0.0625
78.613,0.0460
78.613,0.0294
78.613,0.0129
78.614,0.0063
78.620,0.0131
78.664,0.1319
78.665,0.1150
78.665,0.0980
78.665,0.0811
78.665,0.0641
78.665,0.0469
78.665,0.0301
78.665,0.0135
78.665,0.0063
78.669,0.0134
78.713,0.1346
78.713,0.1173
78.713,0.1001
78.713,0.0827
78.713,0.0654
78.713,0.0482
78.713,0.0309
78.713,0.0138
78.714,0.0065
78.719,0.0138
78.761,0.1371
78.761,0.1195
78.761,0.1019
78.761,0.0841
78.761,0.0665
78.761,0.0490
78.761,0.0313
78.761,0.0140
78.764,0.0065
78.769,0.0141
78.812,0.1394
78.813,0.1217
78.813,0.1038
78.813,0.0858
78.813,0.0678
78.813,0.0499
78.813,0.0318
78.813,0.0143
78.815,0.0065
78.819,0.0143
78.864,0.1416
78.864,0.1234
78.864,0.1051
78.864,0.0870
78.864,0.0688
78.864,0.0504
78.864,0.0323
78.864,0.0144
78.864,0.0069
78.869,0.0145
78.912,0.1436
78.913,0.1251
78.913,0.1066
78.913,0.0881
78.913,0.0697
78.913,0.0512
78.913,0.0326
78.913,0.0145
78.914,0.0068
78.919,0.0145
78.960,0.1451
78.961,0.1263
78.961,0.1077
78.961,0.0890
78.961,0.0703
78.961,0.0516
78.961,0.0330
78.961,0.0146
78.964,0.0070
78.969,0.0145
79.012,0.1466
79.012,0.1277
79.012,0.1088
79.012,0.0899
79.012,0.0708
79.013,0.0519
79.013,0.0331
79.013,0.0146
79.014,0.0071
79.019,0.0145
79.060,0.1478
79.061,0.1286
79.061,0.1096
79.061,0.0906
79.061,0.0714
79.061,0.0523
79.061,0.0333
79.061,0.0145
79.065,0.0073
79.069,0.0145
79.112,0.1487
79.112,0.1294
79.112,0.1102
79.112,0.0911
79.112,0.0718
79.112,0.0526
79.112,0.0334
79.112,0.0145
79.114,0.0074
79.119,0.0146
79.160,0.1497
79.160,0.1304
79.160,0.1110
79.161,0.0916
79.161,0.0723
79.161,0.0528
79.161,0.0336
79.161,0.0146
79.164,0.0076
79.169,0.0145
79.212,0.1503
79.213,0.1307
79.213,0.1114
79.213,0.0920
79.213,0.0725
79.213,0.0528
79.213,0.0335
79.213,0.0144
79.214,0.0078
79.219,0.0144
79.261,0.1510
79.261,0.1313
79.261,0.1118
79.261,0.0921
79.261,0.0726
79.261,0.0530
79.261,0.0335
79.261,0.0143
79.264,0.0079
79.269,0.0144
79.312,0.1515
79.313,0.1317
79.313,0.1122
79.313,0.0924
79.313,0.0728
79.313,0.0530
79.313,0.0336
79.313,0.0142
79.314,0.0080
79.319,0.0142
79.361,0.1520
79.361,0.1323
79.361,0.1125
79.361,0.0928
79.361,0.0730
79.361,0.0531
79.361,0.0336
79.361,0.0143
79.365,0.0081
79.369,0.0142
79.417,0.1523
79.417,0.1325
79.417,0.1125
79.417,0.0929
79.417,0.0731
79.417,0.0533
79.417,0.0335
79.417,0.0141
79.417,0.0082
79.419,0.0141
79.424,0.0082
79.468,0.1726
79.469,0.1527
79.469,0.1328
79.469,0.1129
79.469,0.0930
79.469,0.0731
79.469,0.0533
79.469,0.0334
79.469,0.0139
79.474,0.0082
79.517,0.1328
79.517,0.1129
79.517,0.0930
79.517,0.0732
79.517,0.0533
79.517,0.0334
79.517,0.0137
79.517,0.0083
79.519,0.0138
79.524,0.0082
79.572,0.1729
79.572,0.1528
79.572,0.1329
79.572,0.1129
79.572,0.0929
79.572,0.0730
79.573,0.0530
79.573,0.0332
79.573,0.0136
79.574,0.0083
79.579,0.0135
79.625,0.1529
79.625,0.1327
79.625,0.1130
79.625,0.0930
79.625,0.0730
79.625,0.0529
79.625,0.0331
79.625,0.0134
79.625,0.0083
79.629,0.0134
79.676,0.1528
79.676,0.1327
79.677,0.1128
79.677,0.0927
79.677,0.0727
79.677,0.0527
79.677,0.0328
79.677,0.0131
79.677,0.0083
79.679,0.0131
79.684,0.0083
79.733,0.1723
79.733,0.1524
79.733,0.1326
79.733,0.1126
79.733,0.0925
79.733,0.0726
79.733,0.0526
79.733,0.0325
79.733,0.0128
79.735,0.0085
79.740,0.0122
79.784,0.1521
79.784,0.1323
79.784,0.1123
79.784,0.0921
79.784,0.0722
79.784,0.0522
79.784,0.0323
79.784,0.0124
79.784,0.0086
79.789,0.0122
79.837,0.1518
79.837,0.1318
79.837,0.1119
79.837,0.0919
79.837,0.0719
79.837,0.0520
79.837,0.0320
79.837,0.0123
79.837,0.0085
79.839,0.0122
79.844,0.0085
79.888,0.1711
79.888,0.1509
79.888,0.1312
79.888,0.1112
79.888,0.0914
79.888,0.0714
79.888,0.0516
79.888,0.0317
79.889,0.0120
79.894,0.0086
79.936,0.1308
79.937,0.1109
79.937,0.0910
79.937,0.0711
79.937,0.0513
79.937,0.0315
79.937,0.0118
79.937,0.0086
79.939,0.0116
79.944,0.0088
79.988,0.1699
79.989,0.1501
79.989,0.1303
79.989,0.1105
79.989,0.0907
79.989,0.0708
79.989,0.0511
79.989,0.0312
79.990,0.0113
79.994,0.0089
80.036,0.1298
80.036,0.1101
80.036,0.0902
80.036,0.0705
80.036,0.0507
80.036,0.0308
80.036,0.0113
80.036,0.0089
80.039,0.0113
80.044,0.0088
80.088,0.1692
80.089,0.1494
80.089,0.1297
80.089,0.1099
80.089,0.0901
80.089,0.0704
80.089,0.0506
80.089,0.0306
80.090,0.0112
80.094,0.0088
80.136,0.1296
80.136,0.1099
80.137,0.0901
80.137,0.0703
80.137,0.0503
80.137,0.0309
80.137,0.0112
80.137,0.0088
80.140,0.0111
80.144,0.0088
80.189,0.1690
80.189,0.1493
80.189,0.1294
80.189,0.1096
80.189,0.0900
80.189,0.0702
80.189,0.0504
80.189,0.0307
80.189,0.0110
80.194,0.0088
80.237,0.1294
80.237,0.1097
80.237,0.0899
80.237,0.0702
80.237,0.0505
80.237,0.0307
80.237,0.0110
80.237,0.0089
80.240,0.0109
80.244,0.0088
80.289,0.1692
80.289,0.1495
80.289,0.1296
80.289,0.1098
80.289,0.0900
80.289,0.0702
80.289,0.0505
80.289,0.0308
80.290,0.0110
80.294,0.0088
80.341,0.1694
80.341,0.1497
80.341,0.1297
80.341,0.1100
80.341,0.0902
80.341,0.0704
80.341,0.0505
80.341,0.0308
80.341,0.0108
80.345,0.0089
80.349,0.0110
80.392,0.1499
80.393,0.1300
80.393,0.1102
80.393,0.0904
80.393,0.0706
80.393,0.0508
80.393,0.0309
80.393,0.0109
80.395,0.0090
80.399,0.0109
80.441,0.1502
80.441,0.1304
80.441,0.1106
80.441,0.0906
80.441,0.0706
80.441,0.0508
80.441,0.0308
80.441,0.0110
80.445,0.0091
80.449,0.0110
80.492,0.1506
80.492,0.1307
80.492,0.1107
80.492,0.0907
80.492,0.0708
80.492,0.0509
80.492,0.0309
80.492,0.0110
80.494,0.0090
80.499,0.0107
80.540,0.1508
80.541,0.1307
80.541,0.1109
80.541,0.0909
80.541,0.0709
80.541,0.0509
80.541,0.0305
80.541,0.0109
80.544,0.0091
80.550,0.0108
80.593,0.1507
80.593,0.1308
80.593,0.1109
80.593,0.0907
80.593,0.0707
80.593,0.0509
80.593,0.0309
80.593,0.0109
80.594,0.0092
80.599,0.0108
80.645,0.1504
80.645,0.1303
80.645,0.1103
80.645,0.0904
80.645,0.0704
80.645,0.0504
80.645,0.0305
80.645,0.0104
80.645,0.0096
80.649,0.0107
80.692,0.1501
80.693,0.1301
80.693,0.1102
80.693,0.0902
80.693,0.0701
80.693,0.0502
80.693,0.0304
80.693,0.0105
80.694,0.0096
80.699,0.0103
80.740,0.1489
80.740,0.1290
80.740,0.1091
80.740,0.0892
80.741,0.0694
80.741,0.0496
80.741,0.0298
80.741,0.0101
80.744,0.0097
80.749,0.0101
80.796,0.1472
80.796,0.1275
80.796,0.1077
80.796,0.0881
80.796,0.0684
80.796,0.0488
80.796,0.0292
80.796,0.0096
80.796,0.0101
80.799,0.0097
80.804,0.0100
80.849,0.1638
80.849,0.1444
80.849,0.1250
80.849,0.1055
80.849,0.0862
80.849,0.0669
80.849,0.0476
80.849,0.0283
80.849,0.0091
80.854,0.0102
80.900,0.1606
80.901,0.1415
80.901,0.1224
80.901,0.1033
80.901,0.0843
80.901,0.0653
80.901,0.0463
80.901,0.0274
80.901,0.0084
80.904,0.0104
80.909,0.0083
80.953,0.1377
80.953,0.1191
80.953,0.1004
80.953,0.0818
80.953,0.0633
80.953,0.0446
80.953,0.0263
80.953,0.0078
80.954,0.0106
80.959,0.0077
81.000,0.1336
81.001,0.1154
81.001,0.0973
81.001,0.0791
81.001,0.0610
81.001,0.0429
81.001,0.0250
81.001,0.0072
81.005,0.0109
81.009,0.0070
81.053,0.1290
81.053,0.1113
81.053,0.0937
81.053,0.0761
81.053,0.0586
81.053,0.0411
81.053,0.0238
81.053,0.0065
81.054,0.0110
81.059,0.0064
81.100,0.1240
81.101,0.1068
81.101,0.0898
81.101,0.0729
81.101,0.0560
81.101,0.0392
81.101,0.0224
81.101,0.0060
81.104,0.0113
81.109,0.0059
81.152,0.1186
81.152,0.1022
81.152,0.0857
81.152,0.0695
81.152,0.0533
81.152,0.0372
81.152,0.0212
81.152,0.0057
81.154,0.0113
81.159,0.0056
81.200,0.1131
81.200,0.0974
81.200,0.0817
81.200,0.0662
81.200,0.0507
81.200,0.0353
81.200,0.0199
81.200,0.0054
81.204,0.0114
81.209,0.0054
81.252,0.1077
81.252,0.0927
81.252,0.0777
81.252,0.0628
81.252,0.0480
81.252,0.0333
81.252,0.0188
81.252,0.0054
81.254,0.0114
81.259,0.0054
81.300,0.1025
81.300,0.0882
81.301,0.0739
81.301,0.0598
81.301,0.0457
81.301,0.0317
81.301,0.0180
81.301,0.0056
81.304,0.0114
81.309,0.0057
81.356,0.0979
81.356,0.0842
81.356,0.0707
81.356,0.0571
81.356,0.0437
81.356,0.0304
81.356,0.0173
81.356,0.0059
81.356,0.0111
81.359,0.0059
81.364,0.0111
81.413,0.1064
81.413,0.0933
81.413,0.0804
81.413,0.0675
81.413,0.0546
81.413,0.0418
81.413,0.0293
81.413,0.0169
81.413,0.0062
81.415,0.0107
81.419,0.0063
81.460,0.0904
81.461,0.0779
81.461,0.0655
81.461,0.0531
81.461,0.0408
81.461,0.0286
81.461,0.0167
81.461,0.0065
81.464,0.0103
81.469,0.0065
81.512,0.0881
81.512,0.0760
81.512,0.0640
81.512,0.0520
81.512,0.0400
81.512,0.0282
81.512,0.0167
81.512,0.0067
81.514,0.0099
81.519,0.0068
81.560,0.0866
81.560,0.0747
81.560,0.0629
81.560,0.0512
81.560,0.0396
81.560,0.0279
81.560,0.0166
81.560,0.0068
81.564,0.0094
81.569,0.0067
81.612,0.0856
81.612,0.0739
81.612,0.0623
81.613,0.0508
81.613,0.0393
81.613,0.0279
81.613,0.0167
81.613,0.0067
81.614,0.0089
81.619,0.0067
81.660,0.0849
81.660,0.0734
81.660,0.0620
81.660,0.0506
81.660,0.0392
81.660,0.0279
81.660,0.0167
81.660,0.0066
81.665,0.0084
81.669,0.0067
81.712,0.0847
81.713,0.0733
81.713,0.0619
81.713,0.0506
81.713,0.0392
81.713,0.0279
81.713,0.0168
81.713,0.0065
81.714,0.0078
81.719,0.0065
81.760,0.0847
81.760,0.0734
81.760,0.0621
81.760,0.0507
81.760,0.0394
81.760,0.0282
81.760,0.0170
81.760,0.0064
81.764,0.0072
81.769,0.0064
81.816,0.0851
81.816,0.0737
81.816,0.0623
81.816,0.0510
81.816,0.0397
81.816,0.0284
81.816,0.0171
81.816,0.0063
81.816,0.0067
81.819,0.0062
81.824,0.0066
81.869,0.0972
81.869,0.0858
81.869,0.0744
81.869,0.0630
81.869,0.0516
81.869,0.0402
81.869,0.0287
81.869,0.0173
81.870,0.0061
81.875,0.0062
81.916,0.0750
81.916,0.0635
81.916,0.0520
81.916,0.0405
81.916,0.0291
81.916,0.0177
81.916,0.0063
81.916,0.0057
81.919,0.0063
81.924,0.0058
81.969,0.0994
81.969,0.0878
81.969,0.0762
81.969,0.0646
81.969,0.0530
81.969,0.0414
81.969,0.0298
81.969,0.0181
81.969,0.0064
81.974,0.0054
82.016,0.0773
82.016,0.0656
82.016,0.0539
82.016,0.0420
82.016,0.0303
82.016,0.0186
82.016,0.0068
82.016,0.0051
82.019,0.0069
82.024,0.0050
82.068,0.1030
82.069,0.0911
82.069,0.0793
82.069,0.0673
82.069,0.0553
82.069,0.0433
82.069,0.0313
82.069,0.0193
82.069,0.0073
82.074,0.0048
82.116,0.0808
82.117,0.0686
82.117,0.0565
82.117,0.0443
82.117,0.0321
82.117,0.0200
82.117,0.0077
82.117,0.0048
82.119,0.0078
82.125,0.0047
82.168,0.1082
82.168,0.0958
82.168,0.0833
82.168,0.0709
82.168,0.0585
82.168,0.0460
82.168,0.0335
82.168,0.0209
82.170,0.0084
82.174,0.0045
82.216,0.0853
82.216,0.0726
82.216,0.0599
82.216,0.0471
82.216,0.0343
82.216,0.0216
82.216,0.0087
82.216,0.0045
82.219,0.0090
82.224,0.0044
82.269,0.1145
82.269,0.1014
82.269,0.0884
82.269,0.0752
82.269,0.0622
82.269,0.0491
82.269,0.0358
82.269,0.0226
82.269,0.0095
82.274,0.0045
82.321,0.1179
82.321,0.1046
82.321,0.0912
82.321,0.0777
82.321,0.0642
82.321,0.0507
82.321,0.0372
82.321,0.0235
82.321,0.0100
82.324,0.0045
82.329,0.0101
82.372,0.1076
82.373,0.0938
82.373,0.0800
82.373,0.0660
82.373,0.0522
82.373,0.0384
82.373,0.0244
82.373,0.0105
82.374,0.0045
82.379,0.0106
82.425,0.1105
82.425,0.0963
82.425,0.0822
82.425,0.0680
82.425,0.0537
82.425,0.0395
82.425,0.0251
82.425,0.0107
82.425,0.0046
82.429,0.0109
82.472,0.1134
82.472,0.0987
82.472,0.0842
82.472,0.0697
82.472,0.0551
82.473,0.0404
82.473,0.0258
82.473,0.0112
82.474,0.0046
82.479,0.0112
82.520,0.1160
82.521,0.1011
82.521,0.0861
82.521,0.0712
82.521,0.0561
82.521,0.0412
82.521,0.0264
82.521,0.0112
82.524,0.0048
82.529,0.0113
82.572,0.1180
82.573,0.1029
82.573,0.0876
82.573,0.0724
82.573,0.0572
82.573,0.0419
82.573,0.0267
82.573,0.0115
82.574,0.0050
82.579,0.0115
82.620,0.1198
82.620,0.1044
82.620,0.0889
82.620,0.0734
82.620,0.0578
82.620,0.0423
82.620,0.0269
82.620,0.0114
82.625,0.0053
82.629,0.0115
82.676,0.1213
82.676,0.1058
82.676,0.0900
82.676,0.0744
82.676,0.0586
82.676,0.0427
82.676,0.0270
82.676,0.0116
82.677,0.0053
82.679,0.0116
82.684,0.0054
82.728,0.1385
82.728,0.1226
82.729,0.1067
82.729,0.0908
82.729,0.0750
82.729,0.0591
82.729,0.0432
82.729,0.0272
82.729,0.0115
82.734,0.0057
82.776,0.1071
82.777,0.0912
82.777,0.0753
82.777,0.0593
82.777,0.0433
82.777,0.0271
82.777,0.0114
82.777,0.0058
82.779,0.0116
82.784,0.0060
82.828,0.1400
82.828,0.1240
82.828,0.1079
82.828,0.0918
82.828,0.0757
82.828,0.0595
82.828,0.0434
82.828,0.0274
82.829,0.0115
82.834,0.0061
82.876,0.1081
82.877,0.0919
82.877,0.0758
82.877,0.0596
82.877,0.0434
82.877,0.0273
82.877,0.0115
82.877,0.0063
82.879,0.0115
82.884,0.0063
82.928,0.1407
82.928,0.1244
82.928,0.1082
82.928,0.0921
82.928,0.0759
82.928,0.0597
82.928,0.0435
82.928,0.0274
82.929,0.0116
82.934,0.0066
82.976,0.1084
82.976,0.0921
82.977,0.0759
82.977,0.0597
82.977,0.0435
82.977,0.0274
82.977,0.0116
82.977,0.0068
82.980,0.0116
82.984,0.0068
83.028,0.1412
83.029,0.1250
83.029,0.1087
83.029,0.0924
83.029,0.0762
83.029,0.0599
83.029,0.0437
83.029,0.0274
83.030,0.0117
83.034,0.0070
83.076,0.1090
83.077,0.0927
83.077,0.0764
83.077,0.0601
83.077,0.0438
83.077,0.0276
83.077,0.0119
83.077,0.0071
83.079,0.0118
83.084,0.0071
83.132,0.1424
83.132,0.1260
83.132,0.1096
83.132,0.0933
83.132,0.0770
83.132,0.0606
83.132,0.0442
83.132,0.0278
83.132,0.0122
83.134,0.0072
83.139,0.0122
83.181,0.1268
83.181,0.1105
83.181,0.0939
83.181,0.0775
83.181,0.0611
83.181,0.0447
83.181,0.0283
83.181,0.0124
83.185,0.0074
83.189,0.0125
83.237,0.1278
83.237,0.1113
83.237,0.0948
83.237,0.0781
83.237,0.0616
83.237,0.0451
83.237,0.0286
83.237,0.0127
83.237,0.0075
83.239,0.0127
83.244,0.0075
83.288,0.1462
83.288,0.1295
83.288,0.1128
83.288,0.0960
83.288,0.0793
83.288,0.0626
83.288,0.0458
83.288,0.0293
83.290,0.0131
83.294,0.0075
83.336,0.1138
83.337,0.0970
83.337,0.0801
83.337,0.0632
83.337,0.0463
83.337,0.0296
83.337,0.0133
83.337,0.0074
83.339,0.0134
83.344,0.0074
83.389,0.1498
83.389,0.1328
83.389,0.1158
83.389,0.0986
83.389,0.0814
83.389,0.0643
83.389,0.0472
83.389,0.0300
83.390,0.0134
83.394,0.0072
83.437,0.1169
83.437,0.0996
83.437,0.0823
83.437,0.0649
83.437,0.0476
83.437,0.0304
83.437,0.0135
83.437,0.0072
83.439,0.0135
83.444,0.0072
83.488,0.1536
83.488,0.1361
83.488,0.1186
83.488,0.1010
83.488,0.0834
83.489,0.0656
83.489,0.0483
83.489,0.0307
83.489,0.0136
83.494,0.0069
83.541,0.1552
83.541,0.1375
83.541,0.1197
83.541,0.1019
83.541,0.0841
83.541,0.0663
83.541,0.0485
83.541,0.0307
83.541,0.0133
83.545,0.0069
83.549,0.0133
83.593,0.1387
83.593,0.1205
83.593,0.1026
83.593,0.0847
83.593,0.0668
83.593,0.0488
83.593,0.0309
83.593,0.0132
83.595,0.0067
83.599,0.0132
83.645,0.1394
83.645,0.1211
83.645,0.1032
83.645,0.0852
83.645,0.0670
83.645,0.0489
83.645,0.0309
83.645,0.0129
83.645,0.0066
83.649,0.0130
83.696,0.1401
83.697,0.1219
83.697,0.1037
83.697,0.0854
83.697,0.0673
83.697,0.0491
83.697,0.0309
83.697,0.0128
83.697,0.0065
83.700,0.0126
83.704,0.0065
83.752,0.1587
83.753,0.1404
83.753,0.1222
83.753,0.1039
83.753,0.0855
83.753,0.0673
83.753,0.0490
83.753,0.0307
83.753,0.0125
83.755,0.0064
83.759,0.0125
83.804,0.1406
83.804,0.1222
83.804,0.1040
83.804,0.0856
83.805,0.0673
83.805,0.0489
83.805,0.0306
83.805,0.0123
83.805,0.0064
83.809,0.0123
83.856,0.1406
83.857,0.1223
83.857,0.1039
83.857,0.0856
83.857,0.0673
83.857,0.0489
83.857,0.0305
83.857,0.0123
83.857,0.0063
83.859,0.0122
83.864,0.0064
83.908,0.1589
83.908,0.1405
83.908,0.1222
83.908,0.1039
83.909,0.0855
83.909,0.0672
83.909,0.0489
83.909,0.0305
83.910,0.0122
83.914,0.0064
83.956,0.1222
83.957,0.1039
83.957,0.0856
83.957,0.0673
83.957,0.0489
83.957,0.0305
83.957,0.0122
83.957,0.0064
83.959,0.0123
83.964,0.0064
84.009,0.1590
84.009,0.1406
84.009,0.1223
84.009,0.1040
84.009,0.0857
84.009,0.0674
84.009,0.0489
84.009,0.0307
84.009,0.0125
84.014,0.0064
84.056,0.1225
84.057,0.1042
84.057,0.0858
84.057,0.0674
84.057,0.0491
84.057,0.0308
84.057,0.0126
84.057,0.0065
84.059,0.0128
84.064,0.0064
84.113,0.1595
84.113,0.1411
84.113,0.1228
84.113,0.1043
84.113,0.0861
84.113,0.0678
84.113,0.0494
84.113,0.0311
84.113,0.0130
84.114,0.0066
84.119,0.0130
84.160,0.1416
84.161,0.1233
84.161,0.1048
84.161,0.0865
84.161,0.0681
84.161,0.0497
84.161,0.0314
84.161,0.0132
84.164,0.0067
84.169,0.0132
84.213,0.1422
84.213,0.1238
84.213,0.1053
84.213,0.0869
84.213,0.0684
84.213,0.0499
84.213,0.0317
84.213,0.0136
84.214,0.0068
84.219,0.0135
84.260,0.1429
84.261,0.1244
84.261,0.1059
84.261,0.0874
84.261,0.0689
84.261,0.0504
84.261,0.0320
84.261,0.0137
84.264,0.0068
84.269,0.0137
84.312,0.1437
84.313,0.1251
84.313,0.1066
84.313,0.0880
84.313,0.0694
84.313,0.0509
84.313,0.0324
84.313,0.0139
84.314,0.0068
84.319,0.0141
84.360,0.1446
84.360,0.1260
84.360,0.1072
84.360,0.0884
84.360,0.0698
84.360,0.0512
84.360,0.0326
84.360,0.0143
84.364,0.0068
84.369,0.0143
84.412,0.1456
84.412,0.1268
84.412,0.1080
84.413,0.0892
84.413,0.0704
84.413,0.0516
84.413,0.0329
84.413,0.0145
84.414,0.0068
84.419,0.0145
84.461,0.1467
84.461,0.1276
84.461,0.1088
84.461,0.0897
84.461,0.0707
84.461,0.0520
84.461,0.0331
84.461,0.0144
84.465,0.0070
84.469,0.0145
84.512,0.1476
84.512,0.1287
84.512,0.1095
84.512,0.0904
84.512,0.0714
84.512,0.0521
84.512,0.0332
84.512,0.0147
84.515,0.0069
84.519,0.0146
84.560,0.1487
84.561,0.1294
84.561,0.1103
84.561,0.0911
84.561,0.0718
84.561,0.0526
84.561,0.0335
84.561,0.0146
84.565,0.0070
84.569,0.0147
84.612,0.1495
84.612,0.1302
84.612,0.1109
84.612,0.0915
84.612,0.0722
84.612,0.0528
84.612,0.0337
84.612,0.0146
84.614,0.0071
84.619,0.0147
84.664,0.1506
84.665,0.1311
84.665,0.1116
84.665,0.0922
84.665,0.0728
84.665,0.0532
84.665,0.0338
84.665,0.0144
84.665,0.0070
84.669,0.0146
84.713,0.1514
84.713,0.1318
84.713,0.1122
84.713,0.0926
84.713,0.0730
84.713,0.0535
84.713,0.0340
84.713,0.0146
84.714,0.0070
84.719,0.0146
84.760,0.1522
84.760,0.1324
84.760,0.1128
84.760,0.0931
84.760,0.0732
84.760,0.0536
84.760,0.0340
84.761,0.0146
84.764,0.0070
84.769,0.0146
84.816,0.1527
84.817,0.1329
84.817,0.1129
84.817,0.0932
84.817,0.0734
84.817,0.0537
84.817,0.0340
84.817,0.0145
84.817,0.0071
84.819,0.0143
84.824,0.0073
84.868,0.1731
84.869,0.1532
84.869,0.1332
84.869,0.1134
84.869,0.0935
84.869,0.0735
84.869,0.0538
84.869,0.0338
84.870,0.0142
84.874,0.0073
84.916,0.1334
84.917,0.1135
84.917,0.0935
84.917,0.0736
84.917,0.0537
84.917,0.0338
84.917,0.0140
84.917,0.0073
84.919,0.0140
84.924,0.0073
84.968,0.1736
84.969,0.1534
84.969,0.1336
84.969,0.1136
84.969,0.0933
84.969,0.0736
84.969,0.0535
84.969,0.0336
84.969,0.0138
84.974,0.0073
85.020,0.1735
85.020,0.1533
85.020,0.1333
85.020,0.1136
85.020,0.0933
85.020,0.0733
85.020,0.0532
85.020,0.0332
85.020,0.0135
85.024,0.0075
85.029,0.0137
85.072,0.1531
85.072,0.1331
85.072,0.1131
85.072,0.0930
85.072,0.0731
85.072,0.0531
85.072,0.0331
85.072,0.0133
85.074,0.0075
85.079,0.0131
85.120,0.1528
85.120,0.1327
85.120,0.1128
85.120,0.0927
85.120,0.0728
85.120,0.0528
85.120,0.0329
85.120,0.0130
85.124,0.0076
85.129,0.0129
85.172,0.1522
85.173,0.1323
85.173,0.1122
85.173,0.0922
85.173,0.0723
85.173,0.0524
85.173,0.0324
85.173,0.0126
85.174,0.0079
85.179,0.0124
85.220,0.1515
85.220,0.1317
85.220,0.1118
85.220,0.0919
85.220,0.0719
85.220,0.0520
85.220,0.0321
85.220,0.0123
85.224,0.0080
85.229,0.0124
85.273,0.1508
85.273,0.1310
85.273,0.1111
85.273,0.0913
85.273,0.0714
85.273,0.0516
85.273,0.0317
85.273,0.0119
85.274,0.0081
85.279,0.0119
85.320,0.1499
85.320,0.1300
85.320,0.1103
85.320,0.0904
85.320,0.0706
85.320,0.0510
85.321,0.0314
85.321,0.0117
85.324,0.0085
85.329,0.0116
85.372,0.1487
85.372,0.1291
85.372,0.1094
85.373,0.0897
85.373,0.0699
85.373,0.0504
85.373,0.0306
85.373,0.0113
85.374,0.0086
85.379,0.0111
85.421,0.1470
85.421,0.1275
85.421,0.1080
85.421,0.0885
85.421,0.0690
85.421,0.0495
85.421,0.0301
85.421,0.0108
85.424,0.0089
85.429,0.0106
85.476,0.1447
85.476,0.1256
85.476,0.1063
85.476,0.0871
85.476,0.0677
85.477,0.0485
85.477,0.0293
85.477,0.0101
85.477,0.0091
85.480,0.0100
85.484,0.0092
85.528,0.1607
85.528,0.1417
85.529,0.1226
85.529,0.1037
85.529,0.0848
85.529,0.0659
85.529,0.0471
85.529,0.0283
85.529,0.0095
85.534,0.0094
85.576,0.1203
85.577,0.1017
85.577,0.0830
85.577,0.0644
85.577,0.0458
85.577,0.0274
85.577,0.0089
85.577,0.0096
85.579,0.0088
85.584,0.0096
85.628,0.1528
85.628,0.1346
85.628,0.1165
85.628,0.0983
85.628,0.0801
85.628,0.0620
85.628,0.0439
85.628,0.0259
85.629,0.0080
85.634,0.0100
85.676,0.1136
85.676,0.0957
85.676,0.0779
85.676,0.0603
85.676,0.0427
85.677,0.0251
85.677,0.0075
85.677,0.0101
85.679,0.0074
85.684,0.0102
85.729,0.1430
85.729,0.1258
85.729,0.1085
85.729,0.0915
85.729,0.0744
85.729,0.0574
85.729,0.0404
85.729,0.0235
85.729,0.0068
85.734,0.0105
85.776,0.1051
85.776,0.0885
85.776,0.0719
85.776,0.0553
85.777,0.0388
85.777,0.0225
85.777,0.0063
85.777,0.0105
85.779,0.0062
85.785,0.0106
85.828,0.1315
85.828,0.1156
85.828,0.0995
85.828,0.0836
85.828,0.0678
85.828,0.0521
85.828,0.0364
85.828,0.0209
85.829,0.0057
85.834,0.0107
85.880,0.1254
85.880,0.1101
85.880,0.0948
85.880,0.0795
85.880,0.0644
85.880,0.0494
85.880,0.0345
85.880,0.0196
85.880,0.0056
85.884,0.0108
85.889,0.0056
85.933,0.1045
85.933,0.0899
85.933,0.0755
85.933,0.0610
85.933,0.0467
85.933,0.0324
85.933,0.0185
85.933,0.0056
85.934,0.0109
85.939,0.0057
85.984,0.0990
85.985,0.0851
85.985,0.0714
85.985,0.0576
85.985,0.0440
85.985,0.0307
85.985,0.0175
85.985,0.0058
85.985,0.0109
85.989,0.0059
86.032,0.0938
86.032,0.0806
86.032,0.0677
86.032,0.0548
86.032,0.0419
86.032,0.0292
86.033,0.0169
86.033,0.0063
86.034,0.0109
86.039,0.0063
86.081,0.0892
86.081,0.0768
86.081,0.0644
86.081,0.0522
86.081,0.0401
86.081,0.0281
86.081,0.0164
86.081,0.0068
86.085,0.0108
86.089,0.0069
86.137,0.0109
